date,nav_eur,pre_exposure,post_exposure,target,event_target,trade,debt_usd
2006-01-03 00:00:00+00:00,99650.00000000001,0.0,1.7561465127947817,1.75,1.75,True,90269.30000000002
2006-01-04 00:00:00+00:00,100527.93483228644,1.7427822879452701,1.7427822879452701,1.75,,False,90283.94368644446
2006-01-05 00:00:00+00:00,101187.89411962249,1.7374451126249393,1.7374451126249393,1.75,,False,90298.28880194131
2006-01-06 00:00:00+00:00,103959.59501357876,1.7151207806820499,1.7151207806820499,1.75,,False,90312.68636243361
2006-01-09 00:00:00+00:00,105386.69945324268,1.7104616299687307,1.7104616299687307,1.75,,False,90327.03604482231
2006-01-10 00:00:00+00:00,105509.70025359794,1.709805570907098,1.709805570907098,1.75,,False,90341.46327974614
2006-01-11 00:00:00+00:00,106251.91662827633,1.7007769482516313,1.7007769482516313,1.75,,False,90355.86772416907
2006-01-12 00:00:00+00:00,106237.25789189879,1.70680994930049,1.70680994930049,1.75,,False,90370.27446530065
2006-01-13 00:00:00+00:00,105544.51562111008,1.7075654520638073,1.7075654520638073,1.75,,False,90384.78391492313
2006-01-17 00:00:00+00:00,104617.70864249986,1.7157228517598997,1.7157228517598997,1.75,,False,90399.3459078872
2006-01-18 00:00:00+00:00,102460.95000402366,1.7303017471180362,1.7303017471180362,1.75,,False,90413.96046880897
2006-01-19 00:00:00+00:00,103519.75221782598,1.7213356005637486,1.7213356005637486,1.75,,False,90428.37647250594
2006-01-20 00:00:00+00:00,98258.59089587169,1.760645080402413,1.760645080402413,1.75,,False,90442.76965576115
2006-01-23 00:00:00+00:00,96887.4569481768,1.7605340401107388,1.7605340401107388,1.75,,False,90457.19025292293
2006-01-24 00:00:00+00:00,97532.414863535,1.7549492181903772,1.7549492181903772,1.75,,False,90471.66340336339
2006-01-25 00:00:00+00:00,97053.57759627947,1.7609633857869456,1.7609633857869456,1.75,,False,90486.18913154316
2006-01-26 00:00:00+00:00,98427.57462813759,1.7518743290181105,1.7518743290181105,1.75,,False,90500.91827232957
2006-01-27 00:00:00+00:00,101561.71057983731,1.7347388198007325,1.7347388198007325,1.75,,False,90515.67494983674
2006-01-30 00:00:00+00:00,102212.77267546537,1.7325340475198672,1.7325340475198672,1.75,,False,90530.55974971739
2006-01-31 00:00:00+00:00,100844.03212921719,1.7385076520500453,1.7385076520500453,1.75,,False,90545.59788158693
2006-02-01 00:00:00+00:00,101847.50049588198,1.734161609979994,1.3935310261438791,1.3912893859178974,1.3912893859178974,True,48464.919049099466
2006-02-02 00:00:00+00:00,99350.73301938895,1.4032209236897806,1.4032209236897806,1.3912893859178974,,False,48472.95614817511
2006-02-03 00:00:00+00:00,98269.5271749452,1.4104045601733735,1.4104045601733735,1.3912893859178974,,False,48481.00804477972
2006-02-06 00:00:00+00:00,98299.08904549516,1.4120635638920649,1.4120635638920649,1.3912893859178974,,False,48489.10167973387
2006-02-07 00:00:00+00:00,97655.6298007764,1.4147439851156576,1.4147439851156576,1.3912893859178974,,False,48497.1966658754
2006-02-08 00:00:00+00:00,99571.39583652833,1.4081611183593261,1.4081611183593261,1.3912893859178974,,False,48505.23911765583
2006-02-09 00:00:00+00:00,98004.24072367395,1.4137860202187795,1.4137860202187795,1.3912893859178974,,False,48513.29637682038
2006-02-10 00:00:00+00:00,99204.92150365046,1.410321174738799,1.410321174738799,1.3912893859178974,,False,48521.408878047834
2006-02-13 00:00:00+00:00,97715.6772729737,1.4171692161856384,1.4171692161856384,1.3912893859178974,,False,48529.50925769664
2006-02-14 00:00:00+00:00,99194.51134321772,1.4113632245636876,1.4113632245636876,1.3912893859178974,,False,48537.51662672416
2006-02-15 00:00:00+00:00,100170.36706653323,1.4078001838834016,1.4078001838834016,1.3912893859178974,,False,48545.53879961107
2006-02-16 00:00:00+00:00,101482.57397457148,1.4026620311807645,1.4026620311807645,1.3912893859178974,,False,48553.62972274434
2006-02-17 00:00:00+00:00,100142.6894390398,1.407294652628799,1.407294652628799,1.3912893859178974,,False,48561.69502012606
2006-02-21 00:00:00+00:00,98513.16029711724,1.413892003799754,1.413892003799754,1.3912893859178974,,False,48569.761657243296
2006-02-22 00:00:00+00:00,100308.48259310643,1.4067914072974146,1.4067914072974146,1.3912893859178974,,False,48577.910583921344
2006-02-23 00:00:00+00:00,99774.63743759235,1.4084184799588264,1.4084184799588264,1.3912893859178974,,False,48585.99340848795
2006-02-24 00:00:00+00:00,100489.06625592186,1.4069815698188188,1.4069815698188188,1.3912893859178974,,False,48594.05058572819
2006-02-27 00:00:00+00:00,102247.8877813127,1.4007893773854885,1.4007893773854885,1.3912893859178974,,False,48602.122597464375
2006-02-28 00:00:00+00:00,99566.83446217405,1.409406531293822,1.409406531293822,1.3912893859178974,,False,48610.24995240984
2006-03-01 00:00:00+00:00,101630.65050829906,1.4017867322916784,1.713269619598059,1.7122059559476013,1.7122059559476013,True,86255.91695325095
2006-03-02 00:00:00+00:00,100862.35026177316,1.712594759432465,1.712594759432465,1.7122059559476013,,False,86270.3408593637
2006-03-03 00:00:00+00:00,99648.4266728537,1.7198964381655102,1.7198964381655102,1.7122059559476013,,False,86284.71924950693
2006-03-06 00:00:00+00:00,98360.56018634904,1.731024229037361,1.731024229037361,1.7122059559476013,,False,86299.12400402609
2006-03-07 00:00:00+00:00,98287.63894506004,1.7387052495517232,1.7387052495517232,1.7122059559476013,,False,86313.53116333898
2006-03-08 00:00:00+00:00,98144.53852124313,1.7382911258382483,1.7382911258382483,1.7122059559476013,,False,86327.94072784708
2006-03-09 00:00:00+00:00,96622.78186940984,1.7496664683473084,1.7496664683473084,1.7122059559476013,,False,86342.35269795192
2006-03-10 00:00:00+00:00,97054.41424692314,1.7485923015990974,1.7485923015990974,1.7122059559476013,,False,86356.76707405511
2006-03-13 00:00:00+00:00,97086.95905616059,1.7449564883963242,1.7449564883963242,1.7122059559476013,,False,86371.1838565583
2006-03-14 00:00:00+00:00,99258.50269475061,1.723750180918676,1.723750180918676,1.7122059559476013,,False,86385.62703785877
2006-03-15 00:00:00+00:00,100526.84275399972,1.7135511981948341,1.7135511981948341,1.7122059559476013,,False,86400.04863837258
2006-03-16 00:00:00+00:00,98205.57969044351,1.7241654772327473,1.7241654772327473,1.7122059559476013,,False,86414.37664643844
2006-03-17 00:00:00+00:00,98238.18669137746,1.7204133395205115,1.7204133395205115,1.7122059559476013,,False,86320.7305441423
2006-03-20 00:00:00+00:00,98869.00778426162,1.717644420949631,1.717644420949631,1.7122059559476013,,False,86335.35711237339
2006-03-21 00:00:00+00:00,97773.88001633827,1.731152279050382,1.731152279050382,1.7122059559476013,,False,86349.86624877699
2006-03-22 00:00:00+00:00,98043.73792121696,1.7282974594165583,1.7282974594165583,1.7122059559476013,,False,86364.35383744762
2006-03-23 00:00:00+00:00,98441.69603010296,1.7321953754746424,1.7321953754746424,1.7122059559476013,,False,86378.93981720683
2006-03-24 00:00:00+00:00,98888.29753686818,1.7259839627935563,1.7259839627935563,1.7122059559476013,,False,86393.67222527566
2006-03-27 00:00:00+00:00,99073.71254270358,1.7258959777540894,1.7258959777540894,1.7122059559476013,,False,86408.52713724996
2006-03-28 00:00:00+00:00,97844.47026296819,1.7313090097553718,1.7313090097553718,1.7122059559476013,,False,86423.57662239303
2006-03-29 00:00:00+00:00,101447.05562597593,1.7082750610832989,1.7082750610832989,1.7122059559476013,,False,86438.46068281133
2006-03-30 00:00:00+00:00,101114.79978123237,1.7047491560698442,1.7047491560698442,1.7122059559476013,,False,86453.32329591207
2006-03-31 00:00:00+00:00,100552.47986554503,1.7084048201240267,1.7084048201240267,1.7122059559476013,,False,86468.35656824075
2006-04-03 00:00:00+00:00,100869.10461312335,1.7071825219930272,1.7071825219930272,1.75,1.75,False,86483.96891039891
2006-04-04 00:00:00+00:00,100687.10091157522,1.7008401885517026,1.7008401885517026,1.75,,False,86499.2717682311
2006-04-05 00:00:00+00:00,102180.99796996747,1.6899259448468558,1.6899259448468558,1.75,,False,86514.31303048859
2006-04-06 00:00:00+00:00,103125.62487267153,1.6868594201180716,1.6868594201180716,1.75,,False,86529.35690825444
2006-04-07 00:00:00+00:00,102340.5556796346,1.6983657603335536,1.6983657603335536,1.75,,False,86544.4034019835
2006-04-10 00:00:00+00:00,102233.66720687549,1.700258420923633,1.700258420923633,1.75,,False,86559.45251213062
2006-04-11 00:00:00+00:00,100539.97218402052,1.7101821404002706,1.7101821404002706,1.75,,False,86574.55232773551
2006-04-12 00:00:00+00:00,100718.14098748949,1.7101028932368518,1.7101028932368518,1.75,,False,86589.55858347232
2006-04-13 00:00:00+00:00,101403.97638218621,1.7054232208425664,1.7054232208425664,1.75,,False,86604.6636509141
2006-04-17 00:00:00+00:00,98285.12302300561,1.7184414233333956,1.7184414233333956,1.75,,False,86619.86758075503
2006-04-18 00:00:00+00:00,101458.25194176887,1.6956964299595434,1.6956964299595434,1.75,,False,86634.97793543301
2006-04-19 00:00:00+00:00,101628.04565937113,1.69065892889021,1.69065892889021,1.75,,False,86649.94653439852
2006-04-20 00:00:00+00:00,101167.37136919804,1.694993045052816,1.694993045052816,1.75,,False,86664.86958074612
2006-04-21 00:00:00+00:00,99025.341577213,1.7093437222405028,1.7093437222405028,1.75,,False,86679.86741789857
2006-04-24 00:00:00+00:00,98588.30666311231,1.7107110851854717,1.7107110851854717,1.75,,False,86694.891928251
2006-04-25 00:00:00+00:00,97905.75076211843,1.713541395901413,1.713541395901413,1.75,,False,86709.99128859518
2006-04-26 00:00:00+00:00,97445.3336083551,1.7140455660212273,1.7140455660212273,1.75,,False,86725.02102041853
2006-04-27 00:00:00+00:00,98547.02615956248,1.7027458775751965,1.7027458775751965,1.75,,False,86740.02926711178
2006-04-28 00:00:00+00:00,96146.98738587285,1.7147641667324995,1.7147641667324995,1.75,,False,86755.18467778096
2006-05-01 00:00:00+00:00,94647.0945890187,1.7271987396813753,1.7271987396813753,1.75,1.75,False,86770.51142707403
2006-05-02 00:00:00+00:00,94790.70951123838,1.7240997097469377,1.7240997097469377,1.75,,False,86785.79267825313
2006-05-03 00:00:00+00:00,94580.12970050453,1.726125836394882,1.726125836394882,1.75,,False,86800.95608480719
2006-05-04 00:00:00+00:00,95565.6910918319,1.7162133076279211,1.7162133076279211,1.75,,False,86816.17036349872
2006-05-05 00:00:00+00:00,96474.84886452151,1.7068579308509189,1.7068579308509189,1.75,,False,86831.43554012098
2006-05-08 00:00:00+00:00,96717.8399057434,1.705926748233295,1.705926748233295,1.75,,False,86846.70340087012
2006-05-09 00:00:00+00:00,95876.66079799121,1.7107377970045872,1.7107377970045872,1.75,,False,86862.0945666395
2006-05-10 00:00:00+00:00,94037.58506232582,1.7218193905370935,1.7218193905370935,1.75,,False,86877.24717646945
2006-05-11 00:00:00+00:00,90018.03916658105,1.7508987501824913,1.7508987501824913,1.75,,False,86892.6437552746
2006-05-12 00:00:00+00:00,87653.02102099106,1.7693232919679258,1.7693232919679258,1.75,,False,86908.30856799605
2006-05-15 00:00:00+00:00,87948.15662500121,1.7705873027821613,1.7705873027821613,1.75,,False,86924.02448712876
2006-05-16 00:00:00+00:00,86833.58910563149,1.7811675906376456,1.7811675906376456,1.75,,False,86939.74324822352
2006-05-17 00:00:00+00:00,85358.74409291265,1.8007429274549687,1.8007429274549687,1.75,,False,86955.39240200819
2006-05-18 00:00:00+00:00,83810.0872911079,1.811031758652679,1.811031758652679,1.75,,False,86970.99606408922
2006-05-19 00:00:00+00:00,85263.74851914111,1.8001625927979197,1.8001625927979197,1.75,,False,86986.6991606008
2006-05-22 00:00:00+00:00,83117.31230260726,1.814585432892428,1.814585432892428,1.75,,False,87002.40509239367
2006-05-23 00:00:00+00:00,81672.52526354817,1.8295324599354965,1.8295324599354965,1.75,,False,87018.1138599798
2006-05-24 00:00:00+00:00,83296.19948425828,1.8196985687913554,1.8196985687913554,1.75,,False,87033.68043368142
2006-05-25 00:00:00+00:00,85073.62347240388,1.8008307204087362,1.8008307204087362,1.75,,False,87049.15308798074
2006-05-26 00:00:00+00:00,85822.55837335464,1.7963542160725592,1.7963542160725592,1.75,,False,87064.89447649749
2006-05-30 00:00:00+00:00,81664.88532220134,1.8286572908464025,1.8286572908464025,1.75,,False,87080.59034219617
2006-05-31 00:00:00+00:00,82572.89209545871,1.8219290358764413,1.8219290358764413,1.75,,False,87096.36160466926
2006-06-01 00:00:00+00:00,86149.5189523154,1.7881648938198673,1.5752376117670452,1.5745646695527504,1.5745646695527504,True,63551.18319186126
2006-06-02 00:00:00+00:00,85214.29947332124,1.577691920443677,1.577691920443677,1.5745646695527504,,False,63562.69301726156
2006-06-05 00:00:00+00:00,82028.23060746625,1.5983380547939428,1.5983380547939428,1.5745646695527504,,False,63574.116645701055
2006-06-06 00:00:00+00:00,82716.16791343325,1.5992520174733327,1.5992520174733327,1.5745646695527504,,False,63585.61296512782
2006-06-07 00:00:00+00:00,81902.38750444463,1.606686802785147,1.606686802785147,1.5745646695527504,,False,63597.07603813181
2006-06-08 00:00:00+00:00,82663.39298960559,1.6083875963586878,1.6083875963586878,1.5745646695527504,,False,63608.54117767313
2006-06-09 00:00:00+00:00,81866.36578024173,1.615005436773271,1.615005436773271,1.5745646695527504,,False,63620.06139124197
2006-06-12 00:00:00+00:00,79566.58022171445,1.6353595562648318,1.6353595562648318,1.5745646695527504,,False,63631.54834677095
2006-06-13 00:00:00+00:00,79117.27491179519,1.6397440313230602,1.6397440313230602,1.5745646695527504,,False,63643.05505176366
2006-06-14 00:00:00+00:00,80068.61704763574,1.6294038042298797,1.6294038042298797,1.5745646695527504,,False,63654.54615892578
2006-06-15 00:00:00+00:00,83695.27641869527,1.6029554220952318,1.6029554220952318,1.5745646695527504,,False,63666.039340871146
2006-06-16 00:00:00+00:00,82631.91566170819,1.609667830663312,1.609667830663312,1.5745646695527504,,False,63592.17561169409
2006-06-19 00:00:00+00:00,81845.69761223525,1.6178861365810104,1.6178861365810104,1.5745646695527504,,False,63603.55154533129
2006-06-20 00:00:00+00:00,82069.47127848098,1.6167531316358352,1.6167531316358352,1.5745646695527504,,False,63614.947181649826
2006-06-21 00:00:00+00:00,83506.57624203608,1.6016040358401717,1.6016040358401717,1.5745646695527504,,False,63626.291847230554
2006-06-22 00:00:00+00:00,82342.97849587267,1.6142394159848266,1.6142394159848266,1.5745646695527504,,False,63637.62086197335
2006-06-23 00:00:00+00:00,82588.50467770877,1.6154585345410486,1.6154585345410486,1.5745646695527504,,False,63649.075633728506
2006-06-26 00:00:00+00:00,82717.68505464052,1.6130413526268135,1.6130413526268135,1.5745646695527504,,False,63660.53246734258
2006-06-27 00:00:00+00:00,79973.95088736595,1.6324253221891138,1.6324253221891138,1.5745646695527504,,False,63672.0797805929
2006-06-28 00:00:00+00:00,81306.9436507707,1.6249994885584222,1.6249994885584222,1.5745646695527504,,False,63683.61150170872
2006-06-29 00:00:00+00:00,85302.6365196238,1.5957371320683431,1.5957371320683431,1.5745646695527504,,False,63695.216070915696
2006-06-30 00:00:00+00:00,83006.99662206358,1.6005851874716495,1.6005851874716495,1.5745646695527504,,False,63706.858140964214
2006-07-03 00:00:00+00:00,83616.88374565636,1.5951087375117814,1.1329858877102614,1.1319363521578951,1.1319363521578951,True,14225.643950118007
2006-07-05 00:00:00+00:00,81979.37275071835,1.1363819347804245,1.1363819347804245,1.1319363521578951,,False,14228.311258358654
2006-07-06 00:00:00+00:00,81680.62614837853,1.1365737285168167,1.1365737285168167,1.1319363521578951,,False,14230.979066719596
2006-07-07 00:00:00+00:00,80246.53624676768,1.1383356176836321,1.1383356176836321,1.1319363521578951,,False,14233.643422244864
2006-07-10 00:00:00+00:00,79887.02631745167,1.1397579884966145,1.1397579884966145,1.1319363521578951,,False,14236.300369017017
2006-07-11 00:00:00+00:00,80548.3835921582,1.138603820758809,1.138603820758809,1.1319363521578951,,False,14238.965720808328
2006-07-12 00:00:00+00:00,79114.07176631212,1.1416763237455063,1.1416763237455063,1.1319363521578951,,False,14241.63552688098
2006-07-13 00:00:00+00:00,77797.63871760873,1.1444759904231165,1.1444759904231165,1.1319363521578951,,False,14244.313745562007
2006-07-14 00:00:00+00:00,77082.86462976992,1.1462122622715478,1.1462122622715478,1.1319363521578951,,False,14246.988511143118
2006-07-17 00:00:00+00:00,77993.02349027831,1.1458251565862667,1.1458251565862667,1.1319363521578951,,False,14249.663778985765
2006-07-18 00:00:00+00:00,78470.15757955315,1.1453020909378455,1.1453020909378455,1.1319363521578951,,False,14252.347465664141
2006-07-19 00:00:00+00:00,79256.05443600494,1.1432007771095662,1.1432007771095662,1.1319363521578951,,False,14255.007903857731
2006-07-20 00:00:00+00:00,77430.84105526774,1.1456873867772122,1.1456873867772122,1.1319363521578951,,False,14257.67279839087
2006-07-21 00:00:00+00:00,76223.01812277581,1.1474984889939204,1.1474984889939204,1.1319363521578951,,False,14260.342151575902
2006-07-24 00:00:00+00:00,78293.75244360845,1.1442383242824292,1.1442383242824292,1.1319363521578951,,False,14263.008043317015
2006-07-25 00:00:00+00:00,79146.73495555142,1.1433233322138208,1.1433233322138208,1.1319363521578951,,False,14265.678395378458
2006-07-26 00:00:00+00:00,78744.88325375806,1.1434884070901052,1.1434884070901052,1.1319363521578951,,False,14268.349247389147
2006-07-27 00:00:00+00:00,77513.77318180705,1.1446037398891271,1.1446037398891271,1.1319363521578951,,False,14271.020599442687
2006-07-28 00:00:00+00:00,79267.05460436745,1.1412543792662877,1.1412543792662877,1.1319363521578951,,False,14273.704344149859
2006-07-31 00:00:00+00:00,79141.23958296272,1.1413281246720899,1.1413281246720899,1.1319363521578951,,False,14276.38462863226
2006-08-01 00:00:00+00:00,77544.57956396289,1.1441073250764682,1.1441073250764682,1.287214653960073,1.287214653960073,False,14279.08524472451
2006-08-02 00:00:00+00:00,78416.86000188108,1.142308387000003,1.142308387000003,1.287214653960073,,False,14281.770506033032
2006-08-03 00:00:00+00:00,79090.67069620575,1.1413322731666182,1.1413322731666182,1.287214653960073,,False,14284.448338002912
2006-08-04 00:00:00+00:00,77973.47145466463,1.142105406331831,1.142105406331831,1.287214653960073,,False,14287.13460787092
2006-08-07 00:00:00+00:00,77555.3618171992,1.1431981574357606,1.1431981574357606,1.287214653960073,,False,14289.813445609896
2006-08-08 00:00:00+00:00,77165.71399277044,1.1442621110931805,1.1442621110931805,1.287214653960073,,False,14292.488816238325
2006-08-09 00:00:00+00:00,76990.8088354536,1.1440671598876575,1.1440671598876575,1.287214653960073,,False,14295.172628027152
2006-08-10 00:00:00+00:00,78363.54005196915,1.1429341359924055,1.1429341359924055,1.287214653960073,,False,14297.852972894907
2006-08-11 00:00:00+00:00,77777.2181598011,1.1441289316645737,1.1441289316645737,1.287214653960073,,False,14300.529848701499
2006-08-14 00:00:00+00:00,78495.13234016209,1.1430842249755881,1.1430842249755881,1.287214653960073,,False,14303.207225678729
2006-08-15 00:00:00+00:00,80427.69930339014,1.139093456901382,1.139093456901382,1.287214653960073,,False,14305.893050146662
2006-08-16 00:00:00+00:00,82100.46095290555,1.1354798318829797,1.1354798318829797,1.287214653960073,,False,14308.571431234384
2006-08-17 00:00:00+00:00,82398.17029792025,1.1349524019230295,1.1349524019230295,1.287214653960073,,False,14311.222491552338
2006-08-18 00:00:00+00:00,82927.58974315313,1.1347439828571362,1.1347439828571362,1.287214653960073,,False,14313.8859690716
2006-08-21 00:00:00+00:00,81367.30293062387,1.1362474155163604,1.1362474155163604,1.287214653960073,,False,14316.5698226908
2006-08-22 00:00:00+00:00,82088.51714000505,1.1362360996633472,1.1362360996633472,1.287214653960073,,False,14319.250202707604
2006-08-23 00:00:00+00:00,81446.18353517282,1.1374435913557073,1.1374435913557073,1.287214653960073,,False,14321.931084551112
2006-08-24 00:00:00+00:00,81928.99738362091,1.1370233836163324,1.1370233836163324,1.287214653960073,,False,14324.616446629465
2006-08-25 00:00:00+00:00,82052.35875920605,1.136768000007304,1.136768000007304,1.287214653960073,,False,14327.302312213207
2006-08-28 00:00:00+00:00,82646.09614206325,1.135630305903378,1.135630305903378,1.287214653960073,,False,14329.988681396748
2006-08-29 00:00:00+00:00,83039.62414685244,1.135182047826136,1.135182047826136,1.287214653960073,,False,14332.67555427451
2006-08-30 00:00:00+00:00,83104.62622789289,1.134501112633773,1.134501112633773,1.287214653960073,,False,14335.354968343407
2006-08-31 00:00:00+00:00,83213.23230008548,1.1346868146983162,1.1346868146983162,1.287214653960073,,False,14338.042847399971
2006-09-01 00:00:00+00:00,83363.18212543773,1.1338948790560193,1.7176187299907086,1.7156203648106185,1.7156203648106185,True,76770.83136951616
2006-09-05 00:00:00+00:00,84896.40238128498,1.7060561655880138,1.7060561655880138,1.7156203648106185,,False,76785.22590039794
2006-09-06 00:00:00+00:00,82132.91360162315,1.7312625203516556,1.7312625203516556,1.7156203648106185,,False,76799.64445948368
2006-09-07 00:00:00+00:00,81651.41806481934,1.7374419894745792,1.7374419894745792,1.7156203648106185,,False,76813.95905988154
2006-09-08 00:00:00+00:00,83034.63435819114,1.730100454000824,1.730100454000824,1.7156203648106185,,False,76828.31900278357
2006-09-11 00:00:00+00:00,83741.93147590429,1.722586786478443,1.722586786478443,1.7156203648106185,,False,76842.68163019714
2006-09-12 00:00:00+00:00,86437.30863938938,1.7005163856604457,1.7005163856604457,1.7156203648106185,,False,76857.06828781347
2006-09-13 00:00:00+00:00,87323.00082785958,1.6927218660937677,1.6927218660937677,1.7156203648106185,,False,76871.39359137489
2006-09-14 00:00:00+00:00,87267.36461405581,1.6917694620413468,1.6917694620413468,1.7156203648106185,,False,76885.82833083815
2006-09-15 00:00:00+00:00,88373.34818164753,1.6872683987020427,1.6872683987020427,1.7156203648106185,,False,76819.15776641625
2006-09-18 00:00:00+00:00,88238.66974575628,1.68719678777511,1.68719678777511,1.7156203648106185,,False,76833.56135849745
2006-09-19 00:00:00+00:00,87142.89673403495,1.6953094956901948,1.6953094956901948,1.7156203648106185,,False,76847.9249659403
2006-09-20 00:00:00+00:00,89155.28776282679,1.6787784772841439,1.6787784772841439,1.7156203648106185,,False,76862.24856528812
2006-09-21 00:00:00+00:00,88017.50475060607,1.6861148366696135,1.6861148366696135,1.7156203648106185,,False,76876.61753564491
2006-09-22 00:00:00+00:00,86413.16878465173,1.695378735930555,1.695378735930555,1.7156203648106185,,False,76891.01054681686
2006-09-25 00:00:00+00:00,89316.05420690104,1.6754912349655613,1.6754912349655613,1.7156203648106185,,False,76905.47032852247
2006-09-26 00:00:00+00:00,90468.22264658543,1.6701688847378284,1.6701688847378284,1.7156203648106185,,False,76919.9969173623
2006-09-27 00:00:00+00:00,90186.25046510666,1.671754874075191,1.671754874075191,1.7156203648106185,,False,76934.4194167843
2006-09-28 00:00:00+00:00,90596.36197930312,1.6689456415376391,1.6689456415376391,1.7156203648106185,,False,76948.95147378524
2006-09-29 00:00:00+00:00,89989.25105975253,1.6741164321639022,1.6741164321639022,1.7156203648106185,,False,76963.44352631281
2006-10-02 00:00:00+00:00,87693.6233856739,1.6888001312805592,1.6888001312805592,1.7181200520364743,1.7181200520364743,False,76978.0665805828
2006-10-03 00:00:00+00:00,88427.34649104517,1.6841270292216106,1.6841270292216106,1.7181200520364743,,False,76992.67103043685
2006-10-04 00:00:00+00:00,92363.78375417972,1.657158535850376,1.657158535850376,1.7181200520364743,,False,77007.10715625505
2006-10-05 00:00:00+00:00,93093.65709867439,1.6521281672434607,1.6521281672434607,1.7181200520364743,,False,77021.50320712065
2006-10-06 00:00:00+00:00,93389.16750191909,1.6546755513199,1.6546755513199,1.7181200520364743,,False,77035.90194924799
2006-10-09 00:00:00+00:00,93900.18737348597,1.6512342430650668,1.6512342430650668,1.7181200520364743,,False,77050.28198427851
2006-10-10 00:00:00+00:00,94592.92393580337,1.6496276109400343,1.6496276109400343,1.7181200520364743,,False,77064.66470358224
2006-10-11 00:00:00+00:00,94236.33400758874,1.6518967213971365,1.6518967213971365,1.7181200520364743,,False,77079.17854876808
2006-10-12 00:00:00+00:00,96775.25594310035,1.6354195106449645,1.6354195106449645,1.7181200520364743,,False,77093.63089474598
2006-10-13 00:00:00+00:00,97899.63314655234,1.629998280095928,1.629998280095928,1.7181200520364743,,False,77108.08595053873
2006-10-16 00:00:00+00:00,97913.2689960344,1.6292226758006998,1.6292226758006998,1.7181200520364743,,False,77122.45804100341
2006-10-17 00:00:00+00:00,95784.30447069702,1.640973935278529,1.640973935278529,1.7181200520364743,,False,77136.98277060113
2006-10-18 00:00:00+00:00,95388.81135941744,1.6462202990148558,1.6462202990148558,1.7181200520364743,,False,77151.36024711198
2006-10-19 00:00:00+00:00,95159.92967204173,1.6438830127301753,1.6438830127301753,1.7181200520364743,,False,77165.78326529151
2006-10-20 00:00:00+00:00,95377.9397151752,1.6415632768683954,1.6415632768683954,1.7181200520364743,,False,77180.18754483436
2006-10-23 00:00:00+00:00,97502.82882681716,1.6311520408112439,1.6311520408112439,1.7181200520364743,,False,77194.65882999903
2006-10-24 00:00:00+00:00,96243.16481911723,1.6384636339425136,1.6384636339425136,1.7181200520364743,,False,77209.11138556886
2006-10-25 00:00:00+00:00,97115.90871525707,1.6315376604452643,1.6315376604452643,1.7181200520364743,,False,77223.56664697827
2006-10-26 00:00:00+00:00,97953.9690082374,1.6223963329596571,1.6223963329596571,1.7181200520364743,,False,77238.06751671532
2006-10-27 00:00:00+00:00,95257.58253285255,1.637316604910476,1.637316604910476,1.7181200520364743,,False,77252.5067443372
2006-10-30 00:00:00+00:00,96304.43559465912,1.6309033019078512,1.6309033019078512,1.7181200520364743,,False,77266.94867129246
2006-10-31 00:00:00+00:00,96238.95906715069,1.6286828259066448,1.6286828259066448,1.7181200520364743,,False,77281.47915025092
2006-11-01 00:00:00+00:00,94107.18399305304,1.6431464682545938,1.6431464682545938,1.75,1.75,False,77296.09823005684
2006-11-02 00:00:00+00:00,94176.77266139866,1.6423387112505914,1.6423387112505914,1.75,,False,77310.54830619818
2006-11-03 00:00:00+00:00,94314.26270164012,1.6453090721804429,1.6453090721804429,1.75,,False,77324.97960854867
2006-11-06 00:00:00+00:00,96484.4220720538,1.6304166464574954,1.6304166464574954,1.75,,False,77339.47804222528
2006-11-07 00:00:00+00:00,96852.27418806858,1.6236762675458734,1.6236762675458734,1.75,,False,77353.95771116986
2006-11-08 00:00:00+00:00,97812.09498743576,1.6191703192464797,1.6191703192464797,1.75,,False,77368.39711660928
2006-11-09 00:00:00+00:00,96610.93947721549,1.6240544462796573,1.6240544462796573,1.75,,False,77382.83921740438
2006-11-10 00:00:00+00:00,97135.55940732996,1.619545001821076,1.619545001821076,1.75,,False,77397.30550929141
2006-11-13 00:00:00+00:00,99126.01681765806,1.6096354848002146,1.6096354848002146,1.75,,False,77411.77450557135
2006-11-14 00:00:00+00:00,100787.3446055682,1.5996057010776217,1.5996057010776217,1.75,,False,77426.33221983253
2006-11-15 00:00:00+00:00,101468.28107780167,1.5958795581814007,1.5958795581814007,1.75,,False,77440.84965712375
2006-11-16 00:00:00+00:00,102154.37646753275,1.591989110591135,1.591989110591135,1.75,,False,77455.45586182296
2006-11-17 00:00:00+00:00,102023.55336632757,1.592165837748298,1.592165837748298,1.75,,False,77469.97875979706
2006-11-20 00:00:00+00:00,102446.18065914122,1.5904312761488775,1.5904312761488775,1.75,,False,77484.39678362179
2006-11-21 00:00:00+00:00,102543.0056065067,1.5893402824104825,1.5893402824104825,1.75,,False,77498.92510801872
2006-11-22 00:00:00+00:00,102725.14184546663,1.5836728483127713,1.5836728483127713,1.75,,False,77513.54226639327
2006-11-24 00:00:00+00:00,101224.95548789938,1.5855049716266876,1.5855049716266876,1.75,,False,77528.09758710774
2006-11-27 00:00:00+00:00,97293.37365022488,1.6074678965964249,1.6074678965964249,1.75,,False,77542.61256982265
2006-11-28 00:00:00+00:00,97436.15714812308,1.6047566636371913,1.6047566636371913,1.75,,False,77557.30258698172
2006-11-29 00:00:00+00:00,98616.7048259316,1.5983563208707339,1.5983563208707339,1.75,,False,77571.82303752162
2006-11-30 00:00:00+00:00,97644.14616009346,1.599187926794616,1.599187926794616,1.75,,False,77586.38930206977
2006-12-01 00:00:00+00:00,95888.02430770904,1.6077563855661106,1.6077563855661106,1.75,1.75,False,77601.06606071275
2006-12-04 00:00:00+00:00,97914.7902823258,1.5947968440745086,1.5947968440745086,1.75,,False,77615.6593723025
2006-12-05 00:00:00+00:00,98468.41618967858,1.591563080410923,1.591563080410923,1.75,,False,77630.14762871867
2006-12-06 00:00:00+00:00,98040.1918959034,1.5951508287191611,1.5951508287191611,1.75,,False,77644.61702567946
2006-12-07 00:00:00+00:00,96130.06122233353,1.6075921966879787,1.6075921966879787,1.75,,False,77659.11068752425
2006-12-08 00:00:00+00:00,97419.86733332332,1.6033358534955904,1.6033358534955904,1.75,,False,77673.67177077816
2006-12-11 00:00:00+00:00,97918.85076811232,1.6000106408872918,1.6000106408872918,1.75,,False,77688.23558423518
2006-12-12 00:00:00+00:00,96910.01448927353,1.6059122175678477,1.6059122175678477,1.75,,False,77702.80212840723
2006-12-13 00:00:00+00:00,97315.66991013364,1.6043213225403292,1.6043213225403292,1.75,,False,77717.3282355829
2006-12-14 00:00:00+00:00,99356.35093343534,1.5938622939113,1.5938622939113,1.75,,False,77731.85705833361
2006-12-15 00:00:00+00:00,100305.41766299338,1.5904539280539063,1.5904539280539063,1.75,,False,77556.09063817265
2006-12-18 00:00:00+00:00,98880.53539847273,1.600083247663072,1.600083247663072,1.75,,False,77570.67549188434
2006-12-19 00:00:00+00:00,97463.83401911876,1.6033350309192038,1.6033350309192038,1.75,,False,77585.13380389963
2006-12-20 00:00:00+00:00,96963.52582477135,1.6070672474528862,1.6070672474528862,1.75,,False,77599.59481078363
2006-12-21 00:00:00+00:00,95905.01919711183,1.6142554752158538,1.6142554752158538,1.75,,False,77614.16629025365
2006-12-22 00:00:00+00:00,94603.9489020649,1.6249069477178821,1.6249069477178821,1.75,,False,77628.71894643307
2006-12-26 00:00:00+00:00,95230.16860730856,1.620866595343325,1.620866595343325,1.75,,False,77643.25276770249
2006-12-27 00:00:00+00:00,96057.93510697845,1.615960790439472,1.615960790439472,1.75,,False,77657.89714787729
2006-12-28 00:00:00+00:00,95055.65891405496,1.6210094733741827,1.6210094733741827,1.75,,False,77672.28543048774
2006-12-29 00:00:00+00:00,94906.23119305608,1.6202654094283806,1.6202654094283806,1.75,,False,77686.84898400596
2007-01-03 00:00:00+00:00,95382.73322081815,1.6185935729873013,1.6185935729873013,1.75,1.75,False,77701.24263074828
2007-01-04 00:00:00+00:00,98862.42217056136,1.6003522815774527,1.6003522815774527,1.75,,False,77715.87636477707
2007-01-05 00:00:00+00:00,98768.54279498107,1.6051486207538763,1.6051486207538763,1.75,,False,77730.42650385202
2007-01-08 00:00:00+00:00,98729.22631509142,1.604665536848803,1.604665536848803,1.75,,False,77744.91459168094
2007-01-09 00:00:00+00:00,99726.77668862272,1.6000191426247645,1.6000191426247645,1.75,,False,77759.44857154766
2007-01-10 00:00:00+00:00,102028.87463645634,1.5890839929667147,1.5890839929667147,1.75,,False,77774.02846815482
2007-01-11 00:00:00+00:00,103978.3428093716,1.5797608594365393,1.5797608594365393,1.75,,False,77788.6327023894
2007-01-12 00:00:00+00:00,104626.6927250673,1.5752957328863968,1.5752957328863968,1.75,,False,77803.26128692816
2007-01-16 00:00:00+00:00,104571.0405077273,1.5760658798331733,1.5760658798331733,1.75,,False,77817.78456236838
2007-01-17 00:00:00+00:00,102973.82710238684,1.5837556570320295,1.5837556570320295,1.75,,False,77832.44024512763
2007-01-18 00:00:00+00:00,99994.85284900088,1.6015379457449008,1.6015379457449008,1.75,,False,77847.03382767359
2007-01-19 00:00:00+00:00,100109.45443927449,1.5997567636732217,1.5997567636732217,1.75,,False,77861.58689816415
2007-01-22 00:00:00+00:00,98441.32512145722,1.6105521480638556,1.6105521480638556,1.75,,False,77876.18594570756
2007-01-23 00:00:00+00:00,97519.11658132514,1.6132230699871652,1.6132230699871652,1.75,,False,77890.76609829851
2007-01-24 00:00:00+00:00,100578.05383228404,1.5974826084991645,1.5974826084991645,1.75,,False,77905.39225326586
2007-01-25 00:00:00+00:00,98378.00382925554,1.610206014295595,1.610206014295595,1.75,,False,77920.04279508682
2007-01-26 00:00:00+00:00,98324.89239481479,1.6140097225823193,1.6140097225823193,1.75,,False,77934.7826698489
2007-01-29 00:00:00+00:00,98162.68924316177,1.6132869639589675,1.6132869639589675,1.75,,False,77949.41709015024
2007-01-30 00:00:00+00:00,98178.51883099119,1.6130191569489662,1.6130191569489662,1.75,,False,77964.0542584705
2007-01-31 00:00:00+00:00,99426.61486106388,1.6033876409355936,1.6033876409355936,1.75,,False,77978.62920528048
2007-02-01 00:00:00+00:00,98986.85752322384,1.6051124769265315,1.6051124769265315,1.6818084446826915,1.6818084446826915,False,77993.42348409914
2007-02-02 00:00:00+00:00,100021.89989033355,1.6017828237274359,1.6017828237274359,1.6818084446826915,,False,78008.13391036184
2007-02-05 00:00:00+00:00,100073.99407856597,1.6028380827862856,1.6028380827862856,1.6818084446826915,,False,78022.73876654395
2007-02-06 00:00:00+00:00,99567.4022089964,1.6043366697767367,1.6043366697767367,1.6818084446826915,,False,78037.36803006267
2007-02-07 00:00:00+00:00,100610.68232339669,1.5958388776631753,1.5958388776631753,1.6818084446826915,,False,78051.97835952163
2007-02-08 00:00:00+00:00,100455.35196758408,1.596230653822095,1.596230653822095,1.6818084446826915,,False,78066.56974325384
2007-02-09 00:00:00+00:00,98607.28857881107,1.6088736024914745,1.6088736024914745,1.6818084446826915,,False,78081.20722508071
2007-02-12 00:00:00+00:00,98306.43718877077,1.6128779097237407,1.6128779097237407,1.6818084446826915,,False,78095.84745143542
2007-02-13 00:00:00+00:00,98368.69632154383,1.6096890892525415,1.6096890892525415,1.6818084446826915,,False,78110.55550270544
2007-02-14 00:00:00+00:00,100243.88914257975,1.593746362685293,1.593746362685293,1.6818084446826915,,False,78125.22292923872
2007-02-15 00:00:00+00:00,101056.27447427438,1.588456391971331,1.588456391971331,1.6818084446826915,,False,78139.91481143958
2007-02-16 00:00:00+00:00,100531.2570196223,1.591776242077929,1.591776242077929,1.6818084446826915,,False,78154.6528675943
2007-02-20 00:00:00+00:00,101760.26457676393,1.5848720948580854,1.5848720948580854,1.6818084446826915,,False,78169.28515538118
2007-02-21 00:00:00+00:00,102312.58296509164,1.5821787581831412,1.5821787581831412,1.6818084446826915,,False,78183.98532372846
2007-02-22 00:00:00+00:00,103062.52350999397,1.5776984490398884,1.5776984490398884,1.6818084446826915,,False,78198.60138542925
2007-02-23 00:00:00+00:00,102245.00829177104,1.581099552082147,1.581099552082147,1.6818084446826915,,False,78213.28534502274
2007-02-26 00:00:00+00:00,101486.64548492238,1.5857739391043495,1.5857739391043495,1.6818084446826915,,False,78227.92861011234
2007-02-27 00:00:00+00:00,94241.9968062631,1.6267792729601913,1.6267792729601913,1.6818084446826915,,False,78242.70499662758
2007-02-28 00:00:00+00:00,94842.41723643432,1.623681786974773,1.623681786974773,1.6818084446826915,,False,78257.41897198389
2007-03-01 00:00:00+00:00,94477.29842411107,1.6285877125114652,1.363633043085604,1.3629084650842964,1.3629084650842964,True,45255.93045524861
2007-03-02 00:00:00+00:00,92466.02478835297,1.3713591679604207,1.3713591679604207,1.3629084650842964,,False,45264.49136875972
2007-03-05 00:00:00+00:00,92089.31814898139,1.3754544292017747,1.3754544292017747,1.3629084650842964,,False,45272.953313951715
2007-03-06 00:00:00+00:00,94085.77600168678,1.3671639943240925,1.3671639943240925,1.3629084650842964,,False,45281.467144338814
2007-03-07 00:00:00+00:00,93284.34912517904,1.3692606836830215,1.3692606836830215,1.3629084650842964,,False,45289.919684872424
2007-03-08 00:00:00+00:00,94282.04613542795,1.3659503821637629,1.3659503821637629,1.3629084650842964,,False,45298.398964280095
2007-03-09 00:00:00+00:00,94234.6540389096,1.3665100496359248,1.3665100496359248,1.3629084650842964,,False,45306.87983119729
2007-03-12 00:00:00+00:00,94577.80604062372,1.3633650475248202,1.3633650475248202,1.3629084650842964,,False,45315.36228592125
2007-03-13 00:00:00+00:00,91974.01955410262,1.3733538922180228,1.3733538922180228,1.3629084650842964,,False,45323.85891634986
2007-03-14 00:00:00+00:00,93617.32771120363,1.3660923956305278,1.3660923956305278,1.3629084650842964,,False,45332.357139896674
2007-03-15 00:00:00+00:00,93158.44103093902,1.3673538985219789,1.3673538985219789,1.3629084650842964,,False,45340.88214150326
2007-03-16 00:00:00+00:00,92628.44015770918,1.367268444763414,1.367268444763414,1.3629084650842964,,False,45269.752851795456
2007-03-19 00:00:00+00:00,93979.63298345688,1.3622737072745459,1.3622737072745459,1.3629084650842964,,False,45278.24093045517
2007-03-20 00:00:00+00:00,94947.57824549216,1.3588637072141792,1.3588637072141792,1.3629084650842964,,False,45286.743177918775
2007-03-21 00:00:00+00:00,97325.51476665403,1.3497929435763782,1.3497929435763782,1.3629084650842964,,False,45295.247021915515
2007-03-22 00:00:00+00:00,96454.46038053512,1.3515911300294159,1.3515911300294159,1.3629084650842964,,False,45303.752462745186
2007-03-23 00:00:00+00:00,96447.23713290808,1.3531905742024435,1.3531905742024435,1.3629084650842964,,False,45312.27208508332
2007-03-26 00:00:00+00:00,96726.08643655488,1.3513402760311923,1.3513402760311923,1.3629084650842964,,False,45320.755549357025
2007-03-27 00:00:00+00:00,95654.39386412468,1.3547848577689905,1.3547848577689905,1.3629084650842964,,False,45329.29095831882
2007-03-28 00:00:00+00:00,94447.2895653455,1.3600875624201842,1.3600875624201842,1.3629084650842964,,False,45337.79020037351
2007-03-29 00:00:00+00:00,94553.01148104995,1.3596177006723011,1.3596177006723011,1.3629084650842964,,False,45346.3162236973
2007-03-30 00:00:00+00:00,94160.2698938208,1.360159524080103,1.360159524080103,1.3629084650842964,,False,45354.869042785045
2007-04-02 00:00:00+00:00,94330.39885542363,1.359577868210011,1.359577868210011,1.5379922606792837,1.5379922606792837,False,45363.436073604236
2007-04-03 00:00:00+00:00,96080.10442075445,1.3533864805409717,1.3533864805409717,1.5379922606792837,,False,45371.94171786804
2007-04-04 00:00:00+00:00,96596.5854660556,1.3515361103004566,1.3515361103004566,1.5379922606792837,,False,45380.38594035442
2007-04-05 00:00:00+00:00,96788.98723002934,1.3492822666962225,1.3492822666962225,1.5379922606792837,,False,45388.84434006719
2007-04-09 00:00:00+00:00,96885.97507870526,1.3505389555583147,1.3505389555583147,1.5379922606792837,,False,45397.41778844254
2007-04-10 00:00:00+00:00,97055.63482989532,1.348194723411992,1.348194723411992,1.5379922606792837,,False,45405.96763545936
2007-04-11 00:00:00+00:00,95672.84296148583,1.3532936274278784,1.3532936274278784,1.5379922606792837,,False,45414.4938671598
2007-04-12 00:00:00+00:00,96347.33174538851,1.349636967494802,1.349636967494802,1.5379922606792837,,False,45422.9964696227
2007-04-13 00:00:00+00:00,96360.65899510302,1.3487749143344154,1.3487749143344154,1.5379922606792837,,False,45431.53851645879
2007-04-16 00:00:00+00:00,97317.42866032191,1.3445949798192247,1.3445949798192247,1.5379922606792837,,False,45440.05692993063
2007-04-17 00:00:00+00:00,97464.82877506781,1.3436568501914075,1.3436568501914075,1.5379922606792837,,False,45448.627429557135
2007-04-18 00:00:00+00:00,96987.86755218716,1.3452839058702468,1.3452839058702468,1.5379922606792837,,False,45457.08592410653
2007-04-19 00:00:00+00:00,97165.58482153168,1.3439309625784586,1.3439309625784586,1.5379922606792837,,False,45465.533365907424
2007-04-20 00:00:00+00:00,97911.1798438339,1.3414761270357176,1.3414761270357176,1.5379922606792837,,False,45474.032894783886
2007-04-23 00:00:00+00:00,98259.13763427314,1.3408569675763549,1.3408569675763549,1.5379922606792837,,False,45482.55927595166
2007-04-24 00:00:00+00:00,98614.31809743503,1.3386454334337683,1.3386454334337683,1.5379922606792837,,False,45491.061987727415
2007-04-25 00:00:00+00:00,100186.28988697352,1.3327832121889693,1.3327832121889693,1.5379922606792837,,False,45499.528379819574
2007-04-26 00:00:00+00:00,101295.16885602141,1.3305821535209814,1.3305821535209814,1.5379922606792837,,False,45507.983708843494
2007-04-27 00:00:00+00:00,101086.46865138829,1.3304755695795611,1.3304755695795611,1.5379922606792837,,False,45516.50381468231
2007-04-30 00:00:00+00:00,99064.07009370835,1.3364211812020035,1.3364211812020035,1.5379922606792837,,False,45525.025515674286
2007-05-01 00:00:00+00:00,99296.96235887382,1.336897871623388,1.751447053010675,1.75,1.75,True,101478.31724298322
2007-05-02 00:00:00+00:00,101191.48828705175,1.7376252586135725,1.7376252586135725,1.75,,False,101497.37261588774
2007-05-03 00:00:00+00:00,102061.70175603413,1.7331977476315428,1.7331977476315428,1.75,,False,101516.29059839476
2007-05-04 00:00:00+00:00,102041.60815439127,1.732345761601935,1.732345761601935,1.75,,False,101535.29670391235
2007-05-07 00:00:00+00:00,101810.313848038,1.7325833185279529,1.7325833185279529,1.75,,False,101554.30636779525
2007-05-08 00:00:00+00:00,102808.8802251517,1.7301078671597228,1.7301078671597228,1.75,,False,101573.31959070967
2007-05-09 00:00:00+00:00,103046.07782059842,1.7276489003770368,1.7276489003770368,1.75,,False,101592.25172888894
2007-05-10 00:00:00+00:00,100874.55748620065,1.7454872965535875,1.7454872965535875,1.75,,False,101611.1873958084
2007-05-11 00:00:00+00:00,103056.13589909786,1.7294651130844643,1.7294651130844643,1.75,,False,101630.23949344511
2007-05-14 00:00:00+00:00,101634.85031503215,1.7384396636763815,1.7384396636763815,1.75,,False,101649.3516245943
2007-05-15 00:00:00+00:00,99816.86580203197,1.7487684363528795,1.7487684363528795,1.75,,False,101668.43911395493
2007-05-16 00:00:00+00:00,102114.73582809967,1.736442275587021,1.736442275587021,1.75,,False,101687.61491122114
2007-05-17 00:00:00+00:00,101472.75003070377,1.7427785392619413,1.7427785392619413,1.75,,False,101706.681339017
2007-05-18 00:00:00+00:00,102779.6075185333,1.732548624653154,1.732548624653154,1.75,,False,101725.75134176806
2007-05-21 00:00:00+00:00,104326.15134866764,1.7247208724435594,1.7247208724435594,1.75,,False,101744.79666299149
2007-05-22 00:00:00+00:00,104410.7898734584,1.723892414775381,1.723892414775381,1.75,,False,101763.84554992228
2007-05-23 00:00:00+00:00,103416.78744438852,1.7300108685767104,1.7300108685767104,1.75,,False,101782.86973549314
2007-05-24 00:00:00+00:00,101240.91100965832,1.748783724054222,1.748783724054222,1.75,,False,101801.95402356854
2007-05-25 00:00:00+00:00,102164.05031091956,1.7408878199698246,1.7408878199698246,1.75,,False,101821.0136116274
2007-05-29 00:00:00+00:00,103290.1780987555,1.7312632702523985,1.7312632702523985,1.75,,False,101840.21818613914
2007-05-30 00:00:00+00:00,105227.07188572462,1.7213625429171526,1.7213625429171526,1.75,,False,101859.42638284703
2007-05-31 00:00:00+00:00,105789.25090096459,1.7158498934320936,1.7158498934320936,1.75,,False,101878.52502529381
2007-06-01 00:00:00+00:00,105992.2679818293,1.715304536390803,1.715304536390803,1.75,1.75,False,101897.71214750691
2007-06-04 00:00:00+00:00,106135.58697781502,1.7119295689916916,1.7119295689916916,1.75,,False,101916.7613586945
2007-06-05 00:00:00+00:00,105823.3022572332,1.7121577808517339,1.7121577808517339,1.75,,False,101935.84244123776
2007-06-06 00:00:00+00:00,104128.9391997098,1.725704537852064,1.725704537852064,1.75,,False,101954.78551862476
2007-06-07 00:00:00+00:00,101598.99449385895,1.7459052254990313,1.7459052254990313,1.75,,False,101973.90204090951
2007-06-08 00:00:00+00:00,104520.10612863999,1.730460386322899,1.730460386322899,1.75,,False,101993.02214754219
2007-06-11 00:00:00+00:00,104158.76184407422,1.7331321164822298,1.7331321164822298,1.75,,False,102012.17417058989
2007-06-12 00:00:00+00:00,103327.80770724434,1.7410529401898345,1.7410529401898345,1.75,,False,102031.35812667698
2007-06-13 00:00:00+00:00,105522.38863270178,1.7274150053978965,1.7274150053978965,1.75,,False,102050.51734836966
2007-06-14 00:00:00+00:00,106580.71579188075,1.7194612996270175,1.7194612996270175,1.75,,False,102069.6801677384
2007-06-15 00:00:00+00:00,107784.20270343854,1.7076947704715466,1.7076947704715466,1.75,,False,101945.97012610157
2007-06-18 00:00:00+00:00,107518.81365222821,1.7076686151405562,1.7076686151405562,1.75,,False,101965.11331382525
2007-06-19 00:00:00+00:00,107345.99128947583,1.70814779483913,1.70814779483913,1.75,,False,101984.17512528642
2007-06-20 00:00:00+00:00,105525.51304326534,1.7199620626972643,1.7199620626972643,1.75,,False,102003.18384237227
2007-06-21 00:00:00+00:00,107376.81418663636,1.7091081711555645,1.7091081711555645,1.75,,False,102022.36610777817
2007-06-22 00:00:00+00:00,105326.08778238148,1.7209519898333288,1.7209519898333288,1.75,,False,102041.52364096952
2007-06-25 00:00:00+00:00,104451.99959584777,1.7264725248066413,1.7264725248066413,1.75,,False,102060.62808178453
2007-06-26 00:00:00+00:00,103265.50806937995,1.7339758116259965,1.7339758116259965,1.75,,False,102079.87785024772
2007-06-27 00:00:00+00:00,106281.09040748428,1.715142433613841,1.715142433613841,1.75,,False,102099.01782734464
2007-06-28 00:00:00+00:00,105929.89719765793,1.7158894240006632,1.7158894240006632,1.75,,False,102118.18975402554
2007-06-29 00:00:00+00:00,105797.39156538318,1.7140571936935793,1.7140571936935793,1.75,,False,102137.36528076825
2007-07-02 00:00:00+00:00,106577.80450110647,1.703395801094053,1.703395801094053,1.75,1.75,False,102156.68626570053
2007-07-03 00:00:00+00:00,107716.83541966903,1.6967030497426947,1.6967030497426947,1.75,,False,102176.01090551913
2007-07-05 00:00:00+00:00,109211.37035090168,1.6884604918491941,1.6884604918491941,1.75,,False,102195.14052533866
2007-07-06 00:00:00+00:00,109680.82038516883,1.6839314785046453,1.6839314785046453,1.75,,False,102214.30211418716
2007-07-09 00:00:00+00:00,109804.3910346427,1.683439796676029,1.683439796676029,1.75,,False,102233.38211724847
2007-07-10 00:00:00+00:00,107521.97302826779,1.693445635403764,1.693445635403764,1.75,,False,102252.46568191035
2007-07-11 00:00:00+00:00,108407.53438337179,1.6857595856771705,1.6857595856771705,1.75,,False,102271.60961576302
2007-07-12 00:00:00+00:00,111048.3130368291,1.6686537638734646,1.6686537638734646,1.75,,False,102290.75713378553
2007-07-13 00:00:00+00:00,112207.86342033812,1.6612921520522588,1.6612921520522588,1.75,,False,102309.96506484732
2007-07-16 00:00:00+00:00,112031.53138406262,1.6626013494512286,1.6626013494512286,1.75,,False,102329.14818329697
2007-07-17 00:00:00+00:00,113462.02931537053,1.6545138386142233,1.6545138386142233,1.75,,False,102348.53387192503
2007-07-18 00:00:00+00:00,113010.60356888623,1.6560144980504103,1.6560144980504103,1.75,,False,102367.8095124709
2007-07-19 00:00:00+00:00,113531.56076230199,1.6529850223433302,1.6529850223433302,1.75,,False,102387.03191225714
2007-07-20 00:00:00+00:00,112348.01357835342,1.659033356484693,1.659033356484693,1.75,,False,102406.22948074069
2007-07-23 00:00:00+00:00,112522.5111554748,1.6588015697661733,1.6588015697661733,1.75,,False,102425.43064876832
2007-07-24 00:00:00+00:00,109694.43025704558,1.6755710643930768,1.6755710643930768,1.75,,False,102444.66386852348
2007-07-25 00:00:00+00:00,110847.43823808737,1.674180167821103,1.674180167821103,1.75,,False,102463.87224299883
2007-07-26 00:00:00+00:00,109104.28869344092,1.6841332081442573,1.6841332081442573,1.75,,False,102483.28345435153
2007-07-27 00:00:00+00:00,106017.19142119246,1.7084697788952135,1.7084697788952135,1.75,,False,102502.58447273544
2007-07-30 00:00:00+00:00,107847.9982025655,1.6948423924319707,1.6948423924319707,1.75,,False,102521.80370732408
2007-07-31 00:00:00+00:00,103766.13497422126,1.7207312813703997,1.7207312813703997,1.75,,False,102541.14045863444
2007-08-01 00:00:00+00:00,105364.87752164324,1.7114337680243048,1.7114337680243048,1.75,1.75,False,102560.45237342082
2007-08-02 00:00:00+00:00,106921.18124502225,1.700647532944559,1.700647532944559,1.75,,False,102579.82490331358
2007-08-03 00:00:00+00:00,102756.09208391135,1.7243173791031918,1.7243173791031918,1.75,,False,102599.03012608715
2007-08-06 00:00:00+00:00,104766.83545536663,1.7103427622813985,1.7103427622813985,1.75,,False,102618.2389445052
2007-08-07 00:00:00+00:00,106346.82036809837,1.7020590762404637,1.7020590762404637,1.75,,False,102637.50836937367
2007-08-08 00:00:00+00:00,107840.08495588045,1.689408516431902,1.689408516431902,1.75,,False,102656.78141261192
2007-08-09 00:00:00+00:00,104420.06944348922,1.7176836683839638,1.7176836683839638,1.75,,False,102676.08659067201
2007-08-10 00:00:00+00:00,102901.80276043712,1.7292108819659946,1.7292108819659946,1.75,,False,102695.79469507039
2007-08-13 00:00:00+00:00,104566.95136328533,1.720988148829699,1.720988148829699,1.75,,False,102713.42413982638
2007-08-14 00:00:00+00:00,101812.76823857377,1.7429666639168973,1.7429666639168973,1.75,,False,102731.42752055755
2007-08-15 00:00:00+00:00,99169.46722834169,1.7686710564326622,1.7686710564326622,1.75,,False,102748.6635711749
2007-08-16 00:00:00+00:00,97996.53909796839,1.782475483954455,1.782475483954455,1.75,,False,102766.38771564093
2007-08-17 00:00:00+00:00,100612.31534235927,1.757184405052119,1.757184405052119,1.75,,False,102784.85711921094
2007-08-20 00:00:00+00:00,101619.38291699064,1.7511502171323425,1.7511502171323425,1.75,,False,102803.158534048
2007-08-21 00:00:00+00:00,103364.39301199574,1.7377814541603034,1.7377814541603034,1.75,,False,102821.80588474876
2007-08-22 00:00:00+00:00,105389.31191418746,1.7209538718418451,1.7209538718418451,1.75,,False,102840.05675529329
2007-08-23 00:00:00+00:00,104687.99414204354,1.7245717082630379,1.7245717082630379,1.75,,False,102857.96806517817
2007-08-24 00:00:00+00:00,106551.63099195038,1.7075893026616262,1.7075893026616262,1.75,,False,102876.19678285194
2007-08-27 00:00:00+00:00,105329.84576882113,1.7159284915171027,1.7159284915171027,1.75,,False,102895.08599565012
2007-08-28 00:00:00+00:00,101153.22088147883,1.7466691322708736,1.7466691322708736,1.75,,False,102914.43598821097
2007-08-29 00:00:00+00:00,105823.72068026698,1.7112920619999166,1.7112920619999166,1.75,,False,102933.87538167542
2007-08-30 00:00:00+00:00,106962.95348475574,1.7052357686838813,1.7052357686838813,1.75,,False,102952.46066473045
2007-08-31 00:00:00+00:00,109043.20612048537,1.6922617200965604,1.6922617200965604,1.75,,False,102971.04930346158
2007-09-04 00:00:00+00:00,111301.39411576539,1.6735767415510605,1.0425317559676477,1.0325578268272548,1.0325578268272548,True,6440.867783651382
2007-09-05 00:00:00+00:00,109625.08585569219,1.0429911195484838,1.0429911195484838,1.0325578268272548,,False,6442.070078970996
2007-09-06 00:00:00+00:00,109307.30525678107,1.043035948547663,1.043035948547663,1.0325578268272548,,False,6443.265440863428
2007-09-07 00:00:00+00:00,106611.36899890428,1.043891826615892,1.043891826615892,1.0325578268272548,,False,6444.425228642784
2007-09-10 00:00:00+00:00,106371.39775879371,1.0439284439730443,1.0439284439730443,1.0325578268272548,,False,6445.563743766511
2007-09-11 00:00:00+00:00,107716.54804852523,1.043252955759771,1.043252955759771,1.0325578268272548,,False,6446.740059149748
2007-09-12 00:00:00+00:00,107219.49536472368,1.0432519579590385,1.0432519579590385,1.0325578268272548,,False,6447.914798449416
2007-09-13 00:00:00+00:00,107914.64795841168,1.0430401311512314,1.0430401311512314,1.0325578268272548,,False,6449.111244862017
2007-09-14 00:00:00+00:00,108293.92448631795,1.0430118590365238,1.0430118590365238,1.0325578268272548,,False,6450.291790503785
2007-09-17 00:00:00+00:00,107259.22297564564,1.0433973196524504,1.0433973196524504,1.0325578268272548,,False,6451.501220214504
2007-09-18 00:00:00+00:00,110007.11047313386,1.042293854389942,1.042293854389942,1.0325578268272548,,False,6452.725213362673
2007-09-19 00:00:00+00:00,109663.67574788161,1.0421874822337402,1.0421874822337402,1.0325578268272548,,False,6453.875949359056
2007-09-20 00:00:00+00:00,108242.12774979332,1.0423181749298889,1.0423181749298889,1.0325578268272548,,False,6454.994621190278
2007-09-21 00:00:00+00:00,109153.42450414221,1.0416165618422537,1.0416165618422537,1.0325578268272548,,False,6394.150023471442
2007-09-24 00:00:00+00:00,109594.03773930857,1.0414270226992992,1.0414270226992992,1.0325578268272548,,False,6395.261895114412
2007-09-25 00:00:00+00:00,110347.1393601028,1.0410290857895315,1.0410290857895315,1.0325578268272548,,False,6396.370407176232
2007-09-26 00:00:00+00:00,110924.38617500737,1.0408285169939977,1.0408285169939977,1.0325578268272548,,False,6397.493325536603
2007-09-27 00:00:00+00:00,111413.857799128,1.0406218419084223,1.0406218419084223,1.0325578268272548,,False,6398.627103520406
2007-09-28 00:00:00+00:00,110398.42590525538,1.0407692224637901,1.0407692224637901,1.0325578268272548,,False,6399.769969416951
2007-10-01 00:00:00+00:00,111508.6211143867,1.0402950906606978,1.6206399184036904,1.6187649357585732,1.6187649357585732,True,98474.21557821045
2007-10-02 00:00:00+00:00,112050.76425639827,1.6206258978043773,1.6206258978043773,1.6187649357585732,,False,98491.7768133219
2007-10-03 00:00:00+00:00,111001.15534327169,1.6278449624247149,1.6278449624247149,1.6187649357585732,,False,98508.95815661045
2007-10-04 00:00:00+00:00,111464.19642200516,1.625653960077491,1.625653960077491,1.6187649357585732,,False,98525.868861094
2007-10-05 00:00:00+00:00,114915.7706189376,1.605852242304318,1.605852242304318,1.6187649357585732,,False,98542.94667836325
2007-10-08 00:00:00+00:00,116056.57540587056,1.6000013604554777,1.6000013604554777,1.6187649357585732,,False,98560.10957490973
2007-10-09 00:00:00+00:00,117362.09050488693,1.596041281012699,1.596041281012699,1.6187649357585732,,False,98577.27546066069
2007-10-10 00:00:00+00:00,117264.91608921716,1.5939020210119674,1.5939020210119674,1.6187649357585732,,False,98594.827692208
2007-10-11 00:00:00+00:00,113713.95469760621,1.6094935723240733,1.6094935723240733,1.6187649357585732,,False,98611.31493839431
2007-10-12 00:00:00+00:00,117219.9581031934,1.5938708817258531,1.5938708817258531,1.6187649357585732,,False,98628.4349583489
2007-10-15 00:00:00+00:00,115385.94943947389,1.6013775214567132,1.6013775214567132,1.6187649357585732,,False,98645.55795052917
2007-10-16 00:00:00+00:00,114916.43215952121,1.6061148665425065,1.6061148665425065,1.6187649357585732,,False,98662.84832471439
2007-10-17 00:00:00+00:00,116923.41522465077,1.594009999509546,1.594009999509546,1.6187649357585732,,False,98679.78544701013
2007-10-18 00:00:00+00:00,117028.29787629563,1.5901324248155992,1.5901324248155992,1.6187649357585732,,False,98696.78029894823
2007-10-19 00:00:00+00:00,112600.34613486804,1.614648810705766,1.614648810705766,1.6187649357585732,,False,98713.75066200519
2007-10-22 00:00:00+00:00,115787.26432345761,1.6031210911396123,1.6031210911396123,1.6187649357585732,,False,98730.94330691216
2007-10-23 00:00:00+00:00,118733.82415553789,1.583713628907252,1.583713628907252,1.6187649357585732,,False,98747.9743946326
2007-10-24 00:00:00+00:00,117389.60485069238,1.5909551161366555,1.5909551161366555,1.6187649357585732,,False,98764.89870024413
2007-10-25 00:00:00+00:00,114378.66805988096,1.603986446010403,1.603986446010403,1.6187649357585732,,False,98782.01794935217
2007-10-26 00:00:00+00:00,116667.27478613213,1.5884976935629507,1.5884976935629507,1.6187649357585732,,False,98799.4694391899
2007-10-29 00:00:00+00:00,117289.0134245562,1.584870896856121,1.584870896856121,1.6187649357585732,,False,98816.75934634176
2007-10-30 00:00:00+00:00,117499.55276560807,1.5831565491592154,1.5831565491592154,1.6187649357585732,,False,98834.16207562663
2007-10-31 00:00:00+00:00,119762.07051623252,1.5704992035590157,1.5704992035590157,1.6187649357585732,,False,98851.40314612204
2007-11-01 00:00:00+00:00,115075.70613442537,1.5879351169171467,1.2779250989314663,1.2623471877659396,1.2623471877659396,True,46166.63339184873
2007-11-02 00:00:00+00:00,115844.91339821526,1.2752492503489279,1.2752492503489279,1.2623471877659396,,False,46174.44324733085
2007-11-05 00:00:00+00:00,114984.95605080192,1.277582351298388,1.277582351298388,1.2623471877659396,,False,46181.85681071889
2007-11-06 00:00:00+00:00,115947.96812274071,1.2736943811482906,1.2736943811482906,1.2623471877659396,,False,46189.28439268928
2007-11-07 00:00:00+00:00,111492.86336393503,1.2825022243794981,1.2825022243794981,1.2623471877659396,,False,46196.62335676501
2007-11-08 00:00:00+00:00,106970.71415012461,1.2940119811587918,1.2940119811587918,1.2623471877659396,,False,46204.181637641996
2007-11-09 00:00:00+00:00,102517.62914062693,1.307378864915358,1.307378864915358,1.2623471877659396,,False,46211.9850105408
2007-11-12 00:00:00+00:00,99108.03841492931,1.3180064522374186,1.3180064522374186,1.2623471877659396,,False,46219.67417138005
2007-11-13 00:00:00+00:00,104970.35938923148,1.3016748405846623,1.3016748405846623,1.2623471877659396,,False,46227.36461161023
2007-11-14 00:00:00+00:00,102708.02704915305,1.3068586272438307,1.3068586272438307,1.2623471877659396,,False,46235.21042265959
2007-11-15 00:00:00+00:00,102195.1277451143,1.3091041382607596,1.3091041382607596,1.2623471877659396,,False,46243.04472220343
2007-11-16 00:00:00+00:00,103333.32170537487,1.3054794356953894,1.3054794356953894,1.2623471877659396,,False,46250.8032774846
2007-11-19 00:00:00+00:00,101730.27836228206,1.3102178807917753,1.3102178807917753,1.2623471877659396,,False,46258.524592142865
2007-11-20 00:00:00+00:00,101369.2694742021,1.3086582462801402,1.3086582462801402,1.2623471877659396,,False,46266.24719583172
2007-11-21 00:00:00+00:00,99512.89772649425,1.3135779618610819,1.3135779618610819,1.2623471877659396,,False,46273.97108876635
2007-11-23 00:00:00+00:00,100939.92057049555,1.3092797506894434,1.3092797506894434,1.2623471877659396,,False,46281.68341728115
2007-11-26 00:00:00+00:00,98408.63193397736,1.316498602018651,1.316498602018651,1.2623471877659396,,False,46289.47416732306
2007-11-27 00:00:00+00:00,101302.21900371842,1.3084443587509638,1.3084443587509638,1.2623471877659396,,False,46297.3433779315
2007-11-28 00:00:00+00:00,105808.25031670554,1.2966986482166387,1.2966986482166387,1.2623471877659396,,False,46304.918137723056
2007-11-29 00:00:00+00:00,106274.04573335744,1.2951275692663267,1.2951275692663267,1.2623471877659396,,False,46312.67421151113
2007-11-30 00:00:00+00:00,105789.32008407578,1.2981043742343583,1.2981043742343583,1.2623471877659396,,False,46320.457313705
2007-12-03 00:00:00+00:00,103587.84763308456,1.3014501406061456,0.7912369967568579,0.7816796918785754,0.7816796918785754,True,0.0
2007-12-04 00:00:00+00:00,102535.99267134255,0.7905529923109372,0.7905529923109372,0.7816796918785754,,False,0.0
2007-12-05 00:00:00+00:00,104651.21794199434,0.7934850648040619,0.7934850648040619,0.7816796918785754,,False,0.0
2007-12-06 00:00:00+00:00,106045.006918162,0.7958095315369397,0.7958095315369397,0.7816796918785754,,False,0.0
2007-12-07 00:00:00+00:00,105873.08859502255,0.7958405916882775,0.7958405916882775,0.7816796918785754,,False,0.0
2007-12-10 00:00:00+00:00,105850.29550160248,0.7964905377918865,0.7964905377918865,0.7816796918785754,,False,0.0
2007-12-11 00:00:00+00:00,103977.40893582914,0.7926557367749661,0.7926557367749661,0.7816796918785754,,False,0.0
2007-12-12 00:00:00+00:00,104716.15285682914,0.7941184940462455,0.7941184940462455,0.7816796918785754,,False,0.0
2007-12-13 00:00:00+00:00,105059.68360611868,0.7932305906861046,0.7932305906861046,0.7816796918785754,,False,0.0
2007-12-14 00:00:00+00:00,105342.76113207784,0.7915287722716017,0.7915287722716017,0.7816796918785754,,False,0.0
2007-12-17 00:00:00+00:00,103774.40739600231,0.7874355534585282,0.7874355534585282,0.7816796918785754,,False,0.0
2007-12-18 00:00:00+00:00,103871.05388308592,0.7879727186688615,0.7879727186688615,0.7816796918785754,,False,0.0
2007-12-19 00:00:00+00:00,104202.1847228545,0.7879392309847834,0.7879392309847834,0.7816796918785754,,False,0.0
2007-12-20 00:00:00+00:00,105814.7643327683,0.7913019076954722,0.7913019076954722,0.7816796918785754,,False,0.0
2007-12-21 00:00:00+00:00,107383.0633883173,0.7938558469073296,0.7938558469073296,0.7816796918785754,,False,0.0
2007-12-24 00:00:00+00:00,107664.41235087226,0.795079466866051,0.795079466866051,0.7816796918785754,,False,0.0
2007-12-26 00:00:00+00:00,107412.09128674756,0.7958871633980635,0.7958871633980635,0.7816796918785754,,False,0.0
2007-12-27 00:00:00+00:00,105650.3255276849,0.7939189529414414,0.7939189529414414,0.7816796918785754,,False,0.0
2007-12-28 00:00:00+00:00,104730.25368859724,0.7937611213822432,0.7937611213822432,0.7816796918785754,,False,0.0
2007-12-31 00:00:00+00:00,104584.90329111277,0.7918480861369099,0.7918480861369099,0.7816796918785754,,False,0.0
2008-01-02 00:00:00+00:00,102237.53626938583,0.7892084673932156,1.2384351567454648,1.2373252296400779,1.2373252296400779,True,35926.85647626742
2008-01-03 00:00:00+00:00,102775.1381869364,1.2372570952806865,1.2372570952806865,1.2373252296400779,,False,35932.455078068306
2008-01-04 00:00:00+00:00,96865.8588851755,1.250919733026606,1.250919733026606,1.2373252296400779,,False,35938.194289643274
2008-01-07 00:00:00+00:00,96955.03736924904,1.2524701365534523,1.2524701365534523,1.2373252296400779,,False,35943.86453807564
2008-01-08 00:00:00+00:00,93589.62099594591,1.2610041379094683,1.2610041379094683,1.2373252296400779,,False,35949.62554080855
2008-01-09 00:00:00+00:00,96454.89996185707,1.2542241732742307,1.2542241732742307,1.2373252296400779,,False,35955.387466902175
2008-01-10 00:00:00+00:00,96122.9318180667,1.2538101364731442,1.2538101364731442,1.2373252296400779,,False,35961.14032889688
2008-01-11 00:00:00+00:00,93460.34107711494,1.2602528546246372,1.2602528546246372,1.2373252296400779,,False,35966.8941113495
2008-01-14 00:00:00+00:00,94931.4407724386,1.2547103665438573,1.2547103665438573,1.2373252296400779,,False,35972.61884199556
2008-01-15 00:00:00+00:00,91859.23576717543,1.2638918885430972,1.2638918885430972,1.2373252296400779,,False,35978.35447622203
2008-01-16 00:00:00+00:00,91839.70014114921,1.2675777621346704,1.2675777621346704,1.2373252296400779,,False,35984.09102496352
2008-01-17 00:00:00+00:00,89929.23507878077,1.2724311982443504,1.2724311982443504,1.2373252296400779,,False,35989.808497204154
2008-01-18 00:00:00+00:00,90228.65946776759,1.2729452973001831,1.2729452973001831,1.2373252296400779,,False,35995.53687505663
2008-01-22 00:00:00+00:00,87303.38450969197,1.282270493124922,1.282270493124922,1.2373252296400779,,False,36001.20617211445
2008-01-23 00:00:00+00:00,87077.69432225797,1.2837225476149656,1.2837225476149656,1.2373252296400779,,False,36006.38634566921
2008-01-24 00:00:00+00:00,88371.90021542636,1.2765131121673512,1.2765131121673512,1.2373252296400779,,False,36011.31722024377
2008-01-25 00:00:00+00:00,86432.97687204673,1.2839883807039352,1.2839883807039352,1.2373252296400779,,False,36016.2887826489
2008-01-28 00:00:00+00:00,86602.60709890007,1.2812488176362844,1.2812488176362844,1.2373252296400779,,False,36021.39109022645
2008-01-29 00:00:00+00:00,86928.77649237547,1.2806499396381732,1.2806499396381732,1.2373252296400779,,False,36026.3940612112
2008-01-30 00:00:00+00:00,86737.03000445532,1.2810237356333511,1.2810237356333511,1.2373252296400779,,False,36031.36770505798
2008-01-31 00:00:00+00:00,88284.64474655894,1.2750361806326767,1.2750361806326767,1.2373252296400779,,False,36036.131852565646
2008-02-01 00:00:00+00:00,89303.83141115222,1.2715528957832758,0.9098292400206096,0.9091698265957391,0.9091698265957391,True,0.0
2008-02-04 00:00:00+00:00,88276.1524413235,0.908662649982839,0.908662649982839,0.9091698265957391,,False,0.0
2008-02-05 00:00:00+00:00,87131.65579237952,0.9062365000658728,0.9062365000658728,0.9091698265957391,,False,0.0
2008-02-06 00:00:00+00:00,85524.0695322497,0.9045327350756356,0.9045327350756356,0.9091698265957391,,False,0.0
2008-02-07 00:00:00+00:00,86968.701904403,0.905134060421225,0.905134060421225,0.9091698265957391,,False,0.0
2008-02-08 00:00:00+00:00,87802.85743300829,0.906100098404477,0.906100098404477,0.9091698265957391,,False,0.0
2008-02-11 00:00:00+00:00,88654.3702619805,0.9070084048311439,0.9070084048311439,0.9091698265957391,,False,0.0
2008-02-12 00:00:00+00:00,87678.41089670363,0.9065274632778482,0.9065274632778482,0.9091698265957391,,False,0.0
2008-02-13 00:00:00+00:00,89560.87121426773,0.9083476790841607,0.9083476790841607,0.9091698265957391,,False,0.0
2008-02-14 00:00:00+00:00,87692.07831366909,0.9068166262649776,0.9068166262649776,0.9091698265957391,,False,0.0
2008-02-15 00:00:00+00:00,87188.4538506678,0.9065274632778482,0.9065274632778482,0.9091698265957391,,False,0.0
2008-02-19 00:00:00+00:00,86642.65424488898,0.9063725134212538,0.9063725134212538,0.9091698265957391,,False,0.0
2008-02-20 00:00:00+00:00,87470.46761765235,0.9067589324790609,0.9067589324790609,0.9091698265957391,,False,0.0
2008-02-21 00:00:00+00:00,85834.27287782615,0.9059437272341891,0.9059437272341891,0.9091698265957391,,False,0.0
2008-02-22 00:00:00+00:00,86050.44930580554,0.9062559579143626,0.9062559579143626,0.9091698265957391,,False,0.0
2008-02-25 00:00:00+00:00,86460.72295894488,0.9066819084620097,0.9066819084620097,0.9091698265957391,,False,0.0
2008-02-26 00:00:00+00:00,86373.85284574445,0.9070084048311439,0.9070084048311439,0.9091698265957391,,False,0.0
2008-02-27 00:00:00+00:00,85371.61113925476,0.9074275602299862,0.9074275602299862,0.9091698265957391,,False,0.0
2008-02-28 00:00:00+00:00,84849.96437319796,0.9071039983972271,0.9071039983972271,0.9091698265957391,,False,0.0
2008-02-29 00:00:00+00:00,82727.10260650516,0.904814298930271,0.904814298930271,0.9091698265957391,,False,0.0
2008-03-03 00:00:00+00:00,82143.30182380513,0.90424949277984,1.2245016378892268,1.2237192553940723,1.2237192553940723,True,28021.56416473099
2008-03-04 00:00:00+00:00,82625.12884810413,1.2230008404350479,1.2230008404350479,1.2237192553940723,,False,28025.144697929816
2008-03-05 00:00:00+00:00,82725.81123794039,1.2217071558817016,1.2217071558817016,1.2237192553940723,,False,28028.569993392895
2008-03-06 00:00:00+00:00,80108.9854785392,1.2278741410618417,1.2278741410618417,1.2237192553940723,,False,28032.01906464486
2008-03-07 00:00:00+00:00,79993.26976229585,1.2285745944190587,1.2285745944190587,1.2237192553940723,,False,28035.51528035598
2008-03-10 00:00:00+00:00,77915.86247869855,1.2341482145943357,1.2341482145943357,1.2237192553940723,,False,28038.98856919349
2008-03-11 00:00:00+00:00,81785.4639360713,1.2236796943155648,1.2236796943155648,1.2237192553940723,,False,28042.485654156702
2008-03-12 00:00:00+00:00,80629.64651692515,1.2244832029356516,1.2244832029356516,1.2237192553940723,,False,28045.95201696673
2008-03-13 00:00:00+00:00,80925.4222174894,1.2224130136498976,1.2224130136498976,1.2237192553940723,,False,28049.434389342172
2008-03-14 00:00:00+00:00,79006.02935000428,1.2275526895482876,1.2275526895482876,1.2237192553940723,,False,28052.924985621736
2008-03-17 00:00:00+00:00,76447.49076394741,1.232795779781297,1.232795779781297,1.2237192553940723,,False,28056.423808765776
2008-03-18 00:00:00+00:00,80551.61440541976,1.2206945132343974,1.2206945132343974,1.2237192553940723,,False,28059.689264759072
2008-03-19 00:00:00+00:00,78830.84250984364,1.227582340064127,1.227582340064127,1.2237192553940723,,False,28062.541999834324
2008-03-20 00:00:00+00:00,81965.37693949055,1.221394019249986,1.221394019249986,1.2237192553940723,,False,27976.68142476779
2008-03-24 00:00:00+00:00,85552.89099327121,1.2124491022831927,1.2124491022831927,1.2237192553940723,,False,27979.572348515016
2008-03-25 00:00:00+00:00,85022.63869334423,1.2110397675999258,1.2110397675999258,1.2237192553940723,,False,27982.354761543007
2008-03-26 00:00:00+00:00,83829.77690347716,1.2118114660320232,1.2118114660320232,1.2237192553940723,,False,27985.401729061487
2008-03-27 00:00:00+00:00,81386.94884939885,1.217680992303666,1.217680992303666,1.2237192553940723,,False,27988.355743688444
2008-03-28 00:00:00+00:00,81086.4706312519,1.2190512874223787,1.2190512874223787,1.2237192553940723,,False,27991.28674649827
2008-03-31 00:00:00+00:00,81369.94987045844,1.217674532940946,1.217674532940946,1.2237192553940723,,False,27994.07809981549
2008-04-01 00:00:00+00:00,86566.60699205477,1.2069265309360098,0.7404330701438215,0.7397412312522796,0.7397412312522796,True,0.0
2008-04-02 00:00:00+00:00,86409.41396260762,0.7400108248155589,0.7400108248155589,0.7397412312522796,,False,0.0
2008-04-03 00:00:00+00:00,86279.28564376941,0.7404330701438215,0.7404330701438215,0.7397412312522796,,False,0.0
2008-04-04 00:00:00+00:00,86283.13245262859,0.7415663307909836,0.7415663307909836,0.7397412312522796,,False,0.0
2008-04-07 00:00:00+00:00,86264.21844856445,0.7411477514120601,0.7411477514120601,0.7397412312522796,,False,0.0
2008-04-08 00:00:00+00:00,85818.90401401794,0.7396720252173367,0.7396720252173367,0.7397412312522796,,False,0.0
2008-04-09 00:00:00+00:00,84572.86224305177,0.7374913040724619,0.7374913040724619,0.7397412312522796,,False,0.0
2008-04-10 00:00:00+00:00,85787.59512985713,0.7402221190599253,0.7402221190599253,0.7397412312522796,,False,0.0
2008-04-11 00:00:00+00:00,83753.99678646403,0.7347904990047172,0.7347904990047172,0.7397412312522796,,False,0.0
2008-04-14 00:00:00+00:00,83312.53247065941,0.733907394486456,0.733907394486456,0.7397412312522796,,False,0.0
2008-04-15 00:00:00+00:00,83532.98034694823,0.7341729360039049,0.7341729360039049,0.7397412312522796,,False,0.0
2008-04-16 00:00:00+00:00,84297.64161198054,0.7395022940774887,0.7395022940774887,0.7397412312522796,,False,0.0
2008-04-17 00:00:00+00:00,84445.64033931772,0.7390770125961711,0.7390770125961711,0.7397412312522796,,False,0.0
2008-04-18 00:00:00+00:00,87430.17012721866,0.745070254213607,0.745070254213607,0.7397412312522796,,False,0.0
2008-04-21 00:00:00+00:00,87121.12045209634,0.7464051401651892,0.7464051401651892,0.7397412312522796,,False,0.0
2008-04-22 00:00:00+00:00,85459.26772445791,0.743556765864371,0.743556765864371,0.7397412312522796,,False,0.0
2008-04-23 00:00:00+00:00,86765.58365326034,0.7456382763592109,0.7456382763592109,0.7397412312522796,,False,0.0
2008-04-24 00:00:00+00:00,88627.76774297871,0.7473272712077018,0.7473272712077018,0.7397412312522796,,False,0.0
2008-04-25 00:00:00+00:00,88652.00455111278,0.7468470009622674,0.7468470009622674,0.7397412312522796,,False,0.0
2008-04-28 00:00:00+00:00,88698.95702150364,0.7472073783806612,0.7472073783806612,0.7397412312522796,,False,0.0
2008-04-29 00:00:00+00:00,89455.5599209926,0.7486386707201276,0.7486386707201276,0.7397412312522796,,False,0.0
2008-04-30 00:00:00+00:00,89112.44926779933,0.7470873564541759,0.7470873564541759,0.7397412312522796,,False,0.0
2008-05-01 00:00:00+00:00,91786.57687986676,0.7529133950093987,1.168250935923171,1.1672827611236094,1.1672827611236094,True,23872.063725739652
2008-05-02 00:00:00+00:00,92100.00332416802,1.1679888275521244,1.1679888275521244,1.1672827611236094,,False,23874.490718885103
2008-05-05 00:00:00+00:00,91434.23304923833,1.1685724540897964,1.1685724540897964,1.1672827611236094,,False,23876.732268291486
2008-05-06 00:00:00+00:00,91754.32764111075,1.167384104125816,1.167384104125816,1.1672827611236094,,False,23878.954130877562
2008-05-07 00:00:00+00:00,90844.60438345066,1.171034385343854,1.171034385343854,1.1672827611236094,,False,23881.215998477182
2008-05-08 00:00:00+00:00,91408.35212355811,1.1695658703847263,1.1695658703847263,1.1672827611236094,,False,23883.544417037036
2008-05-09 00:00:00+00:00,90763.33295560358,1.1703673219992705,1.1703673219992705,1.1672827611236094,,False,23885.85979398191
2008-05-12 00:00:00+00:00,92169.79758025022,1.166822602319039,1.166822602319039,1.1672827611236094,,False,23888.162125467607
2008-05-13 00:00:00+00:00,92614.11275738296,1.1663269197840385,1.1663269197840385,1.1672827611236094,,False,23890.404958467163
2008-05-14 00:00:00+00:00,92622.0677560666,1.1667801385434076,1.1667801385434076,1.1672827611236094,,False,23892.681183161818
2008-05-15 00:00:00+00:00,94360.5183891667,1.163459311199936,1.163459311199936,1.1672827611236094,,False,23895.023993288945
2008-05-16 00:00:00+00:00,93847.15960205134,1.1633258584657293,1.1633258584657293,1.1672827611236094,,False,23897.36703314162
2008-05-19 00:00:00+00:00,93509.63820520631,1.1647233028200048,1.1647233028200048,1.1672827611236094,,False,23899.63064485226
2008-05-20 00:00:00+00:00,91781.38077118492,1.1662234824448334,1.1662234824448334,1.1672827611236094,,False,23901.921026122393
2008-05-21 00:00:00+00:00,88816.6611176804,1.1706450505605557,1.1706450505605557,1.1672827611236094,,False,23904.238184577425
2008-05-22 00:00:00+00:00,89573.90386939574,1.1699625965988423,1.1699625965988423,1.1672827611236094,,False,23906.582127932747
2008-05-23 00:00:00+00:00,88789.28677911135,1.1706014330409782,1.1706014330409782,1.1672827611236094,,False,23908.93958255925
2008-05-27 00:00:00+00:00,90926.0407819393,1.1671697923539233,1.1671697923539233,1.1672827611236094,,False,23911.25742142434
2008-05-28 00:00:00+00:00,91959.3048705134,1.1663980866063457,1.1663980866063457,1.1672827611236094,,False,23913.734893373836
2008-05-29 00:00:00+00:00,93520.45262414463,1.164701078603941,1.164701078603941,1.1672827611236094,,False,23916.1129814549
2008-05-30 00:00:00+00:00,94020.5840399931,1.1634934659825291,1.1634934659825291,1.1672827611236094,,False,23918.44480247059
2008-06-02 00:00:00+00:00,92744.38980661373,1.1658658108865376,1.1658658108865376,1.255480496172894,1.255480496172894,False,23920.756918801493
2008-06-03 00:00:00+00:00,92724.33331235997,1.1669487744269356,1.1669487744269356,1.255480496172894,,False,23923.122415874575
2008-06-04 00:00:00+00:00,94116.45395994041,1.1645057642121164,1.1645057642121164,1.255480496172894,,False,23925.41504843943
2008-06-05 00:00:00+00:00,95195.82110071945,1.1615377328761907,1.1615377328761907,1.255480496172894,,False,23927.72783856078
2008-06-06 00:00:00+00:00,90870.82676747542,1.1674027659956911,1.1674027659956911,1.255480496172894,,False,23930.04085225184
2008-06-09 00:00:00+00:00,90381.49371241494,1.1684647270702528,1.1684647270702528,1.255480496172894,,False,23932.374031234936
2008-06-10 00:00:00+00:00,91305.15302926727,1.1694175627668248,1.1694175627668248,1.255480496172894,,False,23934.714085584656
2008-06-11 00:00:00+00:00,88222.55093687371,1.1743512078284621,1.1743512078284621,1.255480496172894,,False,23937.014477549546
2008-06-12 00:00:00+00:00,89155.41422397255,1.1741549556125594,1.1741549556125594,1.255480496172894,,False,23939.308441436977
2008-06-13 00:00:00+00:00,91547.96628407114,1.170171916179307,1.170171916179307,1.255480496172894,,False,23941.642524010018
2008-06-16 00:00:00+00:00,91877.02073094374,1.168439150917925,1.168439150917925,1.255480496172894,,False,23943.983484612367
2008-06-17 00:00:00+00:00,91027.01597347454,1.1695138977016695,1.1695138977016695,1.255480496172894,,False,23946.351278534734
2008-06-18 00:00:00+00:00,89983.683574655,1.1716834776683935,1.1716834776683935,1.255480496172894,,False,23948.592923084976
2008-06-19 00:00:00+00:00,91628.94531550218,1.1686164232650942,1.1686164232650942,1.255480496172894,,False,23950.814820317286
2008-06-20 00:00:00+00:00,88015.36840154408,1.1735317603000264,1.1735317603000264,1.255480496172894,,False,23866.311427705066
2008-06-23 00:00:00+00:00,87962.28331640168,1.1751553557087997,1.1751553557087997,1.255480496172894,,False,23868.625134007365
2008-06-24 00:00:00+00:00,86878.32926490082,1.176231667883014,1.176231667883014,1.255480496172894,,False,23870.932434436985
2008-06-25 00:00:00+00:00,88655.40514527856,1.1729485514102174,1.1729485514102174,1.255480496172894,,False,23873.20680383282
2008-06-26 00:00:00+00:00,83555.24330468108,1.1815638445393,1.1815638445393,1.255480496172894,,False,23875.50791571086
2008-06-27 00:00:00+00:00,83495.38861041538,1.181584999888163,1.181584999888163,1.255480496172894,,False,23877.86230607477
2008-06-30 00:00:00+00:00,82461.79134881034,1.1838905335280796,1.1838905335280796,1.255480496172894,,False,23880.177132170553
2008-07-01 00:00:00+00:00,83643.75710474426,1.180880344943906,0.9412616408095236,0.9408097022353916,0.9408097022353916,True,0.0
2008-07-02 00:00:00+00:00,81284.44493137844,0.9399033463339492,0.9399033463339492,0.9408097022353916,,False,0.0
2008-07-03 00:00:00+00:00,81979.47420960308,0.939802109390001,0.939802109390001,0.9408097022353916,,False,0.0
2008-07-07 00:00:00+00:00,82772.2792043824,0.9401424337789095,0.9401424337789095,0.9408097022353916,,False,0.0
2008-07-08 00:00:00+00:00,84588.88740200258,0.9414541121276645,0.9414541121276645,0.9408097022353916,,False,0.0
2008-07-09 00:00:00+00:00,81998.70085128878,0.9399538396284938,0.9399538396284938,0.9408097022353916,,False,0.0
2008-07-10 00:00:00+00:00,82769.59743705703,0.9406149372213928,0.9406149372213928,0.9408097022353916,,False,0.0
2008-07-11 00:00:00+00:00,80880.32619377661,0.9397132450391568,0.9397132450391568,0.9408097022353916,,False,0.0
2008-07-14 00:00:00+00:00,80236.703022582,0.9392907502390652,0.9392907502390652,0.9408097022353916,,False,0.0
2008-07-15 00:00:00+00:00,80208.38510449525,0.93930364277953,0.93930364277953,0.9408097022353916,,False,0.0
2008-07-16 00:00:00+00:00,82475.3174455604,0.9406888641896326,0.9406888641896326,0.9408097022353916,,False,0.0
2008-07-17 00:00:00+00:00,82915.41016179658,0.9410557459421788,0.9410557459421788,0.9408097022353916,,False,0.0
2008-07-18 00:00:00+00:00,81150.98652146322,0.9397513604828792,0.9397513604828792,0.9408097022353916,,False,0.0
2008-07-21 00:00:00+00:00,81363.04161188063,0.9399916515496606,0.9399916515496606,0.9408097022353916,,False,0.0
2008-07-22 00:00:00+00:00,81702.67609081202,0.9399916515496606,0.9399916515496606,0.9408097022353916,,False,0.0
2008-07-23 00:00:00+00:00,83256.92774566678,0.9407257563501462,0.9407257563501462,0.9408097022353916,,False,0.0
2008-07-24 00:00:00+00:00,82350.41909834079,0.9398780678281216,0.9398780678281216,0.9408097022353916,,False,0.0
2008-07-25 00:00:00+00:00,83195.52498909997,0.9406026004932333,0.9406026004932333,0.9408097022353916,,False,0.0
2008-07-28 00:00:00+00:00,81414.80994953959,0.9395347220367956,0.9395347220367956,0.9408097022353916,,False,0.0
2008-07-29 00:00:00+00:00,83845.67331022554,0.9406888641896326,0.9406888641896326,0.9408097022353916,,False,0.0
2008-07-30 00:00:00+00:00,84402.80002059716,0.9409705469167681,0.9409705469167681,0.9408097022353916,,False,0.0
2008-07-31 00:00:00+00:00,84049.02950016301,0.9408361626476616,0.9408361626476616,0.9408097022353916,,False,0.0
2008-08-01 00:00:00+00:00,83157.49570491706,0.9401173560500566,0.9401173560500566,0.9787054648708966,0.9787054648708966,False,0.0
2008-08-04 00:00:00+00:00,82363.04427984504,0.9395475111740809,0.9395475111740809,0.9787054648708966,,False,0.0
2008-08-05 00:00:00+00:00,85530.46062302175,0.941406111502563,0.941406111502563,0.9787054648708966,,False,0.0
2008-08-06 00:00:00+00:00,87089.80588723705,0.9422349016799861,0.9422349016799861,0.9787054648708966,,False,0.0
2008-08-07 00:00:00+00:00,86839.50326054406,0.9418116162762163,0.9418116162762163,0.9787054648708966,,False,0.0
2008-08-08 00:00:00+00:00,90428.47403458916,0.9430292192322929,0.9430292192322929,0.9787054648708966,,False,0.0
2008-08-11 00:00:00+00:00,91746.04915434391,0.9435132751950913,0.9435132751950913,0.9787054648708966,,False,0.0
2008-08-12 00:00:00+00:00,92163.24813909008,0.9435690265669622,0.9435690265669622,0.9787054648708966,,False,0.0
2008-08-13 00:00:00+00:00,92043.0743865871,0.9434574135543697,0.9434574135543697,0.9787054648708966,,False,0.0
2008-08-14 00:00:00+00:00,93288.61825246862,0.9440658885634331,0.9440658885634331,0.9787054648708966,,False,0.0
2008-08-15 00:00:00+00:00,94144.62149775888,0.9439672173601681,0.9439672173601681,0.9787054648708966,,False,0.0
2008-08-18 00:00:00+00:00,92890.01147465038,0.9433453538720873,0.9433453538720873,0.9787054648708966,,False,0.0
2008-08-19 00:00:00+00:00,91704.26282819037,0.9426750689642528,0.9426750689642528,0.9787054648708966,,False,0.0
2008-08-20 00:00:00+00:00,92132.53784353357,0.942766885117945,0.942766885117945,0.9787054648708966,,False,0.0
2008-08-21 00:00:00+00:00,90653.76467582698,0.9425136842476253,0.9425136842476253,0.9787054648708966,,False,0.0
2008-08-22 00:00:00+00:00,92249.13025816636,0.9432215805325638,0.9432215805325638,0.9787054648708966,,False,0.0
2008-08-25 00:00:00+00:00,90398.60222960664,0.9420710255331086,0.9420710255331086,0.9787054648708966,,False,0.0
2008-08-26 00:00:00+00:00,91169.40480388116,0.9420005059915768,0.9420005059915768,0.9787054648708966,,False,0.0
2008-08-27 00:00:00+00:00,91574.39658412954,0.9423513882849872,0.9423513882849872,0.9787054648708966,,False,0.0
2008-08-28 00:00:00+00:00,92269.85247743345,0.9427897932185031,0.9427897932185031,0.9787054648708966,,False,0.0
2008-08-29 00:00:00+00:00,90540.41074994412,0.941633409365566,0.941633409365566,0.9787054648708966,,False,0.0
2008-09-02 00:00:00+00:00,90350.02999692847,0.9409461584165119,1.176776093661536,1.1762223588453913,1.1762223588453913,True,23194.139575139554
2008-09-03 00:00:00+00:00,89548.28897301757,1.1787822095261051,1.1787822095261051,1.1762223588453913,,False,23196.368789665386
2008-09-04 00:00:00+00:00,86904.81024182284,1.1858934514366515,1.1858934514366515,1.1762223588453913,,False,23198.630435622377
2008-09-05 00:00:00+00:00,86934.2299312423,1.186981383813436,1.186981383813436,1.1762223588453913,,False,23200.87941396183
2008-09-08 00:00:00+00:00,87645.34088439214,1.1874123772630254,1.1874123772630254,1.1762223588453913,,False,23203.115720949787
2008-09-09 00:00:00+00:00,85152.82163585199,1.1922767317344778,1.1922767317344778,1.1762223588453913,,False,23205.32001694328
2008-09-10 00:00:00+00:00,86926.71236007787,1.1904267837348448,1.1904267837348448,1.1762223588453913,,False,23207.550306033794
2008-09-11 00:00:00+00:00,89375.61362601026,1.1863040579073278,1.1863040579073278,1.1762223588453913,,False,23209.8839541479
2008-09-12 00:00:00+00:00,87498.00306169565,1.187191405457304,1.187191405457304,1.1762223588453913,,False,23212.14047064344
2008-09-15 00:00:00+00:00,84249.5732897169,1.1943872786617882,1.1943872786617882,1.1762223588453913,,False,23214.461684690505
2008-09-16 00:00:00+00:00,85156.97068411241,1.192609844623934,1.192609844623934,1.1762223588453913,,False,23217.131347784245
2008-09-17 00:00:00+00:00,79549.85818718381,1.2053356060256566,1.2053356060256566,1.1762223588453913,,False,23219.375670481197
2008-09-18 00:00:00+00:00,81829.60139922495,1.1973207188637571,1.1973207188637571,1.1762223588453913,,False,23222.149095908506
2008-09-19 00:00:00+00:00,85000.31387050297,1.189370877721459,1.189370877721459,1.1762223588453913,,False,23153.326489258783
2008-09-22 00:00:00+00:00,78529.87423181311,1.2006253226682893,1.2006253226682893,1.1762223588453913,,False,23155.24307017373
2008-09-23 00:00:00+00:00,77602.36890080158,1.2024890730750313,1.2024890730750313,1.1762223588453913,,False,23157.179105774874
2008-09-24 00:00:00+00:00,78682.91814747604,1.2008422512010337,1.2008422512010337,1.1762223588453913,,False,23159.08314050135
2008-09-25 00:00:00+00:00,80250.89859108807,1.1970942006525236,1.1970942006525236,1.1762223588453913,,False,23160.813638658237
2008-09-26 00:00:00+00:00,79532.72824686032,1.1995294519277901,1.1995294519277901,1.1762223588453913,,False,23162.57000035917
2008-09-29 00:00:00+00:00,73036.58164837462,1.2205404941176656,1.2205404941176656,1.1762223588453913,,False,23164.22998454253
2008-09-30 00:00:00+00:00,77215.18610197947,1.2130681625364994,1.2130681625364994,1.1762223588453913,,False,23166.198944091215
2008-10-01 00:00:00+00:00,76250.32670815314,1.2158526495967206,0.5553392536605756,0.5546048199081278,0.5546048199081278,True,0.0
2008-10-02 00:00:00+00:00,75420.00620517068,0.5438241464772436,0.5438241464772436,0.5546048199081278,,False,0.0
2008-10-03 00:00:00+00:00,74989.54017568206,0.5399436544820104,0.5399436544820104,0.5546048199081278,,False,0.0
2008-10-06 00:00:00+00:00,75188.46478791126,0.5306986850979152,0.5306986850979152,0.5546048199081278,,False,0.0
2008-10-07 00:00:00+00:00,71908.1980449508,0.514359608236479,0.514359608236479,0.5546048199081278,,False,0.0
2008-10-08 00:00:00+00:00,71451.3792254051,0.512362241128244,0.512362241128244,0.5546048199081278,,False,0.0
2008-10-09 00:00:00+00:00,70643.63405947984,0.5055576734564161,0.5055576734564161,0.5546048199081278,,False,0.0
2008-10-10 00:00:00+00:00,71331.79707240684,0.5039664646170265,0.5039664646170265,0.5546048199081278,,False,0.0
2008-10-13 00:00:00+00:00,75704.88476918182,0.5326198092114314,0.5326198092114314,0.5546048199081278,,False,0.0
2008-10-14 00:00:00+00:00,72947.60623812131,0.521594805171267,0.521594805171267,0.5546048199081278,,False,0.0
2008-10-15 00:00:00+00:00,70006.49223843495,0.49815234624680266,0.49815234624680266,0.5546048199081278,,False,0.0
2008-10-16 00:00:00+00:00,72707.57335625714,0.5113573837214163,0.5113573837214163,0.5546048199081278,,False,0.0
2008-10-17 00:00:00+00:00,72505.07312039028,0.5116670159663791,0.5116670159663791,0.5546048199081278,,False,0.0
2008-10-20 00:00:00+00:00,74356.24372203475,0.518531315096322,0.518531315096322,0.5546048199081278,,False,0.0
2008-10-21 00:00:00+00:00,73529.57870374857,0.5052402428560089,0.5052402428560089,0.5546048199081278,,False,0.0
2008-10-22 00:00:00+00:00,74011.11825077009,0.49823403304798713,0.49823403304798713,0.5546048199081278,,False,0.0
2008-10-23 00:00:00+00:00,73619.91471054706,0.4972520485215714,0.4972520485215714,0.5546048199081278,,False,0.0
2008-10-24 00:00:00+00:00,73813.16604621598,0.4890863653470014,0.4890863653470014,0.5546048199081278,,False,0.0
2008-10-27 00:00:00+00:00,73939.084966089,0.48204721557470437,0.48204721557470437,0.5546048199081278,,False,0.0
2008-10-28 00:00:00+00:00,77689.97107273794,0.5082394174586439,0.5082394174586439,0.5546048199081278,,False,0.0
2008-10-29 00:00:00+00:00,75326.67716103168,0.5076110402216615,0.5076110402216615,0.5546048199081278,,False,0.0
2008-10-30 00:00:00+00:00,76607.99494846538,0.5158088836675755,0.5158088836675755,0.5546048199081278,,False,0.0
2008-10-31 00:00:00+00:00,77683.78949262573,0.5161888323418184,0.5161888323418184,0.5546048199081278,,False,0.0
2008-11-03 00:00:00+00:00,77372.7093315674,0.515656731245085,0.515656731245085,0.5,0.5,False,0.0
2008-11-04 00:00:00+00:00,76682.51768027093,0.5226319614896171,0.5226319614896171,0.5,,False,0.0
2008-11-05 00:00:00+00:00,74489.61678566136,0.509257111258018,0.509257111258018,0.5,,False,0.0
2008-11-06 00:00:00+00:00,74408.87347128401,0.49782533289880293,0.49782533289880293,0.5,,False,0.0
2008-11-07 00:00:00+00:00,75048.9633088857,0.5029266859907311,0.5029266859907311,0.5,,False,0.0
2008-11-10 00:00:00+00:00,74640.0160315639,0.4995373836652129,0.4995373836652129,0.5,,False,0.0
2008-11-11 00:00:00+00:00,73828.14495743802,0.4940339117559864,0.4940339117559864,0.5,,False,0.0
2008-11-12 00:00:00+00:00,73304.27353848398,0.4822211965684017,0.4822211965684017,0.5,,False,0.0
2008-11-13 00:00:00+00:00,75651.71595026857,0.49700594762013656,0.49700594762013656,0.5,,False,0.0
2008-11-14 00:00:00+00:00,72636.06845234663,0.48455872451161053,0.48455872451161053,0.5,,False,0.0
2008-11-17 00:00:00+00:00,71923.46753573009,0.479247331239727,0.479247331239727,0.5,,False,0.0
2008-11-18 00:00:00+00:00,72090.95194722932,0.4789832830421609,0.4789832830421609,0.5,,False,0.0
2008-11-19 00:00:00+00:00,70817.8303838111,0.4656162401855028,0.4656162401855028,0.5,,False,0.0
2008-11-20 00:00:00+00:00,69608.78918804959,0.4532960315494519,0.4532960315494519,0.5,,False,0.0
2008-11-21 00:00:00+00:00,70945.08053791542,0.46385035303077254,0.46385035303077254,0.5,,False,0.0
2008-11-24 00:00:00+00:00,70924.41349970456,0.4786308019629673,0.4786308019629673,0.5,,False,0.0
2008-11-25 00:00:00+00:00,70008.10866050895,0.47748197122091773,0.47748197122091773,0.5,,False,0.0
2008-11-26 00:00:00+00:00,72532.79574711589,0.487727937477147,0.487727937477147,0.5,,False,0.0
2008-11-28 00:00:00+00:00,73018.3136657167,0.4857624954376793,0.4857624954376793,0.5,,False,0.0
2008-12-01 00:00:00+00:00,70684.89014099842,0.4662638968346493,0.4662638968346493,0.5,0.5,False,0.0
2008-12-02 00:00:00+00:00,71278.5764789858,0.4744532409082032,0.4744532409082032,0.5,,False,0.0
2008-12-03 00:00:00+00:00,72552.17642518511,0.48143731867148204,0.48143731867148204,0.5,,False,0.0
2008-12-04 00:00:00+00:00,70610.54221332095,0.47427398246581187,0.47427398246581187,0.5,,False,0.0
2008-12-05 00:00:00+00:00,73029.18656226588,0.484213765882823,0.484213765882823,0.5,,False,0.0
2008-12-08 00:00:00+00:00,72766.02415062085,0.49386776410927297,0.49386776410927297,0.5,,False,0.0
2008-12-09 00:00:00+00:00,72710.4859086389,0.49328540293804063,0.49328540293804063,0.5,,False,0.0
2008-12-10 00:00:00+00:00,72106.06266841422,0.4924511230131559,0.4924511230131559,0.5,,False,0.0
2008-12-11 00:00:00+00:00,69687.87468205557,0.48550501458492706,0.48550501458492706,0.5,,False,0.0
2008-12-12 00:00:00+00:00,70084.13589197934,0.49052182517653203,0.49052182517653203,0.5,,False,0.0
2008-12-15 00:00:00+00:00,67880.04496344556,0.48610538627975597,0.48610538627975597,0.5,,False,0.0
2008-12-16 00:00:00+00:00,68729.87617666175,0.49782533289880293,0.49782533289880293,0.5,,False,0.0
2008-12-17 00:00:00+00:00,65708.22559644497,0.4947802124707457,0.4947802124707457,0.5,,False,0.0
2008-12-18 00:00:00+00:00,65410.81864054119,0.4903533625632564,0.4903533625632564,0.5,,False,0.0
2008-12-19 00:00:00+00:00,67663.77825194108,0.49177162498981764,0.49177162498981764,0.5,,False,0.0
2008-12-22 00:00:00+00:00,66570.00171646893,0.4862721511618471,0.4862721511618471,0.5,,False,0.0
2008-12-23 00:00:00+00:00,66337.20354316485,0.4849861038178032,0.4849861038178032,0.5,,False,0.0
2008-12-24 00:00:00+00:00,66435.28613512611,0.4856727970399622,0.4856727970399622,0.5,,False,0.0
2008-12-26 00:00:00+00:00,65961.29377336895,0.48558705850335815,0.48558705850335815,0.5,,False,0.0
2008-12-29 00:00:00+00:00,64912.65179313745,0.4835207730521554,0.4835207730521554,0.5,,False,0.0
2008-12-30 00:00:00+00:00,66248.77578051151,0.4886556798721361,0.4886556798721361,0.5,,False,0.0
2008-12-31 00:00:00+00:00,67316.5803678047,0.4907652125375594,0.4907652125375594,0.5,,False,0.0
2009-01-02 00:00:00+00:00,68616.47416416652,0.5013795505621971,0.5013795505621971,0.6615009123845607,0.6615009123845607,False,0.0
2009-01-05 00:00:00+00:00,70475.15661046548,0.5012989691196829,0.5012989691196829,0.6615009123845607,,False,0.0
2009-01-06 00:00:00+00:00,71518.32705259461,0.5037848822525158,0.5037848822525158,0.6615009123845607,,False,0.0
2009-01-07 00:00:00+00:00,69091.91024163003,0.4965803698700032,0.4965803698700032,0.6615009123845607,,False,0.0
2009-01-08 00:00:00+00:00,69472.84733286593,0.49919471763156814,0.49919471763156814,0.6615009123845607,,False,0.0
2009-01-09 00:00:00+00:00,69809.70050518734,0.49352328791016903,0.49352328791016903,0.6615009123845607,,False,0.0
2009-01-12 00:00:00+00:00,69946.64527743058,0.48890975196860087,0.48890975196860087,0.6615009123845607,,False,0.0
2009-01-13 00:00:00+00:00,70748.02978236496,0.4889943865695922,0.4889943865695922,0.6615009123845607,,False,0.0
2009-01-14 00:00:00+00:00,69820.61351899015,0.4812634788829587,0.4812634788829587,0.6615009123845607,,False,0.0
2009-01-15 00:00:00+00:00,70802.18992538482,0.48532968766802814,0.48532968766802814,0.6615009123845607,,False,0.0
2009-01-16 00:00:00+00:00,70373.8808903074,0.4880618776755314,0.4880618776755314,0.6615009123845607,,False,0.0
2009-01-20 00:00:00+00:00,70250.06083680906,0.4753546384716861,0.4753546384716861,0.6615009123845607,,False,0.0
2009-01-21 00:00:00+00:00,72094.55774208921,0.48575850700080125,0.48575850700080125,0.6615009123845607,,False,0.0
2009-01-22 00:00:00+00:00,71156.06531494959,0.48239459526897677,0.48239459526897677,0.6615009123845607,,False,0.0
2009-01-23 00:00:00+00:00,71911.54820372941,0.48360720170053934,0.48360720170053934,0.6615009123845607,,False,0.0
2009-01-26 00:00:00+00:00,70657.50952013837,0.4854155120122641,0.4854155120122641,0.6615009123845607,,False,0.0
2009-01-27 00:00:00+00:00,70710.95694996552,0.48721118554194587,0.48721118554194587,0.6615009123845607,,False,0.0
2009-01-28 00:00:00+00:00,71459.62331907528,0.4958401574158204,0.4958401574158204,0.6615009123845607,,False,0.0
2009-01-29 00:00:00+00:00,71951.46137398771,0.48941712335431625,0.48941712335431625,0.6615009123845607,,False,0.0
2009-01-30 00:00:00+00:00,72357.49646078104,0.4849861038178032,0.4849861038178032,0.6615009123845607,,False,0.0
2009-02-02 00:00:00+00:00,72757.42160848252,0.48797693387602414,0.48797693387602414,0.6378184959127257,0.6378184959127257,False,0.0
2009-02-03 00:00:00+00:00,72174.44625637737,0.49185531449154857,0.49185531449154857,0.6378184959127257,,False,0.0
2009-02-04 00:00:00+00:00,73081.4347439824,0.49218978111991524,0.49218978111991524,0.6378184959127257,,False,0.0
2009-02-05 00:00:00+00:00,73984.48814920087,0.49764572779428645,0.49764572779428645,0.6378184959127257,,False,0.0
2009-02-06 00:00:00+00:00,74738.41831763888,0.5041038489970942,0.5041038489970942,0.6378184959127257,,False,0.0
2009-02-09 00:00:00+00:00,73805.29941718026,0.5051376345496826,0.5051376345496826,0.6378184959127257,,False,0.0
2009-02-10 00:00:00+00:00,72979.84179300064,0.49575777545093125,0.49575777545093125,0.6378184959127257,,False,0.0
2009-02-11 00:00:00+00:00,73225.15876626845,0.4946016261036949,0.4946016261036949,0.6378184959127257,,False,0.0
2009-02-12 00:00:00+00:00,74076.81008106699,0.49764572779428645,0.49764572779428645,0.6378184959127257,,False,0.0
2009-02-13 00:00:00+00:00,73580.8837755178,0.49649822965526164,0.49649822965526164,0.6378184959127257,,False,0.0
2009-02-17 00:00:00+00:00,73895.41695155212,0.48635766149717097,0.48635766149717097,0.6378184959127257,,False,0.0
2009-02-18 00:00:00+00:00,74061.41162011125,0.4865285967967326,0.4865285967967326,0.6378184959127257,,False,0.0
2009-02-19 00:00:00+00:00,72764.55177945035,0.48265492577431757,0.48265492577431757,0.6378184959127257,,False,0.0
2009-02-20 00:00:00+00:00,72776.0161317253,0.4833478454313427,0.4833478454313427,0.6378184959127257,,False,0.0
2009-02-23 00:00:00+00:00,71225.47431379394,0.47446117095969953,0.47446117095969953,0.6378184959127257,,False,0.0
2009-02-24 00:00:00+00:00,72369.8062513535,0.4825681780404525,0.4825681780404525,0.6378184959127257,,False,0.0
2009-02-25 00:00:00+00:00,72201.57896404555,0.48091445935643784,0.48091445935643784,0.6378184959127257,,False,0.0
2009-02-26 00:00:00+00:00,71045.81578820571,0.47383392402832225,0.47383392402832225,0.6378184959127257,,False,0.0
2009-02-27 00:00:00+00:00,71300.63930657887,0.47149097019179104,0.47149097019179104,0.6378184959127257,,False,0.0
2009-03-02 00:00:00+00:00,70632.96973285919,0.46331044970883783,0.7363766369401844,0.7359750692291146,0.7359750692291146,True,0.0
2009-03-03 00:00:00+00:00,70768.31348799696,0.7362308265922886,0.7362308265922886,0.7359750692291146,,False,0.0
2009-03-04 00:00:00+00:00,71825.98308869844,0.7413105772285027,0.7413105772285027,0.7359750692291146,,False,0.0
2009-03-05 00:00:00+00:00,70463.17486005457,0.7354259147238377,0.7354259147238377,0.7359750692291146,,False,0.0
2009-03-06 00:00:00+00:00,69450.2023426602,0.7338755448202438,0.7338755448202438,0.7359750692291146,,False,0.0
2009-03-09 00:00:00+00:00,68570.54992885744,0.7296510085169055,0.7296510085169055,0.7359750692291146,,False,0.0
2009-03-10 00:00:00+00:00,71009.26668751736,0.7413105772285027,0.7413105772285027,0.7359750692291146,,False,0.0
2009-03-11 00:00:00+00:00,71694.53399118561,0.7442244392371439,0.7442244392371439,0.7359750692291146,,False,0.0
2009-03-12 00:00:00+00:00,73319.98653546862,0.7503833284405851,0.7503833284405851,0.7359750692291146,,False,0.0
2009-03-13 00:00:00+00:00,72930.09085876093,0.7508398173909743,0.7508398173909743,0.7359750692291146,,False,0.0
2009-03-16 00:00:00+00:00,71428.20030208086,0.7476756420984422,0.7476756420984422,0.7359750692291146,,False,0.0
2009-03-17 00:00:00+00:00,73591.81753304947,0.7546220496417494,0.7546220496417494,0.7359750692291146,,False,0.0
2009-03-18 00:00:00+00:00,73510.35941844461,0.7569359300229873,0.7569359300229873,0.7359750692291146,,False,0.0
2009-03-19 00:00:00+00:00,70155.103557908,0.7568119691025734,0.7568119691025734,0.7359750692291146,,False,0.0
2009-03-20 00:00:00+00:00,70164.49084929998,0.7529566952558058,0.7529566952558058,0.7359750692291146,,False,0.0
2009-03-23 00:00:00+00:00,73262.37378455047,0.7634551754025541,0.7634551754025541,0.7359750692291146,,False,0.0
2009-03-24 00:00:00+00:00,72470.95047544119,0.760076294747494,0.760076294747494,0.7359750692291146,,False,0.0
2009-03-25 00:00:00+00:00,72644.63560200277,0.7609151037103524,0.7609151037103524,0.7359750692291146,,False,0.0
2009-03-26 00:00:00+00:00,74234.77079685142,0.7663987202570145,0.7663987202570145,0.7359750692291146,,False,0.0
2009-03-27 00:00:00+00:00,74562.77139838229,0.762986699387903,0.762986699387903,0.7359750692291146,,False,0.0
2009-03-30 00:00:00+00:00,74050.32200473131,0.7584418472329526,0.7584418472329526,0.7359750692291146,,False,0.0
2009-03-31 00:00:00+00:00,73889.71526785316,0.7600161529048627,0.7600161529048627,0.7359750692291146,,False,0.0
2009-04-01 00:00:00+00:00,74937.92503666204,0.7626929626062566,0.7626929626062566,0.5741532574054613,0.5741532574054613,False,0.0
2009-04-02 00:00:00+00:00,75436.17230024257,0.7683767711698997,0.7683767711698997,0.5741532574054613,,False,0.0
2009-04-03 00:00:00+00:00,76575.53474736804,0.7716364235374393,0.7716364235374393,0.5741532574054613,,False,0.0
2009-04-06 00:00:00+00:00,76909.8517503109,0.7711998333105666,0.7711998333105666,0.5741532574054613,,False,0.0
2009-04-07 00:00:00+00:00,75807.04051108049,0.7664557059767354,0.7664557059767354,0.5741532574054613,,False,0.0
2009-04-08 00:00:00+00:00,76752.46043924165,0.7694366077504822,0.7694366077504822,0.5741532574054613,,False,0.0
2009-04-09 00:00:00+00:00,79413.07107204263,0.7748056125474586,0.7748056125474586,0.5741532574054613,,False,0.0
2009-04-13 00:00:00+00:00,78102.02321845108,0.7745404567166996,0.7745404567166996,0.5741532574054613,,False,0.0
2009-04-14 00:00:00+00:00,77815.01066716733,0.7723964966562202,0.7723964966562202,0.5741532574054613,,False,0.0
2009-04-15 00:00:00+00:00,78208.1143156899,0.771908470651293,0.771908470651293,0.5741532574054613,,False,0.0
2009-04-16 00:00:00+00:00,79682.57783721996,0.776383581814992,0.776383581814992,0.5741532574054613,,False,0.0
2009-04-17 00:00:00+00:00,80835.78459789841,0.7767485925672772,0.7767485925672772,0.5741532574054613,,False,0.0
2009-04-20 00:00:00+00:00,79594.6319149069,0.7710356838947346,0.7710356838947346,0.5741532574054613,,False,0.0
2009-04-21 00:00:00+00:00,79986.29299555797,0.7734735392284422,0.7734735392284422,0.5741532574054613,,False,0.0
2009-04-22 00:00:00+00:00,79966.05526629346,0.7740082673820999,0.7740082673820999,0.5741532574054613,,False,0.0
2009-04-23 00:00:00+00:00,80347.79014008063,0.7757025198597446,0.7757025198597446,0.5741532574054613,,False,0.0
2009-04-24 00:00:00+00:00,80034.91410831509,0.7787094640145203,0.7787094640145203,0.5741532574054613,,False,0.0
2009-04-27 00:00:00+00:00,80968.79071768904,0.7789138757744335,0.7789138757744335,0.5741532574054613,,False,0.0
2009-04-28 00:00:00+00:00,80963.60721519227,0.7776301001824298,0.7776301001824298,0.5741532574054613,,False,0.0
2009-04-29 00:00:00+00:00,80213.44308361127,0.7799808428134928,0.7799808428134928,0.5741532574054613,,False,0.0
2009-04-30 00:00:00+00:00,81328.51180870809,0.7816866561646654,0.7816866561646654,0.5741532574054613,,False,0.0
2009-05-01 00:00:00+00:00,81354.13764325668,0.7821337771466668,0.7821337771466668,0.9180485937409081,0.9180485937409081,False,0.0
2009-05-04 00:00:00+00:00,82007.26775982589,0.7854537276123223,0.7854537276123223,0.9180485937409081,,False,0.0
2009-05-05 00:00:00+00:00,81890.8650668196,0.7853094000738523,0.7853094000738523,0.9180485937409081,,False,0.0
2009-05-06 00:00:00+00:00,82290.68530641789,0.7853575247051882,0.7853575247051882,0.9180485937409081,,False,0.0
2009-05-07 00:00:00+00:00,80187.5711581318,0.7813376266890726,0.7813376266890726,0.9180485937409081,,False,0.0
2009-05-08 00:00:00+00:00,79730.75121738829,0.7814374659435912,0.7814374659435912,0.9180485937409081,,False,0.0
2009-05-11 00:00:00+00:00,79209.55242197902,0.7820345731723841,0.7820345731723841,0.9180485937409081,,False,0.0
2009-05-12 00:00:00+00:00,78348.6099450365,0.7799302767073393,0.7799302767073393,0.9180485937409081,,False,0.0
2009-05-13 00:00:00+00:00,76856.26153608697,0.775228583157399,0.775228583157399,0.9180485937409081,,False,0.0
2009-05-14 00:00:00+00:00,77546.67402403512,0.7771642828242853,0.7771642828242853,0.9180485937409081,,False,0.0
2009-05-15 00:00:00+00:00,77905.59864047109,0.7770605005032145,0.7770605005032145,0.9180485937409081,,False,0.0
2009-05-18 00:00:00+00:00,79695.80269847738,0.7814873609018849,0.7814873609018849,0.9180485937409081,,False,0.0
2009-05-19 00:00:00+00:00,79369.65396450036,0.7822824233495319,0.7822824233495319,0.9180485937409081,,False,0.0
2009-05-20 00:00:00+00:00,78250.25865561423,0.7816866561646654,0.7816866561646654,0.9180485937409081,,False,0.0
2009-05-21 00:00:00+00:00,76908.22718480945,0.778504693462773,0.778504693462773,0.9180485937409081,,False,0.0
2009-05-22 00:00:00+00:00,75611.52404247208,0.7779395712007208,0.7779395712007208,0.9180485937409081,,False,0.0
2009-05-26 00:00:00+00:00,77876.01482021919,0.7841963610691904,0.7841963610691904,0.9180485937409081,,False,0.0
2009-05-27 00:00:00+00:00,77832.97985853194,0.7830225471146575,0.7830225471146575,0.9180485937409081,,False,0.0
2009-05-28 00:00:00+00:00,78403.42892714996,0.784971867198631,0.784971867198631,0.9180485937409081,,False,0.0
2009-05-29 00:00:00+00:00,78163.1357173253,0.7870286894869414,0.7870286894869414,0.9180485937409081,,False,0.0
2009-06-01 00:00:00+00:00,79513.17860248851,0.7917084647278916,1.0084724825787992,1.0080361615199305,1.0080361615199305,True,956.0781698858445
2009-06-02 00:00:00+00:00,79188.09988541804,1.0084611644347647,1.0084611644347647,1.0080361615199305,,False,956.1235835989141
2009-06-03 00:00:00+00:00,79369.72257814773,1.0084874040031768,1.0084874040031768,1.0080361615199305,,False,956.1687338792508
2009-06-04 00:00:00+00:00,80312.6221841506,1.008392295985567,1.008392295985567,1.0080361615199305,,False,956.21415189411
2009-06-05 00:00:00+00:00,81532.91885803966,1.0083834923055115,1.0083834923055115,1.0080361615199305,,False,956.2593064512828
2009-06-08 00:00:00+00:00,81907.59649360544,1.008409254884927,1.008409254884927,1.0080361615199305,,False,956.3047287683393
2009-06-09 00:00:00+00:00,81772.58736604116,1.0083453984944142,1.0083453984944142,1.0080361615199305,,False,956.3501532429558
2009-06-10 00:00:00+00:00,81663.09910591606,1.0083755046371832,1.0083755046371832,1.0080361615199305,,False,956.3947829167738
2009-06-11 00:00:00+00:00,81025.66298733122,1.008375898767844,1.008375898767844,1.0080361615199305,,False,956.4394146733099
2009-06-12 00:00:00+00:00,80952.84409564827,1.0084154703048553,1.0084154703048553,1.0080361615199305,,False,956.4837828350461
2009-06-15 00:00:00+00:00,80754.71545855013,1.0085931936980563,1.0085931936980563,1.0080361615199305,,False,956.5281530549721
2009-06-16 00:00:00+00:00,79419.01144636472,1.0086789491922685,1.0086789491922685,1.0080361615199305,,False,956.573853844507
2009-06-17 00:00:00+00:00,80347.24119209402,1.0085964375475214,1.0085964375475214,1.0080361615199305,,False,956.619556817524
2009-06-18 00:00:00+00:00,79454.83989122203,1.008613801363672,1.008613801363672,1.0080361615199305,,False,956.6657934294368
2009-06-19 00:00:00+00:00,80174.59574082687,1.007605138724566,1.007605138724566,1.0080361615199305,,False,853.5125441284099
2009-06-22 00:00:00+00:00,78615.42491716458,1.0078414960128725,1.0078414960128725,1.0080361615199305,,False,853.5540343215273
2009-06-23 00:00:00+00:00,77378.47462590205,1.0078599435805864,1.0078599435805864,1.0080361615199305,,False,853.5952894331862
2009-06-24 00:00:00+00:00,78805.37628715024,1.0077290132350616,1.0077290132350616,1.0080361615199305,,False,853.6365465388421
2009-06-25 00:00:00+00:00,80724.41940310822,1.0075791605056332,1.0075791605056332,1.0080361615199305,,False,853.6770942748027
2009-06-26 00:00:00+00:00,80310.84044958068,1.0075627213078535,1.0075627213078535,1.0080361615199305,,False,853.7171696717284
2009-06-29 00:00:00+00:00,80477.35413539401,1.0075463519113688,1.0075463519113688,1.0080361615199305,,False,853.757009806313
2009-06-30 00:00:00+00:00,80539.31328402973,1.0075613352250685,1.0075613352250685,1.0080361615199305,,False,853.796614645379
2009-07-01 00:00:00+00:00,79584.54239400297,1.0075575129453986,1.3625331177379083,1.3615684145828657,1.3615684145828657,True,40929.49298934755
2009-07-02 00:00:00+00:00,78125.15936298354,1.3737488808315559,1.3737488808315559,1.3615684145828657,,False,40931.42577096094
2009-07-06 00:00:00+00:00,77996.13033841974,1.3765333968023024,1.3765333968023024,1.3615684145828657,,False,40933.32453432309
2009-07-07 00:00:00+00:00,75180.93103236266,1.3898958796175231,1.3898958796175231,1.3615684145828657,,False,40935.23475613469
2009-07-08 00:00:00+00:00,76342.00813089452,1.387116327846102,1.387116327846102,1.3615684145828657,,False,40937.14506708998
2009-07-09 00:00:00+00:00,75574.3837457288,1.386214992085214,1.386214992085214,1.3615684145828657,,False,40939.03272433474
2009-07-10 00:00:00+00:00,76570.91173202077,1.383943458709937,1.383943458709937,1.3615684145828657,,False,40940.90909666794
2009-07-13 00:00:00+00:00,78338.39206482998,1.3740357162281158,1.3740357162281158,1.3615684145828657,,False,40942.78555500154
2009-07-14 00:00:00+00:00,78741.51605813579,1.3721909297455657,1.3721909297455657,1.3615684145828657,,False,40944.6393533475
2009-07-15 00:00:00+00:00,81523.91750892012,1.3558115347714328,1.3558115347714328,1.3615684145828657,,False,40946.49323562933
2009-07-16 00:00:00+00:00,82845.74403434736,1.3501752218717047,1.3501752218717047,1.3615684145828657,,False,40948.35857587673
2009-07-17 00:00:00+00:00,83413.67108398404,1.3476838119020957,1.3476838119020957,1.3615684145828657,,False,40950.23537564479
2009-07-20 00:00:00+00:00,83948.76513831437,1.343271189901334,1.343271189901334,1.3615684145828657,,False,40952.11226143284
2009-07-21 00:00:00+00:00,84810.15389420098,1.3401593162171284,1.3401593162171284,1.3615684145828657,,False,40953.98923324482
2009-07-22 00:00:00+00:00,85616.71069158596,1.3364014513313283,1.3364014513313283,1.3615684145828657,,False,40955.85491497656
2009-07-23 00:00:00+00:00,87857.30444084179,1.3267801635101482,1.3267801635101482,1.3615684145828657,,False,40957.72068170046
2009-07-24 00:00:00+00:00,87291.59385645352,1.3301395121990724,1.3301395121990724,1.3615684145828657,,False,40959.59791056504
2009-07-27 00:00:00+00:00,88188.48576663109,1.3268199091100916,1.3268199091100916,1.3615684145828657,,False,40961.47522546927
2009-07-28 00:00:00+00:00,87365.85904518294,1.32984279285931,1.32984279285931,1.3615684145828657,,False,40963.36400460467
2009-07-29 00:00:00+00:00,89280.59312055944,1.3269700151426398,1.3269700151426398,1.3615684145828657,,False,40965.241492121546
2009-07-30 00:00:00+00:00,89760.80258596365,1.3244728214139878,1.3244728214139878,1.3615684145828657,,False,40967.14182415743
2009-07-31 00:00:00+00:00,88065.35706011574,1.3258013784509814,1.3258013784509814,1.3615684145828657,,False,40969.042244347605
2009-08-03 00:00:00+00:00,88956.70085684265,1.3194865918357979,1.3194865918357979,1.1715392874563173,1.1715392874563173,False,40970.95413298567
2009-08-04 00:00:00+00:00,89054.21387317004,1.3195062648485727,1.3195062648485727,1.1715392874563173,,False,40972.866110845214
2009-08-05 00:00:00+00:00,88198.23977032512,1.322823840333788,1.322823840333788,1.1715392874563173,,False,40974.76679657869
2009-08-06 00:00:00+00:00,87375.54921300574,1.326650266996633,1.326650266996633,1.1715392874563173,,False,40976.66757048287
2009-08-07 00:00:00+00:00,89955.00616866615,1.3212589339839624,1.3212589339839624,1.1715392874563173,,False,40978.56843256183
2009-08-10 00:00:00+00:00,89352.32526073206,1.3242869918967617,1.3242869918967617,1.1715392874563173,,False,40980.46938281967
2009-08-11 00:00:00+00:00,88347.52555134498,1.3280367963630888,1.3280367963630888,1.1715392874563173,,False,40982.370421260486
2009-08-12 00:00:00+00:00,89699.78017301466,1.3214244111779285,1.3214244111779285,1.1715392874563173,,False,40984.26016389658
2009-08-13 00:00:00+00:00,89922.35147745664,1.3191169797862037,1.3191169797862037,1.1715392874563173,,False,40986.13860915409
2009-08-14 00:00:00+00:00,88977.37636265883,1.3240409513946747,1.3240409513946747,1.1715392874563173,,False,40988.017140507014
2009-08-17 00:00:00+00:00,86334.75218750442,1.337009252237288,1.337009252237288,1.1715392874563173,,False,40989.89575795929
2009-08-18 00:00:00+00:00,88064.52585887526,1.330710173480693,1.330710173480693,1.1715392874563173,,False,40991.79723367917
2009-08-19 00:00:00+00:00,87708.56349965195,1.3277137590046977,1.3277137590046977,1.1715392874563173,,False,40993.6987976064
2009-08-20 00:00:00+00:00,89239.21985093612,1.322718613760015,1.322718613760015,1.1715392874563173,,False,40995.60044974506
2009-08-21 00:00:00+00:00,90366.96518712226,1.3171464380396622,1.3171464380396622,1.1715392874563173,,False,40997.50219009926
2009-08-24 00:00:00+00:00,90152.93820000492,1.317581005645714,1.317581005645714,1.1715392874563173,,False,40999.392630478025
2009-08-25 00:00:00+00:00,90316.5422480453,1.3163575802064702,1.3163575802064702,1.1715392874563173,,False,41001.283158027094
2009-08-26 00:00:00+00:00,90868.96478255466,1.3171004604337158,1.3171004604337158,1.1715392874563173,,False,41003.16238350517
2009-08-27 00:00:00+00:00,90896.35087405234,1.3160865180715726,1.3160865180715726,1.1715392874563173,,False,41005.041695114414
2009-08-28 00:00:00+00:00,90468.33374863796,1.315694126124118,1.315694126124118,1.1715392874563173,,False,41006.909702569414
2009-08-31 00:00:00+00:00,89285.13779656822,1.3199813827964486,1.3199813827964486,1.1715392874563173,,False,41008.77779512253
2009-09-01 00:00:00+00:00,87803.633170361,1.3281155195162233,1.3281155195162233,1.3885552802943242,1.3885552802943242,False,41010.65736410481
2009-09-02 00:00:00+00:00,87645.52569519907,1.328468664812973,1.328468664812973,1.3885552802943242,,False,41012.537019234
2009-09-03 00:00:00+00:00,88217.3203197924,1.3256232612044674,1.3256232612044674,1.3885552802943242,,False,41014.42815288544
2009-09-04 00:00:00+00:00,90731.86715529268,1.3166134350416372,1.3166134350416372,1.3885552802943242,,False,41016.307980842445
2009-09-08 00:00:00+00:00,90467.67087208336,1.3127554755943145,1.3127554755943145,1.3885552802943242,,False,41018.18789495823
2009-09-09 00:00:00+00:00,91009.54679025534,1.3092861398826237,1.3092861398826237,1.3885552802943242,,False,41020.06789523675
2009-09-10 00:00:00+00:00,92170.84588333669,1.3055081311892287,1.3055081311892287,1.3885552802943242,,False,41021.94798168195
2009-09-11 00:00:00+00:00,92171.70058455785,1.305142356153773,1.305142356153773,1.3885552802943242,,False,41023.83954928333
2009-09-14 00:00:00+00:00,92462.82701827347,1.3036334803397795,1.3036334803397795,1.3885552802943242,,False,41025.719808596004
2009-09-15 00:00:00+00:00,92812.08731700014,1.3024220465715128,1.3024220465715128,1.3885552802943242,,False,41027.61155012051
2009-09-16 00:00:00+00:00,94053.20455931031,1.2968004400861681,1.2968004400861681,1.3885552802943242,,False,41029.51477543409
2009-09-17 00:00:00+00:00,93787.06709797721,1.2969090475821623,1.2969090475821623,1.3885552802943242,,False,41031.41808903617
2009-09-18 00:00:00+00:00,94158.10566767158,1.295437601502505,1.295437601502505,1.3885552802943242,,False,40903.359141660396
2009-09-21 00:00:00+00:00,94607.66616211995,1.2942874568121008,1.2942874568121008,1.3885552802943242,,False,40905.24524099859
2009-09-22 00:00:00+00:00,94176.2756447662,1.2935907878679316,1.2935907878679316,1.3885552802943242,,False,40907.1200647388
2009-09-23 00:00:00+00:00,93876.56740841223,1.295400145706756,1.295400145706756,1.3885552802943242,,False,40908.99497440844
2009-09-24 00:00:00+00:00,93140.26591741871,1.298883608585265,1.298883608585265,1.3885552802943242,,False,40910.86997001143
2009-09-25 00:00:00+00:00,92162.81032670902,1.3023552889893488,1.3023552889893488,1.3885552802943242,,False,40912.733687421176
2009-09-28 00:00:00+00:00,94410.97292342676,1.2958135508171116,1.2958135508171116,1.3885552802943242,,False,40914.586125085356
2009-09-29 00:00:00+00:00,94487.23950065489,1.2975583456538944,1.2975583456538944,1.3885552802943242,,False,40916.4386466238
2009-09-30 00:00:00+00:00,94075.34246667151,1.297301509256567,1.297301509256567,1.3885552802943242,,False,40918.268520685495
2009-10-01 00:00:00+00:00,91008.82630695714,1.3091855512188937,1.6649474540733107,1.6637667359916113,1.6637667359916113,True,87941.97813848962
2009-10-02 00:00:00+00:00,90202.6203250339,1.6682534458496723,1.6682534458496723,1.6637667359916113,,False,87945.91109917859
2009-10-05 00:00:00+00:00,91058.8787534117,1.659423372255105,1.659423372255105,1.6637667359916113,,False,87949.89309459779
2009-10-06 00:00:00+00:00,93116.19511894412,1.6406405664293724,1.6406405664293724,1.6637667359916113,,False,87953.87527031291
2009-10-07 00:00:00+00:00,93990.49473300479,1.637694214202063,1.637694214202063,1.6637667359916113,,False,87957.83319470008
2009-10-08 00:00:00+00:00,93993.22209559874,1.633302751301279,1.633302751301279,1.6637667359916113,,False,87961.81572992529
2009-10-09 00:00:00+00:00,95262.49864605625,1.6275256663065123,1.6275256663065123,1.6637667359916113,,False,87965.77401163314
2009-10-12 00:00:00+00:00,95588.28827757033,1.625415038797694,1.625415038797694,1.6637667359916113,,False,87969.73247146366
2009-10-13 00:00:00+00:00,94823.05099936911,1.6252220041842957,1.6252220041842957,1.6637667359916113,,False,87973.69110942488
2009-10-14 00:00:00+00:00,96529.24610871493,1.6117251305656444,1.6117251305656444,1.6637667359916113,,False,87977.6499255248
2009-10-15 00:00:00+00:00,95870.13017891454,1.614062622735308,1.614062622735308,1.6637667359916113,,False,87981.60891977146
2009-10-16 00:00:00+00:00,95218.03641437297,1.6206214933286736,1.6206214933286736,1.6637667359916113,,False,87985.59253150866
2009-10-19 00:00:00+00:00,96390.94763838667,1.610718142170336,1.610718142170336,1.6637667359916113,,False,87989.55188317258
2009-10-20 00:00:00+00:00,96695.94613937748,1.6105347686993594,1.6105347686993594,1.6637667359916113,,False,87993.51141300732
2009-10-21 00:00:00+00:00,95737.01608252483,1.6124047444207923,1.6124047444207923,1.6637667359916113,,False,87997.4711210209
2009-10-22 00:00:00+00:00,96381.23740110213,1.6085818649215846,1.6085818649215846,1.6637667359916113,,False,88001.40656347938
2009-10-23 00:00:00+00:00,95568.64664928232,1.612722058329491,1.612722058329491,1.6637667359916113,,False,88005.34218193957
2009-10-26 00:00:00+00:00,95625.65941822043,1.6159909750776933,1.6159909750776933,1.6637667359916113,,False,88009.27797640937
2009-10-27 00:00:00+00:00,94041.86040377495,1.6314648209462739,1.6314648209462739,1.6637667359916113,,False,88013.21394689665
2009-10-28 00:00:00+00:00,90952.65089515515,1.6555069810241074,1.6555069810241074,1.6637667359916113,,False,88017.15009340928
2009-10-29 00:00:00+00:00,93143.20147863062,1.637700364677384,1.637700364677384,1.6637667359916113,,False,88021.08641595513
2009-10-30 00:00:00+00:00,89431.48175261551,1.6670778287333134,1.6670778287333134,1.6637667359916113,,False,88025.02291454206
2009-11-02 00:00:00+00:00,89604.28454843455,1.6625432215521347,1.6625432215521347,1.6121611639922337,1.6121611639922337,False,88028.95958917796
2009-11-03 00:00:00+00:00,91117.09614390122,1.6591291578015461,1.6591291578015461,1.6121611639922337,,False,88032.92089235947
2009-11-04 00:00:00+00:00,90274.63015140251,1.657327969624786,1.657327969624786,1.6121611639922337,,False,88036.88237379963
2009-11-05 00:00:00+00:00,93831.51651832265,1.6315452298171687,1.6315452298171687,1.6121611639922337,,False,88040.86848819599
2009-11-06 00:00:00+00:00,94873.04102499958,1.6255666811309992,1.6255666811309992,1.6121611639922337,,False,88044.85478307477
2009-11-09 00:00:00+00:00,97091.4532277437,1.604616810142686,1.604616810142686,1.6121611639922337,,False,88048.81680154002
2009-11-10 00:00:00+00:00,97736.81921507815,1.6022173625408849,1.6022173625408849,1.6121611639922337,,False,88052.77899829608
2009-11-11 00:00:00+00:00,98739.36245647554,1.596129780692905,1.596129780692905,1.6121611639922337,,False,88056.76583245628
2009-11-12 00:00:00+00:00,98464.47403701216,1.601641679682608,1.601641679682608,1.6121611639922337,,False,88060.75284713147
2009-11-13 00:00:00+00:00,99621.71775172008,1.593840613569188,1.593840613569188,1.6121611639922337,,False,88064.71558100959
2009-11-16 00:00:00+00:00,100627.43917074628,1.58435966198794,1.58435966198794,1.6121611639922337,,False,88068.67849321073
2009-11-17 00:00:00+00:00,102129.22324576395,1.581500165353307,1.581500165353307,1.6121611639922337,,False,88072.64158374292
2009-11-18 00:00:00+00:00,100140.77134116279,1.5867431122547286,1.5867431122547286,1.6121611639922337,,False,88076.6048526142
2009-11-19 00:00:00+00:00,98222.97685151125,1.6016375234293923,1.6016375234293923,1.6121611639922337,,False,88080.54383410899
2009-11-20 00:00:00+00:00,97656.93459790334,1.6065761820508127,1.6065761820508127,1.6121611639922337,,False,88084.4829917638
2009-11-23 00:00:00+00:00,99526.57034371367,1.5913110823614347,1.5913110823614347,1.6121611639922337,,False,88088.42232558648
2009-11-24 00:00:00+00:00,99191.15194842072,1.5945687230710655,1.5945687230710655,1.6121611639922337,,False,88092.38630459113
2009-11-25 00:00:00+00:00,98891.79492298028,1.5905441114323244,1.5905441114323244,1.6121611639922337,,False,88096.35046197483
2009-11-27 00:00:00+00:00,97290.64838020159,1.605184178974723,1.605184178974723,1.6121611639922337,,False,88100.29032653716
2009-11-30 00:00:00+00:00,97265.96022471967,1.6041134393452423,1.6041134393452423,1.6121611639922337,,False,88104.25483960185
2009-12-01 00:00:00+00:00,98119.48583425957,1.5943085784697533,1.2816722171315922,1.280868762924939,1.280868762924939,True,41732.67500930911
2009-12-02 00:00:00+00:00,98557.29217009325,1.281197199132507,1.281197199132507,1.280868762924939,,False,41734.564572094256
2009-12-03 00:00:00+00:00,97897.27232554961,1.2826928464898906,1.2826928464898906,1.280868762924939,,False,41736.4542204346
2009-12-04 00:00:00+00:00,99851.78514853439,1.2808216204516603,1.2808216204516603,1.280868762924939,,False,41738.34395433403
2009-12-07 00:00:00+00:00,99677.06197398753,1.2825604179768084,1.2825604179768084,1.280868762924939,,False,41740.22217981197
2009-12-08 00:00:00+00:00,99419.67110832971,1.2848229832578795,1.2848229832578795,1.280868762924939,,False,41742.100489810065
2009-12-09 00:00:00+00:00,100815.73439851435,1.2811967005254243,1.2811967005254243,1.280868762924939,,False,41743.97888433211
2009-12-10 00:00:00+00:00,101521.1531808829,1.279426160598392,1.279426160598392,1.280868762924939,,False,41745.8573633819
2009-12-11 00:00:00+00:00,101817.09962062258,1.2808210153329744,1.2808210153329744,1.280868762924939,,False,41747.73592696326
2009-12-14 00:00:00+00:00,102747.32997834503,1.2774549960920478,1.2774549960920478,1.280868762924939,,False,41749.61457507997
2009-12-15 00:00:00+00:00,102930.20054887235,1.279474427784987,1.279474427784987,1.280868762924939,,False,41751.49330773585
2009-12-16 00:00:00+00:00,102661.65527460663,1.2790071035613084,1.2790071035613084,1.280868762924939,,False,41753.38372257173
2009-12-17 00:00:00+00:00,102897.26345315157,1.2834363919927376,1.2834363919927376,1.280868762924939,,False,41755.28582116353
2009-12-18 00:00:00+00:00,105254.39854153404,1.2762284024600903,1.2762284024600903,1.280868762924939,,False,41520.94265298064
2009-12-21 00:00:00+00:00,106480.42740606154,1.2723355098934783,1.2723355098934783,1.280868762924939,,False,41522.81109540002
2009-12-22 00:00:00+00:00,107865.22911669085,1.270285872214805,1.270285872214805,1.280868762924939,,False,41524.67962189932
2009-12-23 00:00:00+00:00,108119.69863118262,1.2678191151946034,1.2678191151946034,1.280868762924939,,False,41526.5482324823
2009-12-24 00:00:00+00:00,109184.10168635957,1.2647401181471092,1.2647401181471092,1.280868762924939,,False,41528.40539200048
2009-12-28 00:00:00+00:00,109712.68351768807,1.2630187378694444,1.2630187378694444,1.280868762924939,,False,41530.26263457496
2009-12-29 00:00:00+00:00,109415.4416866046,1.264406515529921,1.264406515529921,1.280868762924939,,False,41532.131496393515
2009-12-30 00:00:00+00:00,110141.80256669661,1.2634085657736354,1.2634085657736354,1.280868762924939,,False,41534.000442310855
2009-12-31 00:00:00+00:00,108753.10550959625,1.2664861966565384,1.2664861966565384,1.280868762924939,,False,41535.85793510841
2010-01-04 00:00:00+00:00,109993.06184293517,1.2616477869458753,1.751710903792997,1.75,1.75,True,119220.59452709793
2010-01-05 00:00:00+00:00,110119.17160434282,1.751770160905887,1.751770160905887,1.75,,False,119225.95945385165
2010-01-06 00:00:00+00:00,108936.75215546583,1.7598586874220972,1.7598586874220972,1.75,,False,119231.32462202708
2010-01-07 00:00:00+00:00,109743.37881827702,1.7590503266711721,1.7590503266711721,1.75,,False,119236.69003163507
2010-01-08 00:00:00+00:00,110995.08662854462,1.7482759006568875,1.7482759006568875,1.75,,False,119241.98944008091
2010-01-11 00:00:00+00:00,108842.3143236667,1.7537129087544514,1.7537129087544514,1.75,,False,119247.32220683087
2010-01-12 00:00:00+00:00,106545.88951862587,1.7706816538385997,1.7706816538385997,1.75,,False,119252.65521207401
2010-01-13 00:00:00+00:00,109124.10981899576,1.7541164951554604,1.7541164951554604,1.75,,False,119257.98845582099
2010-01-14 00:00:00+00:00,109391.30295274689,1.7530356456510614,1.7530356456510614,1.75,,False,119263.32193808249
2010-01-15 00:00:00+00:00,107915.64892461164,1.7687831100098197,1.7687831100098197,1.75,,False,119268.65565886916
2010-01-19 00:00:00+00:00,111824.94534436079,1.7475041952124946,1.7475041952124946,1.75,,False,119274.02274837381
2010-01-20 00:00:00+00:00,110364.48938181986,1.7668349613603926,1.7668349613603926,1.75,,False,119279.42321107048
2010-01-21 00:00:00+00:00,108442.37884477763,1.7797982898176328,1.7797982898176328,1.75,,False,119284.8239182881
2010-01-22 00:00:00+00:00,102447.01727758972,1.82267107307383,1.82267107307383,1.75,,False,119290.19173536441
2010-01-25 00:00:00+00:00,103135.81169254411,1.8176755545692567,1.8176755545692567,1.75,,False,119295.52665782813
2010-01-26 00:00:00+00:00,103910.92230570063,1.816402874654704,1.816402874654704,1.75,,False,119300.89495652773
2010-01-27 00:00:00+00:00,105471.63900479804,1.8049307215064712,1.8049307215064712,1.75,,False,119306.26349680078
2010-01-28 00:00:00+00:00,101001.40635911644,1.844198414377909,1.844198414377909,1.75,,False,119311.63227865813
2010-01-29 00:00:00+00:00,98613.82555468938,1.872344570080205,1.872344570080205,1.75,,False,119317.00130211067
2010-02-01 00:00:00+00:00,97393.6089204821,1.8548372408176548,1.3192816624889032,1.2798801542268712,1.2798801542268712,True,43235.86918432536
2010-02-02 00:00:00+00:00,98190.40531057488,1.3155477477426925,1.3155477477426925,1.2798801542268712,,False,43237.838818365984
2010-02-03 00:00:00+00:00,99240.57404389128,1.3133004653386682,1.3133004653386682,1.2798801542268712,,False,43239.80854213438
2010-02-04 00:00:00+00:00,96494.77034380793,1.3256962650303001,1.3256962650303001,1.2798801542268712,,False,43241.7663445767
2010-02-05 00:00:00+00:00,98656.59062357595,1.3221089604310667,1.3221089604310667,1.2798801542268712,,False,43243.73624726573
2010-02-08 00:00:00+00:00,97065.26738159182,1.3252296654413331,1.3252296654413331,1.2798801542268712,,False,43245.69422754582
2010-02-09 00:00:00+00:00,97705.57540557122,1.320864363442833,1.320864363442833,1.2798801542268712,,False,43247.652296478904
2010-02-10 00:00:00+00:00,97953.0732674493,1.3217708655037617,1.3217708655037617,1.2798801542268712,,False,43249.61045406899
2010-02-11 00:00:00+00:00,100508.48489809132,1.3154893086055122,1.3154893086055122,1.2798801542268712,,False,43251.55668653943
2010-02-12 00:00:00+00:00,100890.49765706212,1.314654908215176,1.314654908215176,1.2798801542268712,,False,43253.50300659032
2010-02-16 00:00:00+00:00,101713.00314571256,1.3094670443208412,1.3094670443208412,1.2798801542268712,,False,43255.449414225615
2010-02-17 00:00:00+00:00,103357.91083513091,1.3072161292858724,1.3072161292858724,1.2798801542268712,,False,43257.40792485187
2010-02-18 00:00:00+00:00,104666.2638110138,1.304731641662909,1.304731641662909,1.2798801542268712,,False,43259.35450820849
2010-02-19 00:00:00+00:00,104797.10908381031,1.3049269188739239,1.3049269188739239,1.2798801542268712,,False,43261.30117916136
2010-02-22 00:00:00+00:00,104121.18581698289,1.3057459259625834,1.3057459259625834,1.2798801542268712,,False,43263.25995474253
2010-02-23 00:00:00+00:00,102757.99364256328,1.311028896091339,1.311028896091339,1.2798801542268712,,False,43265.206801440494
2010-02-24 00:00:00+00:00,103830.23640515558,1.3069464780522575,1.3069464780522575,1.2798801542268712,,False,43267.15373574656
2010-02-25 00:00:00+00:00,104568.63153575895,1.307054397863359,1.307054397863359,1.2798801542268712,,False,43269.08873901085
2010-02-26 00:00:00+00:00,103642.3838142613,1.3056393018696035,1.3056393018696035,1.2798801542268712,,False,43271.0358480041
2010-03-01 00:00:00+00:00,106731.18180191139,1.2999697449239263,1.2999697449239263,1.2504690277794448,1.2504690277794448,False,43272.995064349445
2010-03-02 00:00:00+00:00,106778.2756767182,1.29878999762207,1.29878999762207,1.2504690277794448,,False,43274.96638968016
2010-03-03 00:00:00+00:00,105628.5520834109,1.2983822809118322,1.2983822809118322,1.2504690277794448,,False,43276.93780481569
2010-03-04 00:00:00+00:00,107328.89731926129,1.297130962673012,1.297130962673012,1.2504690277794448,,False,43278.92133113174
2010-03-05 00:00:00+00:00,109129.59746658387,1.2914470068481902,1.2914470068481902,1.2504690277794448,,False,43280.916970282015
2010-03-08 00:00:00+00:00,109361.06990059535,1.2907367989252876,1.2907367989252876,1.2504690277794448,,False,43282.92472393036
2010-03-09 00:00:00+00:00,110367.2738526696,1.2886719450562625,1.2886719450562625,1.2504690277794448,,False,43284.908524646875
2010-03-10 00:00:00+00:00,110932.99967319565,1.2856988045012392,1.2856988045012392,1.2504690277794448,,False,43286.88039270189
2010-03-11 00:00:00+00:00,111345.37878409318,1.284320582096059,1.284320582096059,1.2504690277794448,,False,43288.85235058644
2010-03-12 00:00:00+00:00,110734.38010598104,1.2842601985924966,1.2842601985924966,1.2504690277794448,,False,43290.83642298584
2010-03-15 00:00:00+00:00,111189.14593327322,1.285205206180533,1.285205206180533,1.2504690277794448,,False,43292.844636786576
2010-03-16 00:00:00+00:00,111231.49608607928,1.2829134189007276,1.2829134189007276,1.2504690277794448,,False,43294.88902111664
2010-03-17 00:00:00+00:00,111774.5839444932,1.2819414656752717,1.2819414656752717,1.2504690277794448,,False,43296.933501987085
2010-03-18 00:00:00+00:00,113376.35202022785,1.280750299391689,1.280750299391689,1.2504690277794448,,False,43298.95402555051
2010-03-19 00:00:00+00:00,113065.54734833816,1.282021606370206,1.282021606370206,1.2504690277794448,,False,43143.012621076545
2010-03-22 00:00:00+00:00,114368.07326889929,1.2788020969520704,1.2788020969520704,1.2504690277794448,,False,43145.02596166553
2010-03-23 00:00:00+00:00,115339.67024141837,1.2763847241023003,1.2763847241023003,1.2504690277794448,,False,43147.039396210406
2010-03-24 00:00:00+00:00,116251.14783994452,1.278093115167686,1.278093115167686,1.2504690277794448,,False,43149.04093942684
2010-03-25 00:00:00+00:00,116059.14704812964,1.2786287235818437,1.2786287235818437,1.2504690277794448,,False,43151.04257549265
2010-03-26 00:00:00+00:00,115743.99704811996,1.2782742300007837,1.2782742300007837,1.2504690277794448,,False,43153.04430441212
2010-03-29 00:00:00+00:00,115871.99445218199,1.276596541221021,1.276596541221021,1.2504690277794448,,False,43155.046126189576
2010-03-30 00:00:00+00:00,116847.19676666534,1.2754462865863145,1.2754462865863145,1.2504690277794448,,False,43157.03605331651
2010-03-31 00:00:00+00:00,115132.76727707194,1.277142614347359,1.277142614347359,1.2504690277794448,,False,43159.02607220119
2010-04-01 00:00:00+00:00,114657.97529731847,1.277158247358782,1.7516565126709531,1.75,1.75,True,116942.2742692049
2010-04-05 00:00:00+00:00,117247.80434064828,1.7396117596215626,1.7396117596215626,1.75,,False,116947.6990913724
2010-04-06 00:00:00+00:00,118782.38685984614,1.7359849776719396,1.7359849776719396,1.75,,False,116953.22162160727
2010-04-07 00:00:00+00:00,118394.58220501334,1.739204157947046,1.739204157947046,1.75,,False,116958.7444126283
2010-04-08 00:00:00+00:00,118891.83125504853,1.7363674959634334,1.7363674959634334,1.75,,False,116964.23497590766
2010-04-09 00:00:00+00:00,119152.80252513252,1.7288968988875948,1.7288968988875948,1.75,,False,116969.72579693848
2010-04-12 00:00:00+00:00,118271.77114486576,1.7279292707635039,1.7279292707635039,1.75,,False,116975.21687573283
2010-04-13 00:00:00+00:00,119265.0326050193,1.72163526659512,1.72163526659512,1.75,,False,116980.70821230284
2010-04-14 00:00:00+00:00,121058.19262426202,1.707129820080244,1.707129820080244,1.75,,False,116986.23230130174
2010-04-15 00:00:00+00:00,123100.08612477581,1.7019048461277184,1.7019048461277184,1.75,,False,116991.75665116042
2010-04-16 00:00:00+00:00,121062.28989251996,1.7165586934377994,1.7165586934377994,1.75,,False,116997.34625731154
2010-04-19 00:00:00+00:00,121192.89621622828,1.7173629645516526,1.7173629645516526,1.75,,False,117002.90363125876
2010-04-20 00:00:00+00:00,122349.05755575432,1.7112518552571823,1.7112518552571823,1.75,,False,117008.42876837468
2010-04-21 00:00:00+00:00,124104.78881156661,1.7045237491616787,1.7045237491616787,1.75,,False,117013.95416639985
2010-04-22 00:00:00+00:00,126085.3934943405,1.6979222700660537,1.6979222700660537,1.75,,False,117019.4798253466
2010-04-23 00:00:00+00:00,126385.58866407299,1.6930661011311259,1.6930661011311259,1.75,,False,117025.00574522724
2010-04-26 00:00:00+00:00,126142.14368111156,1.69568619427312,1.69568619427312,1.75,,False,117030.5319260541
2010-04-27 00:00:00+00:00,122572.07725430312,1.7217192621144102,1.7217192621144102,1.75,,False,117036.05836783949
2010-04-28 00:00:00+00:00,123630.68147827967,1.7210231442800403,1.7210231442800403,1.75,,False,117041.58507059576
2010-04-29 00:00:00+00:00,126246.33381774182,1.70009269875893,1.70009269875893,1.75,,False,117047.1120343352
2010-04-30 00:00:00+00:00,121470.79475585271,1.7244230715293596,1.7244230715293596,1.75,,False,117052.60674598347
2010-05-03 00:00:00+00:00,125524.84271991561,1.7073879535377863,1.7073879535377863,1.75,1.75,False,117058.13423019092
2010-05-04 00:00:00+00:00,120415.63490046671,1.7456955650303394,1.7456955650303394,1.75,,False,117063.66197541845
2010-05-05 00:00:00+00:00,120687.07098294144,1.7525390995117962,1.7525390995117962,1.75,,False,117069.22249936228
2010-05-06 00:00:00+00:00,115414.61664039695,1.799420262312231,1.799420262312231,1.75,,False,117074.783287431
2010-05-07 00:00:00+00:00,109959.92370462851,1.837005261381796,1.837005261381796,1.75,,False,117080.31181886401
2010-05-10 00:00:00+00:00,119142.33838927597,1.7641234368472076,1.7641234368472076,1.75,,False,117085.84061136657
2010-05-11 00:00:00+00:00,120283.52577768898,1.7656007882018772,1.7656007882018772,1.75,,False,117091.369664951
2010-05-12 00:00:00+00:00,125002.18816294729,1.7409893953409077,1.7409893953409077,1.75,,False,117096.89897962962
2010-05-13 00:00:00+00:00,122266.91283993151,1.762062836926341,1.762062836926341,1.75,,False,117102.42855541478
2010-05-14 00:00:00+00:00,119817.23778058059,1.7888524888023318,1.7888524888023318,1.75,,False,117107.95839231879
2010-05-17 00:00:00+00:00,121389.4113877742,1.7844338218546438,1.7844338218546438,1.75,,False,117113.48849035398
2010-05-18 00:00:00+00:00,117829.04047890811,1.8043165668484462,1.8043165668484462,1.75,,False,117119.05138105727
2010-05-19 00:00:00+00:00,116516.89711683823,1.8161205667370837,1.8161205667370837,1.75,,False,117124.61453599787
2010-05-20 00:00:00+00:00,108190.77155141775,1.8752029340200498,1.8752029340200498,1.75,,False,117130.14542057319
2010-05-21 00:00:00+00:00,108627.60431877305,1.857513557229476,1.857513557229476,1.75,,False,117135.67656632916
2010-05-24 00:00:00+00:00,109281.89440101114,1.8640317599114846,1.8640317599114846,1.75,,False,117141.20797327813
2010-05-25 00:00:00+00:00,110591.99126882537,1.8626679224962361,1.8626679224962361,1.75,,False,117146.77218065686
2010-05-26 00:00:00+00:00,108770.45583258005,1.8811029705102467,1.8811029705102467,1.75,,False,117152.33665233543
2010-05-27 00:00:00+00:00,115121.62184527285,1.8227063778366606,1.8227063778366606,1.75,,False,117157.86884601068
2010-05-28 00:00:00+00:00,113891.23576899036,1.8317007175228486,1.8317007175228486,1.75,,False,117163.40130092841
2010-06-01 00:00:00+00:00,105246.07705163166,1.8460463185414504,0.740259751920061,0.6900408420180334,0.6900408420180334,True,0.0
2010-06-02 00:00:00+00:00,107617.6283951092,0.7447349566406356,0.7447349566406356,0.6900408420180334,,False,0.0
2010-06-03 00:00:00+00:00,108495.65516575382,0.7465307920522543,0.7465307920522543,0.6900408420180334,,False,0.0
2010-06-04 00:00:00+00:00,107438.29957346631,0.7398761672007289,0.7398761672007289,0.6900408420180334,,False,0.0
2010-06-07 00:00:00+00:00,106338.34522579508,0.7363283939360374,0.7363283939360374,0.6900408420180334,,False,0.0
2010-06-08 00:00:00+00:00,105878.12338089186,0.7359770733574731,0.7359770733574731,0.6900408420180334,,False,0.0
2010-06-09 00:00:00+00:00,104788.87143137884,0.7343400045679108,0.7343400045679108,0.6900408420180334,,False,0.0
2010-06-10 00:00:00+00:00,106400.9308176102,0.7397907704328053,0.7397907704328053,0.6900408420180334,,False,0.0
2010-06-11 00:00:00+00:00,107453.58467715752,0.741614490896001,0.741614490896001,0.6900408420180334,,False,0.0
2010-06-14 00:00:00+00:00,105685.87276326885,0.7415723762801402,0.7415723762801402,0.6900408420180334,,False,0.0
2010-06-15 00:00:00+00:00,107350.57747922513,0.7466118228561608,0.7466118228561608,0.6900408420180334,,False,0.0
2010-06-16 00:00:00+00:00,107711.55215216504,0.7473790316656431,0.7473790316656431,0.6900408420180334,,False,0.0
2010-06-17 00:00:00+00:00,107602.27859017362,0.7479814320274356,0.7479814320274356,0.6900408420180334,,False,0.0
2010-06-18 00:00:00+00:00,107674.47274347495,0.7469876444854828,0.7469876444854828,0.6900408420180334,,False,0.0
2010-06-21 00:00:00+00:00,106773.97993356053,0.7453688611647107,0.7453688611647107,0.6900408420180334,,False,0.0
2010-06-22 00:00:00+00:00,106866.71306456142,0.7438941619236529,0.7438941619236529,0.6900408420180334,,False,0.0
2010-06-23 00:00:00+00:00,106479.47053197214,0.7431089235604007,0.7431089235604007,0.6900408420180334,,False,0.0
2010-06-24 00:00:00+00:00,105465.17128385644,0.7401739509549717,0.7401739509549717,0.6900408420180334,,False,0.0
2010-06-25 00:00:00+00:00,105066.15355953052,0.7390280708872478,0.7390280708872478,0.6900408420180334,,False,0.0
2010-06-28 00:00:00+00:00,104927.86011535981,0.7383446320520141,0.7383446320520141,0.6900408420180334,,False,0.0
2010-06-29 00:00:00+00:00,103018.57749852994,0.7306743074866533,0.7306743074866533,0.6900408420180334,,False,0.0
2010-06-30 00:00:00+00:00,101011.08427001689,0.7276459150433868,0.7276459150433868,0.6900408420180334,,False,0.0
2010-07-01 00:00:00+00:00,99405.41130842119,0.7270879710686007,0.7270879710686007,0.908961203759417,0.908961203759417,False,0.0
2010-07-02 00:00:00+00:00,98310.4759746796,0.7265277363955148,0.7265277363955148,0.908961203759417,,False,0.0
2010-07-06 00:00:00+00:00,97991.50156409467,0.727134546294731,0.727134546294731,0.908961203759417,,False,0.0
2010-07-07 00:00:00+00:00,100680.24086897704,0.7333250574213805,0.7333250574213805,0.908961203759417,,False,0.0
2010-07-08 00:00:00+00:00,100373.99784126319,0.7343884657555263,0.7343884657555263,0.908961203759417,,False,0.0
2010-07-09 00:00:00+00:00,101426.30910006358,0.7362291435659329,0.7362291435659329,0.908961203759417,,False,0.0
2010-07-12 00:00:00+00:00,102177.43369516512,0.7367937250212375,0.7367937250212375,0.908961203759417,,False,0.0
2010-07-13 00:00:00+00:00,101969.09671729259,0.7392834469764513,0.7392834469764513,0.908961203759417,,False,0.0
2010-07-14 00:00:00+00:00,102062.70790631884,0.7402577517102308,0.7402577517102308,0.908961203759417,,False,0.0
2010-07-15 00:00:00+00:00,101035.89924441384,0.7404264412679256,0.7404264412679256,0.908961203759417,,False,0.0
2010-07-16 00:00:00+00:00,98769.61452014309,0.7350048728105962,0.7350048728105962,0.908961203759417,,False,0.0
2010-07-19 00:00:00+00:00,99054.41228631955,0.7366636579802384,0.7366636579802384,0.908961203759417,,False,0.0
2010-07-20 00:00:00+00:00,100384.67592228892,0.7389854514298556,0.7389854514298556,0.908961203759417,,False,0.0
2010-07-21 00:00:00+00:00,100042.92135013847,0.7363161611252502,0.7363161611252502,0.908961203759417,,False,0.0
2010-07-22 00:00:00+00:00,101236.27779528622,0.7411409941234998,0.7411409941234998,0.908961203759417,,False,0.0
2010-07-23 00:00:00+00:00,101940.78965679235,0.7423508898278471,0.7423508898278471,0.908961203759417,,False,0.0
2010-07-26 00:00:00+00:00,101704.02386472805,0.7439192387744866,0.7439192387744866,0.908961203759417,,False,0.0
2010-07-27 00:00:00+00:00,101671.43931952499,0.7438371677897967,0.7438371677897967,0.908961203759417,,False,0.0
2010-07-28 00:00:00+00:00,100952.00516406778,0.7423093488500139,0.7423093488500139,0.908961203759417,,False,0.0
2010-07-29 00:00:00+00:00,99891.50007206552,0.7408892458227654,0.7408892458227654,0.908961203759417,,False,0.0
2010-07-30 00:00:00+00:00,100015.13372815982,0.741308554727635,0.741308554727635,0.908961203759417,,False,0.0
2010-08-02 00:00:00+00:00,100503.06265837133,0.7448592658539988,1.2217266620166851,1.2205642989722527,1.2205642989722527,True,29357.21641714184
2010-08-03 00:00:00+00:00,99484.97599478117,1.2229064215754308,1.2229064215754308,1.2205642989722527,,False,29358.59457535698
2010-08-04 00:00:00+00:00,101334.4049275379,1.2201957058457462,1.2201957058457462,1.2205642989722527,,False,29359.97279826899
2010-08-05 00:00:00+00:00,101051.28732017758,1.2208397825984691,1.2208397825984691,1.2205642989722527,,False,29361.35108588091
2010-08-06 00:00:00+00:00,99916.55293226334,1.2212562282674082,1.2212562282674082,1.2205642989722527,,False,29362.729438195773
2010-08-09 00:00:00+00:00,101062.56281365379,1.2194348475300139,1.2194348475300139,1.2205642989722527,,False,29364.09969890289
2010-08-10 00:00:00+00:00,101103.07838085125,1.221802825697577,1.221802825697577,1.2205642989722527,,False,29365.470023555506
2010-08-11 00:00:00+00:00,99225.71912913404,1.229444116226071,1.229444116226071,1.2205642989722527,,False,29366.840412156605
2010-08-12 00:00:00+00:00,98509.34034772447,1.2317162071684151,1.2317162071684151,1.2205642989722527,,False,29368.202707253502
2010-08-13 00:00:00+00:00,98403.39619292294,1.2337753359966146,1.2337753359966146,1.2205642989722527,,False,29369.57322337984
2010-08-16 00:00:00+00:00,98074.08730659184,1.2332740215064155,1.2332740215064155,1.2205642989722527,,False,29370.951961678384
2010-08-17 00:00:00+00:00,99210.05933728219,1.229683556385423,1.229683556385423,1.2205642989722527,,False,29372.338923298797
2010-08-18 00:00:00+00:00,99832.4015053887,1.228581716283741,1.228581716283741,1.2205642989722527,,False,29373.72595041462
2010-08-19 00:00:00+00:00,98240.4980570848,1.2329299476863451,1.2329299476863451,1.2205642989722527,,False,29375.104883660628
2010-08-20 00:00:00+00:00,99564.83181971872,1.2325599411196853,1.2325599411196853,1.2205642989722527,,False,29376.483881639888
2010-08-23 00:00:00+00:00,98548.10336068859,1.2354157113876107,1.2354157113876107,1.2205642989722527,,False,29377.871104489855
2010-08-24 00:00:00+00:00,96184.04744184269,1.2409848229855578,1.2409848229855578,1.2205642989722527,,False,29379.250232327817
2010-08-25 00:00:00+00:00,97508.40201543052,1.2381550927917713,1.2381550927917713,1.2205642989722527,,False,29380.62942490817
2010-08-26 00:00:00+00:00,95564.40628439252,1.2417690174119174,1.2417690174119174,1.2205642989722527,,False,29382.00868223395
2010-08-27 00:00:00+00:00,96643.06435606947,1.2381827793534912,1.2381827793534912,1.2205642989722527,,False,29383.3880043082
2010-08-30 00:00:00+00:00,95987.00797043189,1.241315432013024,1.241315432013024,1.2205642989722527,,False,29384.767391133955
2010-08-31 00:00:00+00:00,95440.67064428724,1.24236431555694,1.24236431555694,1.2205642989722527,,False,29386.14684271426
2010-09-01 00:00:00+00:00,98101.35832687463,1.2336939193129393,1.4530431506655503,1.452407549979556,1.452407549979556,True,56946.287423050366
2010-09-02 00:00:00+00:00,99606.09124276381,1.4458372958231112,1.4458372958231112,1.452407549979556,,False,56948.960734876615
2010-09-03 00:00:00+00:00,101507.61305268145,1.435434816976268,1.435434816976268,1.452407549979556,,False,56951.6341722
2010-09-07 00:00:00+00:00,101803.77124372643,1.4397169266938916,1.4397169266938916,1.452407549979556,,False,56954.307735026414
2010-09-08 00:00:00+00:00,103533.05983993877,1.432256957010554,1.432256957010554,1.452407549979556,,False,56956.99724400279
2010-09-09 00:00:00+00:00,104263.72697199052,1.4298896819203968,1.4298896819203968,1.452407549979556,,False,56959.67105859564
2010-09-10 00:00:00+00:00,104618.14869804253,1.4276792605071156,1.4276792605071156,1.452407549979556,,False,56962.32917657837
2010-09-13 00:00:00+00:00,105383.27670933313,1.419356511030075,1.419356511030075,1.452407549979556,,False,56964.987418606615
2010-09-14 00:00:00+00:00,105004.21864481382,1.4168796757710387,1.4168796757710387,1.452407549979556,,False,56967.64578468615
2010-09-15 00:00:00+00:00,105991.67073730803,1.4132057852781401,1.4132057852781401,1.452407549979556,,False,56970.32009916882
2010-09-16 00:00:00+00:00,106006.99612672388,1.410922782378351,1.410922782378351,1.452407549979556,,False,56973.02618937353
2010-09-17 00:00:00+00:00,106692.20038310935,1.406873391820685,1.406873391820685,1.452407549979556,,False,56632.96968616742
2010-09-20 00:00:00+00:00,109083.35811219343,1.397121119591368,1.397121119591368,1.452407549979556,,False,56635.65975222751
2010-09-21 00:00:00+00:00,108535.38245979766,1.397261164892911,1.397261164892911,1.452407549979556,,False,56638.34994606574
2010-09-22 00:00:00+00:00,106117.99277899561,1.3987711200375619,1.3987711200375619,1.452407549979556,,False,56641.024534813194
2010-09-23 00:00:00+00:00,106380.86843991214,1.3990268908158512,1.3990268908158512,1.452407549979556,,False,56643.714983478596
2010-09-24 00:00:00+00:00,108334.5698737149,1.3880111189715827,1.3880111189715827,1.452407549979556,,False,56646.38982557504
2010-09-27 00:00:00+00:00,107522.99552492688,1.3909873768686611,1.3909873768686611,1.452407549979556,,False,56649.080529091756
2010-09-28 00:00:00+00:00,106606.02596659336,1.391233286287704,1.391233286287704,1.452407549979556,,False,56651.73988870548
2010-09-29 00:00:00+00:00,105934.79468592678,1.3921428712306825,1.3921428712306825,1.452407549979556,,False,56654.39937316137
2010-09-30 00:00:00+00:00,105560.98559771467,1.394620597527526,1.394620597527526,1.452407549979556,,False,56657.05898246527
2010-10-01 00:00:00+00:00,104152.08048097117,1.395319974170504,1.6588516433225846,1.657980214579708,1.657980214579708,True,94381.00620573881
2010-10-04 00:00:00+00:00,102773.62798535742,1.6709396019681868,1.6709396019681868,1.657980214579708,,False,94385.46308658742
2010-10-05 00:00:00+00:00,105821.51230055427,1.644768606516686,1.644768606516686,1.657980214579708,,False,94389.92017789984
2010-10-06 00:00:00+00:00,103636.96255851153,1.6541350739092875,1.6541350739092875,1.657980214579708,,False,94394.37747968602
2010-10-07 00:00:00+00:00,104283.04851096917,1.6502529962469725,1.6502529962469725,1.657980214579708,,False,94398.80877129549
2010-10-08 00:00:00+00:00,105448.94381532539,1.643001110856986,1.643001110856986,1.657980214579708,,False,94403.21404903814
2010-10-11 00:00:00+00:00,105515.43057212642,1.6426259346245446,1.6426259346245446,1.657980214579708,,False,94407.61953236043
2010-10-12 00:00:00+00:00,107289.66215250624,1.6355432473882177,1.6355432473882177,1.657980214579708,,False,94412.02522127195
2010-10-13 00:00:00+00:00,107803.49575720607,1.627198334164386,1.627198334164386,1.657980214579708,,False,94416.43111578228
2010-10-14 00:00:00+00:00,106673.90900125269,1.6292728927706412,1.6292728927706412,1.657980214579708,,False,94420.83721590102
2010-10-15 00:00:00+00:00,110895.23386312365,1.6082881608895323,1.6082881608895323,1.657980214579708,,False,94425.2697496481
2010-10-18 00:00:00+00:00,110391.64128474607,1.6119663120992138,1.6119663120992138,1.657980214579708,,False,94429.7287207196
2010-10-19 00:00:00+00:00,109910.79688243198,1.621385063614821,1.621385063614821,1.657980214579708,,False,94434.16167187344
2010-10-20 00:00:00+00:00,110232.43017704674,1.61418196603433,1.61418196603433,1.657980214579708,,False,94438.59483112971
2010-10-21 00:00:00+00:00,110386.93083852848,1.6122976408950793,1.6122976408950793,1.657980214579708,,False,94443.02819849817
2010-10-22 00:00:00+00:00,112152.07210460954,1.6056799954612924,1.6056799954612924,1.657980214579708,,False,94447.4617739886
2010-10-25 00:00:00+00:00,112358.0487356627,1.601053272255959,1.601053272255959,1.657980214579708,,False,94451.89555761077
2010-10-26 00:00:00+00:00,113759.34508582113,1.5985130111367432,1.5985130111367432,1.657980214579708,,False,94456.32954937445
2010-10-27 00:00:00+00:00,115020.08028726904,1.5956299284954567,1.5956299284954567,1.657980214579708,,False,94460.76374928941
2010-10-28 00:00:00+00:00,114235.48389364348,1.5936778911011102,1.5936778911011102,1.657980214579708,,False,94465.19815736542
2010-10-29 00:00:00+00:00,114101.29511040742,1.5959013354336486,1.5959013354336486,1.657980214579708,,False,94469.63277361225
2010-11-01 00:00:00+00:00,114287.03078199932,1.5952180290618492,1.5952180290618492,1.75,1.75,False,94474.09383960433
2010-11-02 00:00:00+00:00,115095.24664472339,1.5852508058833998,1.5852508058833998,1.75,,False,94478.55511625788
2010-11-03 00:00:00+00:00,116020.98822482616,1.581105622228949,1.581105622228949,1.75,,False,94483.01660358282
2010-11-04 00:00:00+00:00,116520.63786515471,1.5700981892332069,1.5700981892332069,1.75,,False,94487.4783015891
2010-11-05 00:00:00+00:00,118103.41312422165,1.5701402108058131,1.5701402108058131,1.75,,False,94491.91396376492
2010-11-08 00:00:00+00:00,119242.86044695225,1.5690166196880542,1.5690166196880542,1.75,,False,94496.32358641656
2010-11-09 00:00:00+00:00,118758.75386608925,1.5739177718361927,1.5739177718361927,1.75,,False,94500.73341485059
2010-11-10 00:00:00+00:00,120894.34960460206,1.569432238775811,1.569432238775811,1.75,,False,94505.11719887289
2010-11-11 00:00:00+00:00,119690.2980988611,1.5751872516670642,1.5751872516670642,1.75,,False,94509.50118625406
2010-11-12 00:00:00+00:00,116852.64817317964,1.590386598677845,1.590386598677845,1.75,,False,94513.88537700353
2010-11-15 00:00:00+00:00,116866.6750932275,1.5940290311641876,1.5940290311641876,1.75,,False,94518.32227884485
2010-11-16 00:00:00+00:00,114625.77215540636,1.6100620990370405,1.6100620990370405,1.75,,False,94522.8118991531
2010-11-17 00:00:00+00:00,114837.66219541623,1.6072582119911354,1.6072582119911354,1.75,,False,94527.3017327183
2010-11-18 00:00:00+00:00,117258.3098612986,1.5919987765176922,1.5919987765176922,1.75,,False,94531.7655219668
2010-11-19 00:00:00+00:00,117087.92468046771,1.5913250401946353,1.5913250401946353,1.75,,False,94536.22952200533
2010-11-22 00:00:00+00:00,119013.19151153475,1.5835819669032554,1.5835819669032554,1.75,,False,94540.71999290763
2010-11-23 00:00:00+00:00,117958.96386471597,1.5986770911828019,1.5986770911828019,1.75,,False,94545.15815448508
2010-11-24 00:00:00+00:00,122104.9162493584,1.5800232263886114,1.5800232263886114,1.75,,False,94549.62278695348
2010-11-26 00:00:00+00:00,121806.67687120102,1.5861689833987243,1.5861689833987243,1.75,,False,94554.08763025176
2010-11-29 00:00:00+00:00,123060.0115618398,1.586918593437511,1.586918593437511,1.75,,False,94558.55268438986
2010-11-30 00:00:00+00:00,121204.79903498424,1.5984903558547532,1.5984903558547532,1.75,,False,94563.01794937773
2010-12-01 00:00:00+00:00,124215.99040872641,1.5789907162715333,1.5789907162715333,1.547555814981416,1.547555814981416,False,94567.48342522533
2010-12-02 00:00:00+00:00,125450.11299780135,1.5698979526580379,1.5698979526580379,1.547555814981416,,False,94571.94911194264
2010-12-03 00:00:00+00:00,124650.09075597068,1.567618027295884,1.567618027295884,1.547555814981416,,False,94576.38873955373
2010-12-06 00:00:00+00:00,125437.58022891286,1.5679901395883935,1.5679901395883935,1.547555814981416,,False,94580.80230436158
2010-12-07 00:00:00+00:00,125091.53022845954,1.5675358853174723,1.5675358853174723,1.547555814981416,,False,94585.21607513579
2010-12-08 00:00:00+00:00,126585.70417789771,1.5642936469954825,1.5642936469954825,1.547555814981416,,False,94589.60377821483
2010-12-09 00:00:00+00:00,127111.0327159994,1.563519581999555,1.563519581999555,1.547555814981416,,False,94593.99168483455
2010-12-10 00:00:00+00:00,128080.33596526523,1.5577602189828557,1.5577602189828557,1.547555814981416,,False,94598.35351889557
2010-12-13 00:00:00+00:00,125982.79606191891,1.5608467641422046,1.5608467641422046,1.547555814981416,,False,94602.7155540856
2010-12-14 00:00:00+00:00,126285.07062823788,1.5592796527690373,1.5592796527690373,1.547555814981416,,False,94607.10406894604
2010-12-15 00:00:00+00:00,126251.86336004536,1.563195038751217,1.563195038751217,1.547555814981416,,False,94611.54534688705
2010-12-16 00:00:00+00:00,128746.55423173001,1.5564904767557475,1.5564904767557475,1.547555814981416,,False,94616.01311430622
2010-12-17 00:00:00+00:00,129319.68551538086,1.553889699683781,1.553889699683781,1.547555814981416,,False,94227.74135279629
2010-12-20 00:00:00+00:00,129769.54178739297,1.5532995234515183,1.5532995234515183,1.547555814981416,,False,94232.19099613796
2010-12-21 00:00:00+00:00,130915.47619141694,1.5481900220745175,1.5481900220745175,1.547555814981416,,False,94236.66702521028
2010-12-22 00:00:00+00:00,131295.12069123244,1.5483847524403624,1.5483847524403624,1.547555814981416,,False,94241.11709004203
2010-12-23 00:00:00+00:00,130653.34929260594,1.5505995075955683,1.5505995075955683,1.547555814981416,,False,94245.54118692764
2010-12-27 00:00:00+00:00,130313.38950848217,1.550172059297796,1.550172059297796,1.547555814981416,,False,94249.96549150003
2010-12-28 00:00:00+00:00,130178.84648795916,1.55177387597775,1.55177387597775,1.547555814981416,,False,94254.39000376893
2010-12-29 00:00:00+00:00,130014.51398937873,1.5499405766940721,1.5499405766940721,1.547555814981416,,False,94258.7885419691
2010-12-30 00:00:00+00:00,128693.50126646386,1.5520104631024154,1.5520104631024154,1.547555814981416,,False,94263.1872854344
2010-12-31 00:00:00+00:00,127959.34150684875,1.5552036556031976,1.5552036556031976,1.547555814981416,,False,94267.61241839308
2011-01-03 00:00:00+00:00,130008.24195790979,1.5420842206192715,1.750728007956516,1.75,1.75,True,130502.06779134841
2011-01-04 00:00:00+00:00,130473.31590280776,1.7517415608251345,1.7517415608251345,1.75,,False,130508.19413841973
2011-01-05 00:00:00+00:00,133769.51206395638,1.740767899315045,1.740767899315045,1.75,,False,130514.28452081286
2011-01-06 00:00:00+00:00,136003.79285227397,1.7366867865825888,1.7366867865825888,1.75,,False,130520.37518742382
2011-01-07 00:00:00+00:00,136658.6618936924,1.737891981936009,1.737891981936009,1.75,,False,130526.42988260613
2011-01-10 00:00:00+00:00,137536.06073056592,1.7331620374497987,1.7331620374497987,1.75,,False,130532.48485865901
2011-01-11 00:00:00+00:00,137520.84607647808,1.7314126140792199,1.7314126140792199,1.75,,False,130538.5401155955
2011-01-12 00:00:00+00:00,138274.49476979004,1.722560411499009,1.722560411499009,1.75,,False,130544.59565342864
2011-01-13 00:00:00+00:00,135268.99523132257,1.7221778959771046,1.7221778959771046,1.75,,False,130550.61520978376
2011-01-14 00:00:00+00:00,137363.78352837253,1.7131185268067843,1.7131185268067843,1.75,,False,130556.63504370733
2011-01-18 00:00:00+00:00,137288.4610221136,1.7097616824621993,1.7097616824621993,1.75,,False,130562.65515521212
2011-01-19 00:00:00+00:00,133657.0069543962,1.723893605365303,1.723893605365303,1.75,,False,130568.78434652358
2011-01-20 00:00:00+00:00,132532.24897635158,1.7328951722977435,1.7328951722977435,1.75,,False,130574.87755645975
2011-01-21 00:00:00+00:00,129438.9132299855,1.7428194840564133,1.7428194840564133,1.75,,False,130580.97105074572
2011-01-24 00:00:00+00:00,131855.09258960903,1.725395808101748,1.725395808101748,1.75,,False,130587.02855690279
2011-01-25 00:00:00+00:00,132260.21879986272,1.723684646542488,1.723684646542488,1.75,,False,130593.12261823544
2011-01-26 00:00:00+00:00,133036.61033759965,1.7171818414385462,1.7171818414385462,1.75,,False,130599.18068809023
2011-01-27 00:00:00+00:00,134439.12548002406,1.7097328762792592,1.7097328762792592,1.75,,False,130605.23903897215
2011-01-28 00:00:00+00:00,129371.4821310901,1.7419588269769597,1.7419588269769597,1.75,,False,130611.29767089424
2011-01-31 00:00:00+00:00,129431.54153945265,1.735808761319585,1.735808761319585,1.75,,False,130617.35658386954
2011-02-01 00:00:00+00:00,132883.91521111486,1.7126723092007046,1.7126723092007046,1.7208828541380394,1.7208828541380394,False,130623.41577791107
2011-02-02 00:00:00+00:00,132655.10875857054,1.7146602430844986,1.7146602430844986,1.7208828541380394,,False,130629.51153731404
2011-02-03 00:00:00+00:00,134268.07375201202,1.7125722616517416,1.7125722616517416,1.7208828541380394,,False,130635.60758118579
2011-02-04 00:00:00+00:00,136251.71124643114,1.7058494442166012,1.7058494442166012,1.7208828541380394,,False,130641.6676218708
2011-02-07 00:00:00+00:00,137614.44761666207,1.700284049047291,1.700284049047291,1.7208828541380394,,False,130647.72794367437
2011-02-08 00:00:00+00:00,137830.59216029715,1.6925770850130244,1.6925770850130244,1.7208828541380394,,False,130653.78854660953
2011-02-09 00:00:00+00:00,137414.1425349787,1.6946573000557095,1.6946573000557095,1.7208828541380394,,False,130659.8131379703
2011-02-10 00:00:00+00:00,138286.79611348786,1.6928869505271236,1.6928869505271236,1.7208828541380394,,False,130665.80171273912
2011-02-11 00:00:00+00:00,141188.38779890328,1.6845515709255823,1.6845515709255823,1.7208828541380394,,False,130671.7905619843
2011-02-14 00:00:00+00:00,142237.6878442865,1.6818526298558323,1.6818526298558323,1.7208828541380394,,False,130677.77968571839
2011-02-15 00:00:00+00:00,141696.21426856995,1.6834751020489045,1.6834751020489045,1.7208828541380394,,False,130683.76908395399
2011-02-16 00:00:00+00:00,142680.8533320383,1.6761341131614922,1.6761341131614922,1.7208828541380394,,False,130689.79505775064
2011-02-17 00:00:00+00:00,141914.27574396503,1.6765712764796592,1.6765712764796592,1.7208828541380394,,False,130695.78500669078
2011-02-18 00:00:00+00:00,140753.6078050014,1.679138165228462,1.679138165228462,1.7208828541380394,,False,130701.77523017026
2011-02-22 00:00:00+00:00,134025.60894745126,1.7138896910900516,1.7138896910900516,1.7208828541380394,,False,130707.76572820164
2011-02-23 00:00:00+00:00,131196.608532373,1.724174756674662,1.724174756674662,1.7208828541380394,,False,130713.75650079752
2011-02-24 00:00:00+00:00,132046.54904394574,1.7176685637806546,1.7176685637806546,1.7208828541380394,,False,130719.74754797047
2011-02-25 00:00:00+00:00,135557.09508457515,1.700995313203358,1.700995313203358,1.7208828541380394,,False,130725.73886973309
2011-02-28 00:00:00+00:00,135677.64998574002,1.698576482250382,1.698576482250382,1.7208828541380394,,False,130731.73046609796
2011-03-01 00:00:00+00:00,129831.96864633399,1.7182724442054784,1.435435208678929,1.414299601317077,1.414299601317077,True,78089.59973125233
2011-03-02 00:00:00+00:00,130284.81209754401,1.4321894510482869,1.4321894510482869,1.414299601317077,,False,78093.17883790667
2011-03-03 00:00:00+00:00,133223.0176681453,1.4203132288779807,1.4203132288779807,1.414299601317077,,False,78096.77980115308
2011-03-04 00:00:00+00:00,131905.79746296527,1.423436986251702,1.423436986251702,1.414299601317077,,False,78100.35923689397
2011-03-07 00:00:00+00:00,129441.67916818197,1.4317336564794563,1.4317336564794563,1.414299601317077,,False,78103.93883669232
2011-03-08 00:00:00+00:00,130783.34756091239,1.4292899306037175,1.4292899306037175,1.414299601317077,,False,78107.4969050171
2011-03-09 00:00:00+00:00,129567.05051131797,1.4335265571209432,1.4335265571209432,1.414299601317077,,False,78111.05513543167
2011-03-10 00:00:00+00:00,127426.46601926582,1.4434762246034085,1.4434762246034085,1.414299601317077,,False,78114.6135279434
2011-03-11 00:00:00+00:00,128190.41713802925,1.439549673757449,1.439549673757449,1.414299601317077,,False,78118.17208255967
2011-03-14 00:00:00+00:00,126521.54590459882,1.4418302327788255,1.4418302327788255,1.414299601317077,,False,78121.70909979563
2011-03-15 00:00:00+00:00,123988.49598758086,1.4511031936286605,1.4511031936286605,1.414299601317077,,False,78125.26797765461
2011-03-16 00:00:00+00:00,120036.45695784829,1.4675160301765053,1.4675160301765053,1.414299601317077,,False,78128.82701764026
2011-03-17 00:00:00+00:00,120801.42628158098,1.4612963698029542,1.4612963698029542,1.414299601317077,,False,78132.38621975995
2011-03-18 00:00:00+00:00,119318.20336709065,1.4615384351674696,1.4615384351674696,1.414299601317077,,False,77874.39772651075
2011-03-21 00:00:00+00:00,122306.62314857775,1.4489168505705652,1.4489168505705652,1.414299601317077,,False,77877.96696973988
2011-03-22 00:00:00+00:00,121744.4952769391,1.4501216034904663,1.4501216034904663,1.414299601317077,,False,77881.51474379073
2011-03-23 00:00:00+00:00,123494.54654208876,1.4465279877659214,1.4465279877659214,1.414299601317077,,False,77885.0626794624
2011-03-24 00:00:00+00:00,125988.61591393466,1.4353657983456416,1.4353657983456416,1.414299601317077,,False,77888.61077676225
2011-03-25 00:00:00+00:00,126933.23007809745,1.4338564335535198,1.4338564335535198,1.414299601317077,,False,77892.13739997242
2011-03-28 00:00:00+00:00,126295.26927027953,1.4373044555281806,1.4373044555281806,1.414299601317077,,False,77895.66418286024
2011-03-29 00:00:00+00:00,128186.13671669936,1.4313014280503262,1.4313014280503262,1.414299601317077,,False,77899.19112543298
2011-03-30 00:00:00+00:00,129005.7080383956,1.4284287479628757,1.4284287479628757,1.414299601317077,,False,77902.71822769783
2011-03-31 00:00:00+00:00,128458.25558013847,1.4276043868066892,1.4276043868066892,1.414299601317077,,False,77906.24548966203
2011-04-01 00:00:00+00:00,128262.2194005451,1.4273128589410462,1.4273128589410462,1.3200179269041283,1.3200179269041283,False,77909.70798946157
2011-04-04 00:00:00+00:00,127600.564677986,1.4293666078791434,1.4293666078791434,1.3200179269041283,,False,77913.19228473555
2011-04-05 00:00:00+00:00,127040.03504390256,1.4310073484498584,1.4310073484498584,1.3200179269041283,,False,77916.63345072813
2011-04-06 00:00:00+00:00,126567.06983700545,1.4295280534933754,1.4295280534933754,1.3200179269041283,,False,77920.07476870554
2011-04-07 00:00:00+00:00,126845.3646839831,1.4299847133790051,1.4299847133790051,1.3200179269041283,,False,77923.53788313971
2011-04-08 00:00:00+00:00,124678.0397800536,1.4329333497004035,1.4329333497004035,1.3200179269041283,,False,77927.00115149007
2011-04-11 00:00:00+00:00,123933.67194126415,1.4350405877106436,1.4350405877106436,1.3200179269041283,,False,77930.44292737426
2011-04-12 00:00:00+00:00,122700.79075802096,1.4394008249316879,1.4394008249316879,1.3200179269041283,,False,77933.88485527021
2011-04-13 00:00:00+00:00,124013.59038897918,1.4341077409842644,1.4341077409842644,1.3200179269041283,,False,77937.3052868833
2011-04-14 00:00:00+00:00,123809.57163446289,1.4352329951811513,1.4352329951811513,1.3200179269041283,,False,77940.72586861534
2011-04-15 00:00:00+00:00,123673.63582200506,1.4363641738691186,1.4363641738691186,1.3200179269041283,,False,77944.16825067453
2011-04-18 00:00:00+00:00,124415.40421339014,1.440863734820949,1.440863734820949,1.3200179269041283,,False,77947.6757382458
2011-04-19 00:00:00+00:00,124581.60360794383,1.4369742699818358,1.4369742699818358,1.3200179269041283,,False,77951.14007938972
2011-04-20 00:00:00+00:00,126908.29040172843,1.4232477953347553,1.4232477953347553,1.3200179269041283,,False,77954.62622759883
2011-04-21 00:00:00+00:00,127707.8217272567,1.418540283658998,1.418540283658998,1.3200179269041283,,False,77958.09087765339
2011-04-25 00:00:00+00:00,128250.37402597618,1.4170455549600993,1.4170455549600993,1.3200179269041283,,False,77961.55568169239
2011-04-26 00:00:00+00:00,128840.22593104516,1.4137637561312848,1.4137637561312848,1.3200179269041283,,False,77965.02063972269
2011-04-27 00:00:00+00:00,129774.86920770672,1.4098491459366662,1.4098491459366662,1.3200179269041283,,False,77968.46409480095
2011-04-28 00:00:00+00:00,128390.88902447217,1.4107547790710215,1.4107547790710215,1.3200179269041283,,False,77971.90770196513
2011-04-29 00:00:00+00:00,127923.91927486149,1.411270990416139,1.411270990416139,1.3200179269041283,,False,77975.35146122197
2011-05-02 00:00:00+00:00,127079.16857135952,1.4123802302070312,1.7511824676431822,1.75,1.75,True,141948.48978558145
2011-05-03 00:00:00+00:00,125975.92990363877,1.7575397216629811,1.7575397216629811,1.75,,False,141954.75917721365
2011-05-04 00:00:00+00:00,125767.46920864115,1.759645962105397,1.759645962105397,1.75,,False,141961.02884574397
2011-05-05 00:00:00+00:00,126912.09411763438,1.767076067361413,1.767076067361413,1.75,,False,141967.29879118467
2011-05-06 00:00:00+00:00,128413.83346373733,1.7627416630854473,1.7627416630854473,1.75,,False,141973.56901354794
2011-05-09 00:00:00+00:00,131014.69505351396,1.7577749838209102,1.7577749838209102,1.75,,False,141979.83951284603
2011-05-10 00:00:00+00:00,132444.37766523403,1.7466522632389296,1.7466522632389296,1.75,,False,141986.1102890912
2011-05-11 00:00:00+00:00,131575.01075796114,1.7563069487694725,1.7563069487694725,1.75,,False,141992.38134229562
2011-05-12 00:00:00+00:00,133320.80915498603,1.748534640780311,1.748534640780311,1.75,,False,141998.65267247157
2011-05-13 00:00:00+00:00,131368.21546809195,1.7644216557088752,1.7644216557088752,1.75,,False,142004.92427963126
2011-05-16 00:00:00+00:00,126657.16963751204,1.7885400435544134,1.7885400435544134,1.75,,False,142011.19616378695
2011-05-17 00:00:00+00:00,127859.67555551147,1.78469053705782,1.78469053705782,1.75,,False,142017.50777250534
2011-05-18 00:00:00+00:00,128712.44348899747,1.7732440018092321,1.7732440018092321,1.75,,False,142023.78021243197
2011-05-19 00:00:00+00:00,129521.75107235539,1.769309167625216,1.769309167625216,1.75,,False,142030.0923804414
2011-05-20 00:00:00+00:00,128524.51382797475,1.7797985746885119,1.7797985746885119,1.75,,False,142036.36537618822
2011-05-23 00:00:00+00:00,126556.38074308034,1.80083252545747,1.80083252545747,1.75,,False,142042.67810353826
2011-05-24 00:00:00+00:00,124334.30792070676,1.8098647677728557,1.8098647677728557,1.75,,False,142048.99111145397
2011-05-25 00:00:00+00:00,125249.36221201874,1.804268800457418,1.804268800457418,1.75,,False,142055.3043999478
2011-05-26 00:00:00+00:00,126763.50291161376,1.7954869534577351,1.7954869534577351,1.75,,False,142061.57850922548
2011-05-27 00:00:00+00:00,126132.5075212382,1.78836573942608,1.78836573942608,1.75,,False,142067.85289560963
2011-05-31 00:00:00+00:00,128977.44556814092,1.7662372887454825,1.7662372887454825,1.75,,False,142074.167022405
2011-06-01 00:00:00+00:00,123543.02888183984,1.796929216015735,1.796929216015735,1.75,1.75,False,142080.4814298282
2011-06-02 00:00:00+00:00,124048.25632688846,1.7939938337862065,1.7939938337862065,1.75,,False,142086.79611789176
2011-06-03 00:00:00+00:00,119227.42571380806,1.8160655259245355,1.8160655259245355,1.75,,False,142093.1110866081
2011-06-06 00:00:00+00:00,117326.98599515315,1.8284134824145817,1.8284134824145817,1.75,,False,142099.46580629837
2011-06-07 00:00:00+00:00,116500.57103189704,1.831200092424979,1.831200092424979,1.75,,False,142105.781338112
2011-06-08 00:00:00+00:00,115660.29260469362,1.8423268764686096,1.8423268764686096,1.75,,False,142112.05767678775
2011-06-09 00:00:00+00:00,116463.85277066038,1.8396026483354515,1.8396026483354515,1.75,,False,142118.33429266847
2011-06-10 00:00:00+00:00,114509.1723394021,1.864019180610352,1.864019180610352,1.75,,False,142124.6111857664
2011-06-13 00:00:00+00:00,114480.89427562899,1.8640903158759583,1.8640903158759583,1.75,,False,142130.88835609378
2011-06-14 00:00:00+00:00,116360.08167822396,1.8440053363324191,1.8440053363324191,1.75,,False,142137.20528446516
2011-06-15 00:00:00+00:00,114274.2903719558,1.874678404571382,1.874678404571382,1.75,,False,142143.5224935889
2011-06-16 00:00:00+00:00,113970.13281258037,1.8811410758586533,1.8811410758586533,1.75,,False,142149.83998347752
2011-06-17 00:00:00+00:00,111824.85805140738,1.8841863201442783,1.8841863201442783,1.75,,False,141646.9063551431
2011-06-20 00:00:00+00:00,112964.54843729212,1.875671482858329,1.875671482858329,1.75,,False,141653.20177320333
2011-06-21 00:00:00+00:00,116861.18169757591,1.841866001292286,1.841866001292286,1.75,,False,141659.4581229483
2011-06-22 00:00:00+00:00,115265.94284427304,1.8533177693186234,1.8533177693186234,1.75,,False,141665.7147490154
2011-06-23 00:00:00+00:00,119210.20743042626,1.8389252324179606,1.8389252324179606,1.75,,False,141671.97165141682
2011-06-24 00:00:00+00:00,115215.90310854912,1.866640101998789,1.866640101998789,1.75,,False,141678.1894768393
2011-06-27 00:00:00+00:00,117879.63895546213,1.841577726654891,1.841577726654891,1.75,,False,141684.40757515523
2011-06-28 00:00:00+00:00,120372.34167376152,1.8192530942752505,1.8192530942752505,1.75,,False,141690.6259463766
2011-06-29 00:00:00+00:00,120762.00721281009,1.8132493458110643,1.8132493458110643,1.75,,False,141696.84459051533
2011-06-30 00:00:00+00:00,122865.75342404855,1.7941306044676477,1.7941306044676477,1.75,,False,141703.02414734886
2011-07-01 00:00:00+00:00,124755.90300340079,1.7732782183778835,1.3754924240838482,1.3585154203305836,1.3585154203305836,True,67962.57575154881
2011-07-05 00:00:00+00:00,125943.0628816607,1.3729461329038737,1.3729461329038737,1.3585154203305836,,False,67965.55855348457
2011-07-06 00:00:00+00:00,127750.32741003693,1.371304357607063,1.371304357607063,1.3585154203305836,,False,67968.5414863322
2011-07-07 00:00:00+00:00,129967.05203687561,1.3644785599349891,1.3644785599349891,1.3585154203305836,,False,67971.50566994702
2011-07-08 00:00:00+00:00,130376.05084115465,1.3658496702869585,1.3658496702869585,1.3585154203305836,,False,67974.46998283318
2011-07-11 00:00:00+00:00,129112.12413909323,1.3751597789183116,1.3751597789183116,1.3585154203305836,,False,67977.43442499632
2011-07-12 00:00:00+00:00,127944.49185974142,1.3791403461810883,1.3791403461810883,1.3585154203305836,,False,67980.39899644208
2011-07-13 00:00:00+00:00,127288.9318675763,1.3769936127618683,1.3769936127618683,1.3585154203305836,,False,67983.34481373192
2011-07-14 00:00:00+00:00,125121.22615966399,1.3831359238717353,1.3831359238717353,1.3585154203305836,,False,67986.29075867384
2011-07-15 00:00:00+00:00,127657.0031240084,1.3762313384940517,1.3762313384940517,1.3585154203305836,,False,67989.23683127339
2011-07-18 00:00:00+00:00,127742.20907437353,1.3790492087428707,1.3790492087428707,1.3585154203305836,,False,67992.18303153607
2011-07-19 00:00:00+00:00,130689.75625240919,1.3675324608192707,1.3675324608192707,1.3585154203305836,,False,67995.12935946744
2011-07-20 00:00:00+00:00,129635.40176988675,1.369702021761677,1.369702021761677,1.3585154203305836,,False,67998.07581507301
2011-07-21 00:00:00+00:00,129140.2781711893,1.3663840139627608,1.3663840139627608,1.3585154203305836,,False,68001.02239835833
2011-07-22 00:00:00+00:00,131017.59194878016,1.3613006861191281,1.3613006861191281,1.3585154203305836,,False,68003.96910932893
2011-07-25 00:00:00+00:00,130738.34603610392,1.3623150661000993,1.3623150661000993,1.3585154203305836,,False,68006.91594799033
2011-07-26 00:00:00+00:00,129936.50339843538,1.3610958557152326,1.3610958557152326,1.3585154203305836,,False,68009.86291434808
2011-07-27 00:00:00+00:00,126431.12888517346,1.374273671237707,1.374273671237707,1.3585154203305836,,False,68012.8100084077
2011-07-28 00:00:00+00:00,127348.38471529027,1.3734126950479841,1.3734126950479841,1.3585154203305836,,False,68015.77612262196
2011-07-29 00:00:00+00:00,126026.26802370876,1.3751174033369868,1.3751174033369868,1.3585154203305836,,False,68018.7612594629
2011-08-01 00:00:00+00:00,126857.34748139603,1.3775574167486357,1.3775574167486357,1.3239623598974364,1.3239623598974364,False,68021.80320961923
2011-08-02 00:00:00+00:00,122177.50766037495,1.3912110290172879,1.3912110290172879,1.3239623598974364,,False,68024.95866549034
2011-08-03 00:00:00+00:00,123045.66157428261,1.3860814967783388,1.3860814967783388,1.3239623598974364,,False,68028.09537191769
2011-08-04 00:00:00+00:00,116435.08941416285,1.4126882137106869,1.4126882137106869,1.3239623598974364,,False,68031.15663620943
2011-08-05 00:00:00+00:00,115400.57278957195,1.416406176950977,1.416406176950977,1.3239623598974364,,False,68034.16134562754
2011-08-08 00:00:00+00:00,104945.01112281834,1.4552435607306264,1.4552435607306264,1.3239623598974364,,False,68037.14728937548
2011-08-09 00:00:00+00:00,112300.83052535992,1.4254137947735563,1.4254137947735563,1.3239623598974364,,False,68040.19006179592
2011-08-10 00:00:00+00:00,106113.48633017347,1.4517935573018448,1.4517935573018448,1.3239623598974364,,False,68043.2140702431
2011-08-11 00:00:00+00:00,112602.75995848743,1.4246686344276065,1.4246686344276065,1.3239623598974364,,False,68046.23821309068
2011-08-12 00:00:00+00:00,113948.51077038854,1.4194065014906048,1.4194065014906048,1.3239623598974364,,False,68049.24358861176
2011-08-15 00:00:00+00:00,114617.0216702699,1.4108331994040286,1.4108331994040286,1.3239623598974364,,False,68052.26799943791
2011-08-16 00:00:00+00:00,113490.00242315089,1.4158233980293744,1.4158233980293744,1.3239623598974364,,False,68055.29254468234
2011-08-17 00:00:00+00:00,112417.03346966673,1.419374569840646,1.419374569840646,1.3239623598974364,,False,68058.29832010306
2011-08-18 00:00:00+00:00,105429.95590326245,1.4508096710050968,1.4508096710050968,1.3239623598974364,,False,68061.30422827887
2011-08-19 00:00:00+00:00,102038.83193817557,1.4629672491890553,1.4629672491890553,1.3239623598974364,,False,68064.31026921561
2011-08-22 00:00:00+00:00,102744.97678601545,1.4605728740369535,1.4605728740369535,1.3239623598974364,,False,68067.31644291917
2011-08-23 00:00:00+00:00,108574.88514590083,1.4344422001854,1.4344422001854,1.3239623598974364,,False,68070.3227493954
2011-08-24 00:00:00+00:00,110015.30501909762,1.4296362886038672,1.4296362886038672,1.3239623598974364,,False,68073.31028022719
2011-08-25 00:00:00+00:00,107610.48584520775,1.4399288588220882,1.4399288588220882,1.3239623598974364,,False,68076.29794217838
2011-08-26 00:00:00+00:00,110855.05274576311,1.424620650677971,1.424620650677971,1.3239623598974364,,False,68079.28573525473
2011-08-29 00:00:00+00:00,114878.88326059739,1.408438388467292,1.408438388467292,1.3239623598974364,,False,68082.2925703747
2011-08-30 00:00:00+00:00,116545.83726745729,1.4047061443877757,1.4047061443877757,1.3239623598974364,,False,68085.29953829656
2011-08-31 00:00:00+00:00,117046.95527594099,1.4038023865321592,1.4038023865321592,1.3239623598974364,,False,68088.28772644297
2011-09-01 00:00:00+00:00,114524.46364197087,1.409041795478005,0.5140111241559006,0.505087282637773,0.505087282637773,True,0.0
2011-09-02 00:00:00+00:00,113780.71353010315,0.5080790812111745,0.5080790812111745,0.505087282637773,,False,0.0
2011-09-06 00:00:00+00:00,115449.79011897427,0.5081259964296915,0.5081259964296915,0.505087282637773,,False,0.0
2011-09-07 00:00:00+00:00,116445.13594584077,0.514377120294727,0.514377120294727,0.505087282637773,,False,0.0
2011-09-08 00:00:00+00:00,117095.65526262361,0.5132315192140453,0.5132315192140453,0.505087282637773,,False,0.0
2011-09-09 00:00:00+00:00,118138.91781874995,0.5076095439008851,0.5076095439008851,0.505087282637773,,False,0.0
2011-09-12 00:00:00+00:00,119176.05972426289,0.5107848852412457,0.5107848852412457,0.505087282637773,,False,0.0
2011-09-13 00:00:00+00:00,119595.11188793332,0.5141026792652275,0.5141026792652275,0.505087282637773,,False,0.0
2011-09-14 00:00:00+00:00,120210.15881934599,0.5176465318642157,0.5176465318642157,0.505087282637773,,False,0.0
2011-09-15 00:00:00+00:00,119838.20587796619,0.5213168109489948,0.5213168109489948,0.505087282637773,,False,0.0
2011-09-16 00:00:00+00:00,121035.92566483765,0.5227541522915838,0.5227541522915838,0.505087282637773,,False,0.0
2011-09-19 00:00:00+00:00,122363.33087907861,0.5228423098714674,0.5228423098714674,0.505087282637773,,False,0.0
2011-09-20 00:00:00+00:00,121537.10759204917,0.5217380191273093,0.5217380191273093,0.505087282637773,,False,0.0
2011-09-21 00:00:00+00:00,120197.57435162365,0.5173594605273825,0.5173594605273825,0.505087282637773,,False,0.0
2011-09-22 00:00:00+00:00,120619.71429952746,0.5091047743990671,0.5091047743990671,0.505087282637773,,False,0.0
2011-09-23 00:00:00+00:00,120627.06324428541,0.5117491435537759,0.5117491435537759,0.505087282637773,,False,0.0
2011-09-26 00:00:00+00:00,121363.2135173687,0.5146389068288467,0.5146389068288467,0.505087282637773,,False,0.0
2011-09-27 00:00:00+00:00,121206.02354590323,0.5172241462006903,0.5172241462006903,0.505087282637773,,False,0.0
2011-09-28 00:00:00+00:00,120083.10659832237,0.5134962737903108,0.5134962737903108,0.505087282637773,,False,0.0
2011-09-29 00:00:00+00:00,119251.83718225484,0.5105001052568479,0.5105001052568479,0.505087282637773,,False,0.0
2011-09-30 00:00:00+00:00,119343.83710464333,0.5039673999135361,0.5039673999135361,0.505087282637773,,False,0.0
2011-10-03 00:00:00+00:00,119167.38259796285,0.4974535678684973,0.9999834469524266,0.9989804098720148,0.9989804098720148,True,0.0
2011-10-04 00:00:00+00:00,121495.1454026214,0.9999837799741907,0.9999837799741907,0.9989804098720148,,False,0.0
2011-10-05 00:00:00+00:00,124296.63951472112,0.9999841859987346,0.9999841859987346,0.9989804098720148,,False,0.0
2011-10-06 00:00:00+00:00,125632.31418955054,0.9999844474796062,0.9999844474796062,0.9989804098720148,,False,0.0
2011-10-07 00:00:00+00:00,123840.8145184264,0.9999843439318123,0.9999843439318123,0.9989804098720148,,False,0.0
2011-10-10 00:00:00+00:00,128123.75453162548,0.9999848672851995,0.9999848672851995,0.9989804098720148,,False,0.0
2011-10-11 00:00:00+00:00,127624.52300814984,0.9999849693867865,0.9999849693867865,0.9989804098720148,,False,0.0
2011-10-12 00:00:00+00:00,126883.97444121474,0.9999850437417427,0.9999850437417427,0.9989804098720148,,False,0.0
2011-10-13 00:00:00+00:00,128749.14674954712,0.9999851798962599,0.9999851798962599,0.9989804098720148,,False,0.0
2011-10-14 00:00:00+00:00,129898.98109100123,0.9999854499048827,0.9999854499048827,0.9989804098720148,,False,0.0
2011-10-17 00:00:00+00:00,128734.73636173403,0.9999852212925473,0.9999852212925473,0.9989804098720148,,False,0.0
2011-10-18 00:00:00+00:00,130814.91844768792,0.9999854022336004,0.9999854022336004,0.9989804098720148,,False,0.0
2011-10-19 00:00:00+00:00,127766.89686543425,0.999985114748188,0.999985114748188,0.9989804098720148,,False,0.0
2011-10-20 00:00:00+00:00,128095.65885625289,0.9999850410993105,0.9999850410993105,0.9989804098720148,,False,0.0
2011-10-21 00:00:00+00:00,127823.56204941538,0.9999852264509516,0.9999852264509516,0.9989804098720148,,False,0.0
2011-10-24 00:00:00+00:00,129925.5977091358,0.9999855270203564,0.9999855270203564,0.9989804098720148,,False,0.0
2011-10-25 00:00:00+00:00,127563.38074419268,0.9999852367569642,0.9999852367569642,0.9989804098720148,,False,0.0
2011-10-26 00:00:00+00:00,128079.77311914999,0.9999852187124867,0.9999852187124867,0.9989804098720148,,False,0.0
2011-10-27 00:00:00+00:00,128511.45160247631,0.9999856155530917,0.9999856155530917,0.9989804098720148,,False,0.0
2011-10-28 00:00:00+00:00,128780.67903349499,0.9999856375175278,0.9999856375175278,0.9989804098720148,,False,0.0
2011-10-31 00:00:00+00:00,128587.64988620531,0.9999853921574058,0.9999853921574058,0.9989804098720148,,False,0.0
2011-11-01 00:00:00+00:00,127718.75784814078,0.999985001343387,0.999985001343387,0.9184172315149148,0.9184172315149148,False,0.0
2011-11-02 00:00:00+00:00,127619.8172006492,0.9999851278233847,0.9999851278233847,0.9184172315149148,,False,0.0
2011-11-03 00:00:00+00:00,130824.64715224966,0.9999854298701609,0.9999854298701609,0.9184172315149148,,False,0.0
2011-11-04 00:00:00+00:00,129988.36112283918,0.9999853542479485,0.9999853542479485,0.9184172315149148,,False,0.0
2011-11-07 00:00:00+00:00,131072.33358491785,0.9999854574032291,0.9999854574032291,0.9184172315149148,,False,0.0
2011-11-08 00:00:00+00:00,132186.6366378628,0.9999856228826519,0.9999856228826519,0.9184172315149148,,False,0.0
2011-11-09 00:00:00+00:00,129312.46341158227,0.9999850990279725,0.9999850990279725,0.9184172315149148,,False,0.0
2011-11-10 00:00:00+00:00,129206.15872067848,0.9999850911544053,0.9999850911544053,0.9184172315149148,,False,0.0
2011-11-11 00:00:00+00:00,131640.968375779,0.9999853669059562,0.9999853669059562,0.9184172315149148,,False,0.0
2011-11-14 00:00:00+00:00,130581.74716212701,0.9999852752762944,0.9999852752762944,0.9184172315149148,,False,0.0
2011-11-15 00:00:00+00:00,133021.47622028718,0.9999854373901217,0.9999854373901217,0.9184172315149148,,False,0.0
2011-11-16 00:00:00+00:00,131008.74619551915,0.9999851928573049,0.9999851928573049,0.9184172315149148,,False,0.0
2011-11-17 00:00:00+00:00,127777.25831642022,0.9999848374710343,0.9999848374710343,0.9184172315149148,,False,0.0
2011-11-18 00:00:00+00:00,126802.51571366403,0.9999847197852529,0.9999847197852529,0.9184172315149148,,False,0.0
2011-11-21 00:00:00+00:00,124339.5802538532,0.9999844217212809,0.9999844217212809,0.9184172315149148,,False,0.0
2011-11-22 00:00:00+00:00,124982.46773137947,0.9999844731528904,0.9999844731528904,0.9184172315149148,,False,0.0
2011-11-23 00:00:00+00:00,123563.2253116401,0.9999841147796285,0.9999841147796285,0.9184172315149148,,False,0.0
2011-11-25 00:00:00+00:00,123566.14715001053,0.9999839916171184,0.9999839916171184,0.9184172315149148,,False,0.0
2011-11-28 00:00:00+00:00,127002.60705147318,0.9999845299023999,0.9999845299023999,0.9184172315149148,,False,0.0
2011-11-29 00:00:00+00:00,126128.36214901366,0.9999844331801939,0.9999844331801939,0.9184172315149148,,False,0.0
2011-11-30 00:00:00+00:00,129720.83548888494,0.9999849880447498,0.9999849880447498,0.9184172315149148,,False,0.0
2011-12-01 00:00:00+00:00,130288.70457486672,0.9999850911544053,0.9999850911544053,0.8834398830945331,0.8834398830945331,False,0.0
2011-12-02 00:00:00+00:00,130901.85445774926,0.999985049024815,0.999985049024815,0.8834398830945331,,False,0.0
2011-12-05 00:00:00+00:00,131578.36474292917,0.9999852109659106,0.9999852109659106,0.8834398830945331,,False,0.0
2011-12-06 00:00:00+00:00,131856.98213811,0.9999851695116704,0.9999851695116704,0.8834398830945331,,False,0.0
2011-12-07 00:00:00+00:00,131965.33615002688,0.9999851695116704,0.9999851695116704,0.8834398830945331,,False,0.0
2011-12-08 00:00:00+00:00,130349.64445148468,0.9999849158214118,0.9999849158214118,0.8834398830945331,,False,0.0
2011-12-09 00:00:00+00:00,132004.12326996351,0.9999851539059804,0.9999851539059804,0.8834398830945331,,False,0.0
2011-12-12 00:00:00+00:00,132303.98699982476,0.9999849853825985,0.9999849853825985,0.8834398830945331,,False,0.0
2011-12-13 00:00:00+00:00,131788.42827180887,0.9999848184356297,0.9999848184356297,0.8834398830945331,,False,0.0
2011-12-14 00:00:00+00:00,130952.33707465458,0.9999845778136358,0.9999845778136358,0.8834398830945331,,False,0.0
2011-12-15 00:00:00+00:00,130183.02613039312,0.9999845355546515,0.9999845355546515,0.8834398830945331,,False,0.0
2011-12-16 00:00:00+00:00,130635.10216117396,0.9977884138845584,0.9977884138845584,0.8834398830945331,,False,0.0
2011-12-19 00:00:00+00:00,129431.56881989061,0.9977664773762676,0.9977664773762676,0.8834398830945331,,False,0.0
2011-12-20 00:00:00+00:00,132657.97009472753,0.9978306320656973,0.9978306320656973,0.8834398830945331,,False,0.0
2011-12-21 00:00:00+00:00,131125.60911117162,0.9977992213415269,0.9977992213415269,0.8834398830945331,,False,0.0
2011-12-22 00:00:00+00:00,132190.34189090712,0.9978177843467759,0.9978177843467759,0.8834398830945331,,False,0.0
2011-12-23 00:00:00+00:00,133380.19421090288,0.9978364220878637,0.9978364220878637,0.8834398830945331,,False,0.0
2011-12-27 00:00:00+00:00,133499.04957020102,0.9971923550624033,0.9971923550624033,0.8834398830945331,,False,0.0
2011-12-28 00:00:00+00:00,133471.36758699073,0.9971596191410363,0.9971596191410363,0.8834398830945331,,False,0.0
2011-12-29 00:00:00+00:00,134159.18727075998,0.9971798540493422,0.9971798540493422,0.8834398830945331,,False,0.0
2011-12-30 00:00:00+00:00,133560.33752417233,0.9971717948203251,0.9971717948203251,0.8834398830945331,,False,0.0
2012-01-03 00:00:00+00:00,135112.97974301866,0.9972248313834556,1.3041300124564985,1.303331606391889,1.303331606391889,True,53670.14654045746
2012-01-04 00:00:00+00:00,137230.806028518,1.3024834248580974,1.3024834248580974,1.303331606391889,,False,53672.48715518159
2012-01-05 00:00:00+00:00,140294.20873182532,1.299294080601129,1.299294080601129,1.303331606391889,,False,53674.827871982525
2012-01-06 00:00:00+00:00,141589.78343300766,1.297966991061251,1.297966991061251,1.303331606391889,,False,53677.16869086472
2012-01-09 00:00:00+00:00,140740.5610842385,1.2992605169463216,1.2992605169463216,1.303331606391889,,False,53679.509611832626
2012-01-10 00:00:00+00:00,141660.34638885641,1.2964698184068228,1.2964698184068228,1.303331606391889,,False,53681.86554586559
2012-01-11 00:00:00+00:00,143113.08032510214,1.295694075920449,1.295694075920449,1.303331606391889,,False,53684.22158329788
2012-01-12 00:00:00+00:00,142363.21400141198,1.2942033876631738,1.2942033876631738,1.303331606391889,,False,53686.57772413404
2012-01-13 00:00:00+00:00,143218.29079336073,1.2955959949951523,1.2955959949951523,1.303331606391889,,False,53688.9339683786
2012-01-17 00:00:00+00:00,144247.04116478903,1.2921646178361752,1.2921646178361752,1.303331606391889,,False,53691.30522962887
2012-01-18 00:00:00+00:00,145749.08775390728,1.2872499248173064,1.2872499248173064,1.303331606391889,,False,53693.676595609846
2012-01-19 00:00:00+00:00,145642.23063577962,1.2849846205295552,1.2849846205295552,1.303331606391889,,False,53696.048066326155
2012-01-20 00:00:00+00:00,145235.51682690633,1.2855525875326563,1.2855525875326563,1.303331606391889,,False,53698.43455735133
2012-01-23 00:00:00+00:00,144326.4062718948,1.2854460073371867,1.2854460073371867,1.303331606391889,,False,53700.80623821094
2012-01-24 00:00:00+00:00,144326.50232698032,1.286138923718163,1.286138923718163,1.303331606391889,,False,53703.1780238198
2012-01-25 00:00:00+00:00,146951.23084011063,1.2816035789572013,1.2816035789572013,1.303331606391889,,False,53705.54991418251
2012-01-26 00:00:00+00:00,144359.47021651262,1.282879286798209,1.282879286798209,1.303331606391889,,False,53707.90699109541
2012-01-27 00:00:00+00:00,144471.84523832955,1.2818145592097872,1.2818145592097872,1.303331606391889,,False,53710.2641714578
2012-01-30 00:00:00+00:00,145383.7659014572,1.2815317800438293,1.2815317800438293,1.303331606391889,,False,53712.63637479204
2012-01-31 00:00:00+00:00,146409.49094491987,1.2810710277117698,1.2810710277117698,1.303331606391889,,False,53715.008682898595
2012-02-01 00:00:00+00:00,146373.47296077607,1.2782019982779282,1.751652852631164,1.75,1.75,True,144998.0445398062
2012-02-02 00:00:00+00:00,147301.01736525263,1.7476339002709451,1.7476339002709451,1.75,,False,145004.5291745759
2012-02-03 00:00:00+00:00,151530.85587627764,1.7301796916803533,1.7301796916803533,1.75,,False,145011.01409935288
2012-02-06 00:00:00+00:00,151038.06496820797,1.7312557141930265,1.7312557141930265,1.75,,False,145017.4993141501
2012-02-07 00:00:00+00:00,150276.64315964413,1.7286671259397037,1.7286671259397037,1.75,,False,145023.98481898053
2012-02-08 00:00:00+00:00,151548.550201119,1.7220932282812937,1.7220932282812937,1.75,,False,145030.47061385715
2012-02-09 00:00:00+00:00,152916.24162262952,1.7132986371923604,1.7132986371923604,1.75,,False,145036.95669879293
2012-02-10 00:00:00+00:00,152339.20439433705,1.7220053427080593,1.7220053427080593,1.75,,False,145043.44307380085
2012-02-13 00:00:00+00:00,154488.6625894028,1.7106983993920535,1.7106983993920535,1.75,,False,145049.97002873916
2012-02-14 00:00:00+00:00,155885.96713940785,1.7076808425652408,1.7076808425652408,1.75,,False,145056.49727739044
2012-02-15 00:00:00+00:00,154757.69800064157,1.71624955571601,1.71624955571601,1.75,,False,145063.02481976792
2012-02-16 00:00:00+00:00,158113.8069495986,1.6998480949058916,1.6998480949058916,1.75,,False,145069.55265588482
2012-02-17 00:00:00+00:00,156797.62048851483,1.7036610320580061,1.7036610320580061,1.75,,False,145076.04048865638
2012-02-21 00:00:00+00:00,156290.87231295957,1.7003280603068835,1.7003280603068835,1.75,,False,145082.44801377796
2012-02-22 00:00:00+00:00,155121.27193904054,1.7058528382467648,1.7058528382467648,1.75,,False,145088.89612257856
2012-02-23 00:00:00+00:00,156199.75034099224,1.6980075322852934,1.6980075322852934,1.75,,False,145095.2639130195
2012-02-24 00:00:00+00:00,155301.57822154037,1.6939921884416298,1.6939921884416298,1.75,,False,145101.63198293568
2012-02-27 00:00:00+00:00,156282.26027313276,1.6923935545776287,1.6923935545776287,1.75,,False,145108.04063834826
2012-02-28 00:00:00+00:00,158465.25454830608,1.680753477100981,1.680753477100981,1.75,,False,145114.48988459885
2012-02-29 00:00:00+00:00,158361.51466302812,1.6859721504048024,1.6859721504048024,1.75,,False,145120.93941748262
2012-03-01 00:00:00+00:00,160940.56851799897,1.6769859049677605,1.6769859049677605,1.75,1.75,False,145127.38923701228
2012-03-02 00:00:00+00:00,162164.43931029437,1.6779122028526323,1.6779122028526323,1.75,,False,145133.87965636427
2012-03-05 00:00:00+00:00,159060.02249705087,1.6899198955101014,1.6899198955101014,1.75,,False,145140.37036598223
2012-03-06 00:00:00+00:00,157753.2631495511,1.7016073311599158,1.7016073311599158,1.75,,False,145146.86136587916
2012-03-07 00:00:00+00:00,159392.00279361007,1.6925766068334653,1.6925766068334653,1.75,,False,145153.35265606802
2012-03-08 00:00:00+00:00,160982.95291493423,1.6802273797668907,1.6802273797668907,1.75,,False,145159.8442365618
2012-03-09 00:00:00+00:00,163936.25326701545,1.6755453016228585,1.6755453016228585,1.75,,False,145166.3361073735
2012-03-12 00:00:00+00:00,163646.04781745517,1.67507421797297,1.67507421797297,1.75,,False,145172.86859249833
2012-03-13 00:00:00+00:00,169151.8922186451,1.6547244770804292,1.6547244770804292,1.75,,False,145179.401371585
2012-03-14 00:00:00+00:00,171215.58856133086,1.65103375871961,1.65103375871961,1.75,,False,145185.93444464673
2012-03-15 00:00:00+00:00,171426.07935231176,1.6480249502425528,1.6480249502425528,1.75,,False,145192.50814112296
2012-03-16 00:00:00+00:00,169790.10521934202,1.6471826564658305,1.6471826564658305,1.75,,False,144729.8118525773
2012-03-19 00:00:00+00:00,170840.19591141175,1.6397853008753922,1.6397853008753922,1.75,,False,144736.4453022872
2012-03-20 00:00:00+00:00,171596.18778200325,1.6379593676233237,1.6379593676233237,1.75,,False,144743.07905603023
2012-03-21 00:00:00+00:00,172049.45651310662,1.6378515438680534,1.6378515438680534,1.75,,False,144749.7131138203
2012-03-22 00:00:00+00:00,171404.68378637312,1.640086181278146,1.640086181278146,1.75,,False,144756.34747567135
2012-03-23 00:00:00+00:00,170340.9761950583,1.6407616322623095,1.6407616322623095,1.75,,False,144762.9419315008
2012-03-26 00:00:00+00:00,174366.45424553382,1.6229443686636926,1.6229443686636926,1.75,,False,144769.53668774434
2012-03-27 00:00:00+00:00,174672.13973347825,1.62150945706975,1.62150945706975,1.75,,False,144776.13174441567
2012-03-28 00:00:00+00:00,174015.81949043233,1.625570672989332,1.625570672989332,1.75,,False,144782.72710152846
2012-03-29 00:00:00+00:00,173384.62094060995,1.6295331272614488,1.6295331272614488,1.75,,False,144789.28254167223
2012-03-30 00:00:00+00:00,171942.6073667142,1.631556371044882,1.631556371044882,1.75,,False,144795.83827863177
2012-04-02 00:00:00+00:00,174962.98121518348,1.621100491157302,1.621100491157302,1.75,1.75,False,144802.23342815574
2012-04-03 00:00:00+00:00,174717.55456416006,1.6214418139057747,1.6214418139057747,1.75,,False,144808.87019718788
2012-04-04 00:00:00+00:00,173597.5975771781,1.635534248419517,1.635534248419517,1.75,,False,144815.50727040524
2012-04-05 00:00:00+00:00,176196.68262092388,1.6291599590228627,1.6291599590228627,1.75,,False,144822.1446478218
2012-04-09 00:00:00+00:00,173723.9448297806,1.6370229726325727,1.6370229726325727,1.75,,False,144828.7823294515
2012-04-10 00:00:00+00:00,169394.89042627183,1.6542827532796534,1.6542827532796534,1.75,,False,144835.46054552557
2012-04-11 00:00:00+00:00,170276.73313790254,1.6491358811691665,1.6491358811691665,1.75,,False,144842.09883746723
2012-04-12 00:00:00+00:00,172600.8133479653,1.6371669591868985,1.6371669591868985,1.75,,False,144848.7776675803
2012-04-13 00:00:00+00:00,169452.3550034543,1.6534509379410305,1.6534509379410305,1.75,,False,144855.41656989005
2012-04-16 00:00:00+00:00,166505.76704683172,1.6658087108696031,1.6658087108696031,1.75,,False,144862.05577648283
2012-04-17 00:00:00+00:00,171402.46053037592,1.644057093665863,1.644057093665863,1.75,,False,144868.69528737257
2012-04-18 00:00:00+00:00,170693.02622703783,1.646813033684825,1.646813033684825,1.75,,False,144875.37534387747
2012-04-19 00:00:00+00:00,167395.33781613727,1.6590832076132587,1.6590832076132587,1.75,,False,144882.0154652474
2012-04-20 00:00:00+00:00,165622.33582262334,1.6621351935427404,1.6621351935427404,1.75,,False,144888.57540094762
2012-04-23 00:00:00+00:00,164133.72346238713,1.6723945969104483,1.6723945969104483,1.75,,False,144895.09538684067
2012-04-24 00:00:00+00:00,161691.87364870778,1.678548628678957,1.678548628678957,1.75,,False,144901.65591477067
2012-04-25 00:00:00+00:00,168860.31260497196,1.64962499439312,1.64962499439312,1.75,,False,144908.25699020678
2012-04-26 00:00:00+00:00,170206.68637025214,1.6434442559870208,1.6434442559870208,1.75,,False,144914.89861865217
2012-04-27 00:00:00+00:00,171668.12312953715,1.637225054337268,1.637225054337268,1.75,,False,144921.50029736702
2012-04-30 00:00:00+00:00,169900.48306187365,1.6448086498778507,1.6448086498778507,1.75,,False,144928.0620208527
2012-05-01 00:00:00+00:00,167759.08613967648,1.6431145641766125,1.3670634129270185,1.3459194370569811,1.3459194370569811,True,81443.35735353112
2012-05-02 00:00:00+00:00,169329.6533805844,1.3656662153216779,1.3656662153216779,1.3459194370569811,,False,81447.11279723131
2012-05-03 00:00:00+00:00,166967.3277505391,1.3710542744970895,1.3710542744970895,1.3459194370569811,,False,81450.84578990118
2012-05-04 00:00:00+00:00,161961.51985347123,1.384176536328994,1.384176536328994,1.3459194370569811,,False,81454.57895366655
2012-05-07 00:00:00+00:00,162651.1281695544,1.3837084677399278,1.3837084677399278,1.3459194370569811,,False,81458.3349148072
2012-05-08 00:00:00+00:00,162274.1715980005,1.3857109609281428,1.3857109609281428,1.3459194370569811,,False,81462.09104913939
2012-05-09 00:00:00+00:00,162335.10443566742,1.3873996657469172,1.3873996657469172,1.3459194370569811,,False,81465.8473566711
2012-05-10 00:00:00+00:00,161814.56475303962,1.3885137418734717,1.3885137418734717,1.3459194370569811,,False,81469.58120800828
2012-05-11 00:00:00+00:00,162051.78238530914,1.3886225510091075,1.3886225510091075,1.3459194370569811,,False,81473.31523048032
2012-05-14 00:00:00+00:00,161065.67357944374,1.3937590748510036,1.3937590748510036,1.3459194370569811,,False,81477.04942409505
2012-05-15 00:00:00+00:00,161300.60555751572,1.3956056028863935,1.3956056028863935,1.3459194370569811,,False,81480.80642137404
2012-05-16 00:00:00+00:00,160259.6306959279,1.3994135578674507,1.3994135578674507,1.3459194370569811,,False,81484.56359189237
2012-05-17 00:00:00+00:00,155774.5673114098,1.4116114393116608,1.4116114393116608,1.3459194370569811,,False,81488.32093565799
2012-05-18 00:00:00+00:00,152772.0723241713,1.419324436664355,1.419324436664355,1.3459194370569811,,False,81492.0784526789
2012-05-21 00:00:00+00:00,158233.817162572,1.4033473686510571,1.4033473686510571,1.3459194370569811,,False,81495.83614296312
2012-05-22 00:00:00+00:00,158403.99332641755,1.4040083769647578,1.4040083769647578,1.3459194370569811,,False,81499.5940065186
2012-05-23 00:00:00+00:00,160926.1345160667,1.4029472209233398,1.4029472209233398,1.3459194370569811,,False,81503.35204335334
2012-05-24 00:00:00+00:00,159266.12774997964,1.4067127221913343,1.4067127221913343,1.3459194370569811,,False,81507.08761365533
2012-05-25 00:00:00+00:00,159800.24402222896,1.4074768072870805,1.4074768072870805,1.3459194370569811,,False,81510.82335517096
2012-05-29 00:00:00+00:00,163050.64394944243,1.4003315115571624,1.4003315115571624,1.3459194370569811,,False,81514.55926790807
2012-05-30 00:00:00+00:00,162200.57829629644,1.4051408577258908,1.4051408577258908,1.3459194370569811,,False,81518.31799480764
2012-05-31 00:00:00+00:00,161744.8557598464,1.4076484187625997,1.4076484187625997,1.3459194370569811,,False,81522.07689502629
2012-06-01 00:00:00+00:00,154986.4682755549,1.4235258111968785,1.4235258111968785,1.415329830510459,1.415329830510459,False,81525.835968572
2012-06-04 00:00:00+00:00,155723.0769442392,1.4190116029248494,1.4190116029248494,1.415329830510459,,False,81529.59521545278
2012-06-05 00:00:00+00:00,157358.0441863326,1.4166111112901338,1.4166111112901338,1.415329830510459,,False,81533.37728278639
2012-06-06 00:00:00+00:00,161190.91130546707,1.4035438091976902,1.4035438091976902,1.415329830510459,,False,81537.15952556589
2012-06-07 00:00:00+00:00,159862.38906137156,1.4058477404371095,1.4058477404371095,1.415329830510459,,False,81540.91929458846
2012-06-08 00:00:00+00:00,163141.2245318783,1.4004494787594852,1.4004494787594852,1.415329830510459,,False,81544.67923697815
2012-06-11 00:00:00+00:00,159005.88417499117,1.4101602919518355,1.4101602919518355,1.415329830510459,,False,81548.46200404275
2012-06-12 00:00:00+00:00,162073.5477839319,1.4032864279540849,1.4032864279540849,1.415329830510459,,False,81552.24494658572
2012-06-13 00:00:00+00:00,158990.89307353646,1.4072405780327897,1.4072405780327897,1.415329830510459,,False,81556.00541121382
2012-06-14 00:00:00+00:00,159664.0393148695,1.4051564709431166,1.4051564709431166,1.415329830510459,,False,81559.78870368705
2012-06-15 00:00:00+00:00,161992.24193725374,1.3961844511494392,1.3961844511494392,1.415329830510459,,False,81077.08746722218
2012-06-18 00:00:00+00:00,164825.2895587288,1.3910956342262317,1.3910956342262317,1.415329830510459,,False,81080.87106463732
2012-06-19 00:00:00+00:00,165700.61612608022,1.3855532470543648,1.3855532470543648,1.415329830510459,,False,81084.63231615616
2012-06-20 00:00:00+00:00,165732.71967249332,1.385162629006031,1.385162629006031,1.415329830510459,,False,81088.39374215527
2012-06-21 00:00:00+00:00,161504.00736506516,1.3989401005097484,1.3989401005097484,1.415329830510459,,False,81092.13281808894
2012-06-22 00:00:00+00:00,164415.2516786955,1.3931751867505036,1.3931751867505036,1.415329830510459,,False,81095.894592028
2012-06-25 00:00:00+00:00,160834.35720045574,1.4040411531599963,1.4040411531599963,1.415329830510459,,False,81099.65654047157
2012-06-26 00:00:00+00:00,162365.9274986297,1.4005373166315853,1.4005373166315853,1.415329830510459,,False,81103.41866342774
2012-06-27 00:00:00+00:00,163929.10706383825,1.3971820825119634,1.3971820825119634,1.415329830510459,,False,81107.15843217722
2012-06-28 00:00:00+00:00,161688.71250154817,1.4034813400001105,1.4034813400001105,1.415329830510459,,False,81110.87584360536
2012-06-29 00:00:00+00:00,165704.4585929478,1.3864174648229637,1.3864174648229637,1.415329830510459,,False,81114.59342541486
2012-07-02 00:00:00+00:00,165150.09935936873,1.3848610335778397,1.1672615474436006,1.1509368444694945,1.1509368444694945,True,34761.11186804673
2012-07-03 00:00:00+00:00,166290.77102655638,1.1656480867289203,1.1656480867289203,1.1509368444694945,,False,34762.73405326724
2012-07-05 00:00:00+00:00,169580.2127683254,1.1655380948760925,1.1655380948760925,1.1509368444694945,,False,34764.34665787471
2012-07-06 00:00:00+00:00,168487.34178387257,1.1679896354046717,1.1679896354046717,1.1509368444694945,,False,34765.95933728912
2012-07-09 00:00:00+00:00,167899.01941193876,1.168366778639602,1.168366778639602,1.1509368444694945,,False,34767.57209151393
2012-07-10 00:00:00+00:00,166562.5616164685,1.170334963922303,1.170334963922303,1.1509368444694945,,False,34769.18492055262
2012-07-11 00:00:00+00:00,165633.27794961387,1.1714524668310078,1.1714524668310078,1.1509368444694945,,False,34770.79782440866
2012-07-12 00:00:00+00:00,164419.7030244243,1.1733631186703026,1.1733631186703026,1.1509368444694945,,False,34772.41080308552
2012-07-13 00:00:00+00:00,166902.61332700806,1.1703312992494612,1.1703312992494612,1.1509368444694945,,False,34774.03351558966
2012-07-16 00:00:00+00:00,165871.917158455,1.1709087217474485,1.1709087217474485,1.1509368444694945,,False,34775.66596327414
2012-07-17 00:00:00+00:00,167334.87103056262,1.1698794290582237,1.1698794290582237,1.1509368444694945,,False,34777.28882768576
2012-07-18 00:00:00+00:00,169609.2405642205,1.1672401183316037,1.1672401183316037,1.1509368444694945,,False,34778.90210747305
2012-07-19 00:00:00+00:00,171846.9721700745,1.1651238564076702,1.1651238564076702,1.1509368444694945,,False,34780.50580129245
2012-07-20 00:00:00+00:00,170326.24596588366,1.1677140100116972,1.1677140100116972,1.1509368444694945,,False,34782.08058530512
2012-07-23 00:00:00+00:00,168602.36717691887,1.1701351266337863,1.1701351266337863,1.1509368444694945,,False,34783.65544062051
2012-07-24 00:00:00+00:00,167932.97191549186,1.1717274442603398,1.1717274442603398,1.1509368444694945,,False,34785.24002936836
2012-07-25 00:00:00+00:00,165657.6421020625,1.1730896230111825,1.1730896230111825,1.1509368444694945,,False,34786.83435286971
2012-07-26 00:00:00+00:00,166207.79758313563,1.170445308730726,1.170445308730726,1.1509368444694945,,False,34788.42874944422
2012-07-27 00:00:00+00:00,169568.545176276,1.1658592144822444,1.1658592144822444,1.1509368444694945,,False,34790.01355564281
2012-07-30 00:00:00+00:00,171074.4526429547,1.1660172188502536,1.1660172188502536,1.1509368444694945,,False,34791.59843403812
2012-07-31 00:00:00+00:00,170109.00234424605,1.1660857807528038,1.1660857807528038,1.1509368444694945,,False,34793.18338463345
2012-08-01 00:00:00+00:00,169644.10456627962,1.1666644000552862,1.4695749648359537,1.4686872743262809,1.4686872743262809,True,97974.60199425163
2012-08-02 00:00:00+00:00,170836.5242021798,1.4720761210308377,1.4720761210308377,1.4686872743262809,,False,97979.06528167581
2012-08-03 00:00:00+00:00,172182.88414132973,1.459295078155637,1.459295078155637,1.4686872743262809,,False,97983.52877242753
2012-08-06 00:00:00+00:00,173645.93572174397,1.4542727775556692,1.4542727775556692,1.4686872743262809,,False,97987.99246651605
2012-08-07 00:00:00+00:00,175743.5748631758,1.4488711188140666,1.4488711188140666,1.4686872743262809,,False,97992.45636395064
2012-08-08 00:00:00+00:00,176449.2611708805,1.4491935039406565,1.4491935039406565,1.4686872743262809,,False,97996.89324461378
2012-08-09 00:00:00+00:00,178454.59813161517,1.4472770340625636,1.4472770340625636,1.4686872743262809,,False,98001.33032616902
2012-08-10 00:00:00+00:00,178315.13317294212,1.4469191288680618,1.4469191288680618,1.4686872743262809,,False,98005.76760862545
2012-08-13 00:00:00+00:00,178334.39255697356,1.4454061680734125,1.4454061680734125,1.4686872743262809,,False,98010.20509199217
2012-08-14 00:00:00+00:00,178590.94070995433,1.4451472389283808,1.4451472389283808,1.4686872743262809,,False,98014.64277627828
2012-08-15 00:00:00+00:00,179839.75729920794,1.443551154909684,1.443551154909684,1.4686872743262809,,False,98019.08066149287
2012-08-16 00:00:00+00:00,181919.06483769775,1.436088037808141,1.436088037808141,1.4686872743262809,,False,98023.51874764505
2012-08-17 00:00:00+00:00,183677.20963622906,1.4333714154293342,1.4333714154293342,1.4686872743262809,,False,98027.9570347439
2012-08-20 00:00:00+00:00,183641.4228768527,1.432492157942275,1.432492157942275,1.4686872743262809,,False,98032.39552279853
2012-08-21 00:00:00+00:00,180711.06930465312,1.4349791304428658,1.4349791304428658,1.4686872743262809,,False,98036.83421181803
2012-08-22 00:00:00+00:00,181772.92964058105,1.4324576988846234,1.4324576988846234,1.4686872743262809,,False,98041.27310181152
2012-08-23 00:00:00+00:00,178053.86358962933,1.4376158134731964,1.4376158134731964,1.4686872743262809,,False,98045.71219278807
2012-08-24 00:00:00+00:00,180351.01245855424,1.4337851141403428,1.4337851141403428,1.4686872743262809,,False,98050.15148475679
2012-08-27 00:00:00+00:00,181038.4486727827,1.4328136632453599,1.4328136632453599,1.4686872743262809,,False,98054.5909777268
2012-08-28 00:00:00+00:00,180314.4499961317,1.4328417424169686,1.4328417424169686,1.4686872743262809,,False,98059.03067170718
2012-08-29 00:00:00+00:00,180684.82619248686,1.432869823960584,1.432869823960584,1.4686872743262809,,False,98063.47056670704
2012-08-30 00:00:00+00:00,178653.79546667918,1.4392471029462446,1.4392471029462446,1.4686872743262809,,False,98067.91066273548
2012-08-31 00:00:00+00:00,179197.621893417,1.435113817039289,1.435113817039289,1.4686872743262809,,False,98072.37820088789
2012-09-04 00:00:00+00:00,178988.27059685436,1.4357844537409188,1.7511004459663675,1.75,1.75,True,168935.00425618683
2012-09-05 00:00:00+00:00,178135.41776281362,1.7525150988881049,1.7525150988881049,1.75,,False,168942.70018415852
2012-09-06 00:00:00+00:00,184722.4405051096,1.7243926143897632,1.7243926143897632,1.75,,False,168950.49031977812
2012-09-07 00:00:00+00:00,181810.2091460931,1.7262514023902462,1.7262514023902462,1.75,,False,168958.28081460955
2012-09-10 00:00:00+00:00,177794.91460283572,1.7427450419976327,1.7427450419976327,1.75,,False,168966.02473581355
2012-09-11 00:00:00+00:00,176422.90755101043,1.7448878570833046,1.7448878570833046,1.75,,False,168973.76901194727
2012-09-12 00:00:00+00:00,176821.52041660293,1.741167571934087,1.741167571934087,1.75,,False,168981.513643027
2012-09-13 00:00:00+00:00,180735.2125452898,1.724140452615305,1.724140452615305,1.75,,False,168989.25862906897
2012-09-14 00:00:00+00:00,180295.1081574694,1.7132365639426448,1.7132365639426448,1.75,,False,168997.00397008946
2012-09-17 00:00:00+00:00,180654.90275576108,1.712770909382822,1.712770909382822,1.75,,False,169004.79660971696
2012-09-18 00:00:00+00:00,181939.16910582862,1.7117853734174278,1.7117853734174278,1.75,,False,169012.58960867173
2012-09-19 00:00:00+00:00,182313.81630453593,1.7095942460779485,1.7095942460779485,1.75,,False,169020.38296697036
2012-09-20 00:00:00+00:00,183642.53655913036,1.7108582573370064,1.7108582573370064,1.75,,False,169028.129734523
2012-09-21 00:00:00+00:00,182909.18558103236,1.7077818466258796,1.7077818466258796,1.75,,False,168168.28167485702
2012-09-24 00:00:00+00:00,182213.764045586,1.7149739374057902,1.7149739374057902,1.75,,False,168175.98938776713
2012-09-25 00:00:00+00:00,177322.07235137327,1.7326881433647288,1.7326881433647288,1.75,,False,168183.74416950002
2012-09-26 00:00:00+00:00,176078.81024446912,1.7432349254540778,1.7432349254540778,1.75,,False,168191.45259110778
2012-09-27 00:00:00+00:00,179995.35211757012,1.7258535922722311,1.7258535922722311,1.75,,False,168199.1613660182
2012-09-28 00:00:00+00:00,177676.81671118643,1.736388473015348,1.736388473015348,1.75,,False,168206.8237722582
2012-10-01 00:00:00+00:00,176616.64121364773,1.7383146048315024,1.7383146048315024,1.735568680911029,1.735568680911029,False,168214.2529069748
2012-10-02 00:00:00+00:00,176808.42859457879,1.734643140887598,1.734643140887598,1.735568680911029,,False,168221.9627268997
2012-10-03 00:00:00+00:00,179349.24214706486,1.7266253990241913,1.7266253990241913,1.735568680911029,,False,168229.71962851434
2012-10-04 00:00:00+00:00,179141.9079202017,1.722351855842168,1.722351855842168,1.735568680911029,,False,168237.47688780833
2012-10-05 00:00:00+00:00,176701.52991377425,1.7291089336048868,1.7291089336048868,1.735568680911029,,False,168245.1877721657
2012-10-08 00:00:00+00:00,173905.11637032707,1.7408670409070817,1.7408670409070817,1.735568680911029,,False,168252.89900993858
2012-10-09 00:00:00+00:00,171474.16502162063,1.7620839159828947,1.7620839159828947,1.735568680911029,,False,168260.6106011432
2012-10-10 00:00:00+00:00,169782.5091133498,1.7689958765240366,1.7689958765240366,1.735568680911029,,False,168268.36928485427
2012-10-11 00:00:00+00:00,168311.60659895427,1.7733518028913118,1.7733518028913118,1.735568680911029,,False,168276.12832632684
2012-10-12 00:00:00+00:00,167937.5592815231,1.774032322964867,1.774032322964867,1.735568680911029,,False,168283.88772557746
2012-10-15 00:00:00+00:00,170068.33187007363,1.7641336791631639,1.7641336791631639,1.735568680911029,,False,168291.6474826226
2012-10-16 00:00:00+00:00,173155.7402480009,1.7455921762524806,1.7455921762524806,1.735568680911029,,False,168299.40759747874
2012-10-17 00:00:00+00:00,171694.72777207528,1.7464173209889737,1.7464173209889737,1.735568680911029,,False,168307.1680701624
2012-10-18 00:00:00+00:00,168555.91690851568,1.761918206313622,1.761918206313622,1.735568680911029,,False,168314.88214869896
2012-10-19 00:00:00+00:00,162485.7736858593,1.7955168599098652,1.7955168599098652,1.735568680911029,,False,168322.59658079746
2012-10-22 00:00:00+00:00,163475.34813905988,1.7882559354800065,1.7882559354800065,1.735568680911029,,False,168330.3581227509
2012-10-23 00:00:00+00:00,161819.48273424272,1.8020068620556675,1.8020068620556675,1.735568680911029,,False,168338.07326416488
2012-10-24 00:00:00+00:00,161098.38997866955,1.8071894072681234,1.8071894072681234,1.735568680911029,,False,168345.78875918948
2012-10-25 00:00:00+00:00,160943.17509823732,1.8072570793222058,1.8072570793222058,1.735568680911029,,False,168353.59813327916
2012-10-26 00:00:00+00:00,162035.38930472912,1.8030921936218811,1.8030921936218811,1.735568680911029,,False,168361.36110474865
2012-10-31 00:00:00+00:00,159993.75070856002,1.8121223417210437,1.8121223417210437,1.735568680911029,,False,168369.12443417736
2012-11-01 00:00:00+00:00,164360.83860766198,1.7918643538563312,1.7918643538563312,1.75,1.75,False,168376.98165998427
2012-11-02 00:00:00+00:00,162341.82984080192,1.807303622559267,1.807303622559267,1.75,,False,168384.79248107795
2012-11-05 00:00:00+00:00,165016.62323728084,1.7978562493098749,1.7978562493098749,1.75,,False,168392.55689095348
2012-11-06 00:00:00+00:00,165191.58930527576,1.7953070614964395,1.7953070614964395,1.75,,False,168400.36843456482
2012-11-07 00:00:00+00:00,158922.45552234628,1.8305411569063315,1.8305411569063315,1.75,,False,168408.13356266485
2012-11-08 00:00:00+00:00,154567.72489610934,1.8552534711220448,1.8552534711220448,1.75,,False,168415.89904882357
2012-11-09 00:00:00+00:00,156093.8058697678,1.8485961931297035,1.8485961931297035,1.75,,False,168423.6648930575
2012-11-12 00:00:00+00:00,156042.19645737944,1.8489160005785523,1.8489160005785523,1.75,,False,168431.4310953831
2012-11-13 00:00:00+00:00,154022.3423906755,1.8600207324679923,1.8600207324679923,1.75,,False,168439.19765581694
2012-11-14 00:00:00+00:00,150366.31723568705,1.8793124013044005,1.8793124013044005,1.75,,False,168446.9645743755
2012-11-15 00:00:00+00:00,148904.17360838642,1.8850005795642109,1.8850005795642109,1.75,,False,168454.73185107534
2012-11-16 00:00:00+00:00,150922.68657392307,1.8778743261588229,1.8778743261588229,1.75,,False,168462.49948593293
2012-11-19 00:00:00+00:00,156529.0965682572,1.8404554335510908,1.8404554335510908,1.75,,False,168470.2674789648
2012-11-20 00:00:00+00:00,156515.5930855778,1.8400419218469912,1.8400419218469912,1.75,,False,168478.03583018744
2012-11-21 00:00:00+00:00,157071.8437619435,1.8369749800079245,1.8369749800079245,1.75,,False,168485.80453961738
2012-11-23 00:00:00+00:00,159662.21577941912,1.8143473725084314,1.8143473725084314,1.75,,False,168493.57360727116
2012-11-26 00:00:00+00:00,160819.13280340988,1.8080898159882304,1.8080898159882304,1.75,,False,168501.34303316526
2012-11-27 00:00:00+00:00,160152.83535590372,1.8131197014456066,1.8131197014456066,1.75,,False,168509.11281731623
2012-11-28 00:00:00+00:00,162864.02691991592,1.8006724850047755,1.8006724850047755,1.75,,False,168516.8829597406
2012-11-29 00:00:00+00:00,164222.43622157464,1.792246969653944,1.792246969653944,1.75,,False,168524.65346045484
2012-11-30 00:00:00+00:00,163007.89880836246,1.7946895866388597,1.7946895866388597,1.75,,False,168532.4243194755
2012-12-03 00:00:00+00:00,158070.28208171768,1.797583586890115,1.4565089906286999,1.4235698017268716,1.4235698017268716,True,94284.91573045646
2012-12-04 00:00:00+00:00,157745.62170713965,1.4569450561007462,1.4569450561007462,1.4235698017268716,,False,94289.26331268181
2012-12-05 00:00:00+00:00,155233.4074560813,1.4645035893215665,1.4645035893215665,1.4235698017268716,,False,94293.63728684104
2012-12-06 00:00:00+00:00,158018.4272399801,1.4601735760409553,1.4601735760409553,1.4235698017268716,,False,94297.98527122705
2012-12-07 00:00:00+00:00,156952.13139151342,1.4642520455858372,1.4642520455858372,1.4235698017268716,,False,94302.33345610344
2012-12-10 00:00:00+00:00,157767.56277642117,1.4623024799735354,1.4623024799735354,1.4235698017268716,,False,94306.68184147947
2012-12-11 00:00:00+00:00,160008.2840413893,1.4536741249527194,1.4536741249527194,1.4235698017268716,,False,94311.03042736439
2012-12-12 00:00:00+00:00,158948.52109963438,1.4551087314474036,1.4551087314474036,1.4235698017268716,,False,94315.40541127587
2012-12-13 00:00:00+00:00,156649.60126412718,1.4604318567698644,1.4604318567698644,1.4235698017268716,,False,94319.78059813801
2012-12-14 00:00:00+00:00,153804.07772171474,1.466936630907353,1.466936630907353,1.4235698017268716,,False,94324.12978802115
2012-12-17 00:00:00+00:00,156383.45369843216,1.4580357278347136,1.4580357278347136,1.4235698017268716,,False,94328.50537959742
2012-12-18 00:00:00+00:00,159193.73601298584,1.4480991941704515,1.4480991941704515,1.4235698017268716,,False,94332.85497178993
2012-12-19 00:00:00+00:00,157756.40369270902,1.4509751411103349,1.4509751411103349,1.4235698017268716,,False,94337.23096811779
2012-12-20 00:00:00+00:00,158182.55830097297,1.451005496487342,1.451005496487342,1.4235698017268716,,False,94341.60716744325
2012-12-21 00:00:00+00:00,156145.71701838615,1.452789512540975,1.452789512540975,1.4235698017268716,,False,93085.12499771325
2012-12-24 00:00:00+00:00,155536.56925618357,1.4541355070331698,1.4541355070331698,1.4235698017268716,,False,93089.44311323398
2012-12-26 00:00:00+00:00,152983.26245243687,1.4600262290961878,1.4600262290961878,1.4235698017268716,,False,93093.78728724593
2012-12-27 00:00:00+00:00,152633.70914152416,1.461101144797248,1.461101144797248,1.4235698017268716,,False,93098.10580460064
2012-12-28 00:00:00+00:00,150574.47661320693,1.467711634599275,1.467711634599275,1.4235698017268716,,False,93102.42452228657
2012-12-31 00:00:00+00:00,155649.30962181732,1.4536499492505746,1.4536499492505746,1.4235698017268716,,False,93106.74344031302
2013-01-02 00:00:00+00:00,162623.28004009064,1.4336439947122233,1.7511079470299002,1.75,1.75,True,161173.80835443386
2013-01-03 00:00:00+00:00,162179.1695740435,1.7580831609099423,1.7580831609099423,1.75,,False,161181.2850283214
2013-01-04 00:00:00+00:00,162013.68618885783,1.76255714404841,1.76255714404841,1.75,,False,161188.76204904355
2013-01-07 00:00:00+00:00,161450.24779391484,1.762215765103435,1.762215765103435,1.75,,False,161196.19464196026
2013-01-08 00:00:00+00:00,161271.28243183444,1.7649070174327373,1.7649070174327373,1.75,,False,161203.62757760208
2013-01-09 00:00:00+00:00,162211.2114646149,1.7599281185812583,1.7599281185812583,1.75,,False,161211.0160771994
2013-01-10 00:00:00+00:00,162155.16276995584,1.7520596074542576,1.7520596074542576,1.75,,False,161218.36013459848
2013-01-11 00:00:00+00:00,160911.44057737666,1.7503579901689361,1.7503579901689361,1.75,,False,161225.70452656018
2013-01-14 00:00:00+00:00,159458.6027727697,1.756322794892206,1.756322794892206,1.75,,False,161233.0492530997
2013-01-15 00:00:00+00:00,158392.76278325138,1.7629877778486867,1.7629877778486867,1.75,,False,161240.39431423237
2013-01-16 00:00:00+00:00,159962.4116492574,1.7576365787753956,1.7576365787753956,1.75,,False,161247.78449897177
2013-01-17 00:00:00+00:00,160685.79810086827,1.7513800082942954,1.7513800082942954,1.75,,False,161255.13023137674
2013-01-18 00:00:00+00:00,160689.96313742606,1.754388366019143,1.754388366019143,1.75,,False,161262.4762984206
2013-01-22 00:00:00+00:00,161134.6892063612,1.7522840024688837,1.7522840024688837,1.75,,False,161269.82270011865
2013-01-23 00:00:00+00:00,162803.40841067268,1.744383276222813,1.744383276222813,1.75,,False,161277.1694364861
2013-01-24 00:00:00+00:00,158059.00016644213,1.762749855420327,1.762749855420327,1.75,,False,161284.47170832448
2013-01-25 00:00:00+00:00,158550.13402301766,1.7560140537362119,1.7560140537362119,1.75,,False,161291.86391327778
2013-01-28 00:00:00+00:00,159132.5213728087,1.7531136300664971,1.7531136300664971,1.75,,False,161299.21165374495
2013-01-29 00:00:00+00:00,158873.50959970863,1.752977147161379,1.752977147161379,1.75,,False,161306.55972894252
2013-01-30 00:00:00+00:00,157353.96555410785,1.7557986264499026,1.7557986264499026,1.75,,False,161313.81852413033
2013-01-31 00:00:00+00:00,156499.5248096963,1.7588403547317513,1.7588403547317513,1.75,,False,161321.0776459639
2013-02-01 00:00:00+00:00,158485.92352227523,1.743452855461835,1.743452855461835,1.75,1.75,False,161328.47152868935
2013-02-04 00:00:00+00:00,155535.95936167872,1.766828950971466,1.766828950971466,1.75,,False,161335.82093683677
2013-02-05 00:00:00+00:00,159087.5726862183,1.7474228463198433,1.7474228463198433,1.75,,False,161343.12586428475
2013-02-06 00:00:00+00:00,158654.9853633092,1.7517662287911528,1.7517662287911528,1.75,,False,161350.4311224836
2013-02-07 00:00:00+00:00,160631.20861808228,1.7506523369253277,1.7506523369253277,1.75,,False,161357.73671144832
2013-02-08 00:00:00+00:00,163704.58596743437,1.7374747485778266,1.7374747485778266,1.75,,False,161365.04263119388
2013-02-11 00:00:00+00:00,163196.70071378516,1.737156271242099,1.737156271242099,1.75,,False,161372.39370535818
2013-02-12 00:00:00+00:00,161590.38134310188,1.7425252642404723,1.7425252642404723,1.75,,False,161379.74511440477
2013-02-13 00:00:00+00:00,162606.87615820408,1.7380267131412928,1.7380267131412928,1.75,,False,161387.05203064188
2013-02-14 00:00:00+00:00,163907.69399518162,1.7384629003236176,1.7384629003236176,1.75,,False,161394.40410745662
2013-02-15 00:00:00+00:00,162721.7966238208,1.7423198239108668,1.7423198239108668,1.75,,False,161401.7565191993
2013-02-19 00:00:00+00:00,164459.02164251765,1.7331406773062488,1.7331406773062488,1.75,,False,161409.1989335277
2013-02-20 00:00:00+00:00,160511.41892801315,1.753287892619987,1.753287892619987,1.75,,False,161416.59685514547
2013-02-21 00:00:00+00:00,159231.58902284416,1.7677739041427007,1.7677739041427007,1.75,,False,161423.99511583467
2013-02-22 00:00:00+00:00,162530.99324777248,1.7543937413774875,1.7543937413774875,1.75,,False,161431.43855560946
2013-02-25 00:00:00+00:00,158927.89789284026,1.7711809289785088,1.7711809289785088,1.75,,False,161438.88233860952
2013-02-26 00:00:00+00:00,161429.69725252144,1.7661274201836494,1.7661274201836494,1.75,,False,161446.2816207167
2013-02-27 00:00:00+00:00,163709.75192780828,1.752608980424589,1.752608980424589,1.75,,False,161453.63639576832
2013-02-28 00:00:00+00:00,163418.5211446755,1.75542577583139,1.75542577583139,1.75,,False,161460.9915058708
2013-03-01 00:00:00+00:00,165763.2956435982,1.7499921997811534,1.7499921997811534,1.7150975925860645,1.7150975925860645,False,161468.3469510394
2013-03-04 00:00:00+00:00,166946.37460077798,1.7442528188214448,1.7442528188214448,1.7150975925860645,,False,161475.70273128938
2013-03-05 00:00:00+00:00,170940.6701678304,1.7256115370970242,1.7256115370970242,1.7150975925860645,,False,161483.14855535977
2013-03-06 00:00:00+00:00,170584.83150014875,1.728781855361333,1.728781855361333,1.7150975925860645,,False,161490.54986633523
2013-03-07 00:00:00+00:00,169941.04705611712,1.7255439785641722,1.7255439785641722,1.7150975925860645,,False,161497.95151653743
2013-03-08 00:00:00+00:00,171666.12671866865,1.7241464785899465,1.7241464785899465,1.7150975925860645,,False,161505.39836652402
2013-03-11 00:00:00+00:00,172229.57912656374,1.7205902894189347,1.7205902894189347,1.7150975925860645,,False,161512.80069728248
2013-03-12 00:00:00+00:00,171031.42729748273,1.725170306555329,1.725170306555329,1.7150975925860645,,False,161520.2482319813
2013-03-13 00:00:00+00:00,171614.45590013385,1.7268700582879057,1.7268700582879057,1.7150975925860645,,False,161527.6512433586
2013-03-14 00:00:00+00:00,172269.37435426304,1.722744328072158,1.722744328072158,1.7150975925860645,,False,161535.00972524856
2013-03-15 00:00:00+00:00,169933.18322197048,1.723997584245214,1.723997584245214,1.7150975925860645,,False,160875.61560397985
2013-03-18 00:00:00+00:00,170854.0169133255,1.7267986532918274,1.7267986532918274,1.7150975925860645,,False,160883.03375736604
2013-03-19 00:00:00+00:00,171185.71827301686,1.729251306110852,1.729251306110852,1.7150975925860645,,False,160890.45225281152
2013-03-20 00:00:00+00:00,172432.98972909022,1.720543243990494,1.720543243990494,1.7150975925860645,,False,160897.82639853976
2013-03-21 00:00:00+00:00,169347.08326988725,1.734955454563491,1.734955454563491,1.7150975925860645,,False,160905.2008822497
2013-03-22 00:00:00+00:00,171294.95293471924,1.722829448255464,1.722829448255464,1.7150975925860645,,False,160912.6203998459
2013-03-25 00:00:00+00:00,171733.28677982563,1.7274546926927432,1.7274546926927432,1.7150975925860645,,False,160919.99556161423
2013-03-26 00:00:00+00:00,173643.7836648785,1.7207709172207493,1.7207709172207493,1.7150975925860645,,False,160927.3710614108
2013-03-27 00:00:00+00:00,175064.2401138782,1.7192062361836877,1.7192062361836877,1.7150975925860645,,False,160934.70219720362
2013-03-28 00:00:00+00:00,174980.86802195144,1.7162192860721788,1.7162192860721788,1.7150975925860645,,False,160941.94425880248
2013-04-01 00:00:00+00:00,172726.98664451833,1.7247514060363776,1.7247514060363776,1.75,1.75,False,160949.23135238976
2013-04-02 00:00:00+00:00,175356.13281224744,1.7150859821015696,1.7150859821015696,1.75,,False,160956.6529002799
2013-04-03 00:00:00+00:00,172458.2119159978,1.7265127392362054,1.7265127392362054,1.75,,False,160964.0300802045
2013-04-04 00:00:00+00:00,172445.57739982844,1.726203377984349,1.726203377984349,1.75,,False,160971.36288601928
2013-04-05 00:00:00+00:00,167703.2348984322,1.7368558775612017,1.7368558775612017,1.75,,False,160978.6960258841
2013-04-08 00:00:00+00:00,169490.00910453228,1.7301862971175759,1.7301862971175759,1.75,,False,160986.0742161186
2013-04-09 00:00:00+00:00,170361.55996206694,1.721822823123546,1.721822823123546,1.75,,False,160993.45274452018
2013-04-10 00:00:00+00:00,176510.48502588912,1.6984164084060014,1.6984164084060014,1.75,,False,161000.8316111043
2013-04-11 00:00:00+00:00,175516.2855746538,1.6989794100602726,1.6989794100602726,1.75,,False,161008.21081588647
2013-04-12 00:00:00+00:00,175699.28169180898,1.6998832601080283,1.6998832601080283,1.75,,False,161015.5903588822
2013-04-15 00:00:00+00:00,169956.29868739238,1.7242298555821771,1.7242298555821771,1.75,,False,161022.97024010698
2013-04-16 00:00:00+00:00,173059.75378982959,1.7080814894852303,1.7080814894852303,1.75,,False,161030.35045957632
2013-04-17 00:00:00+00:00,168446.52316795572,1.7326361776534926,1.7326361776534926,1.75,,False,161037.73101730572
2013-04-18 00:00:00+00:00,164123.6026646033,1.7506447764082187,1.7506447764082187,1.75,,False,161045.11191331068
2013-04-19 00:00:00+00:00,168130.45319455187,1.7331256504291395,1.7331256504291395,1.75,,False,161052.4931476067
2013-04-22 00:00:00+00:00,171330.27684810112,1.720348620172098,1.720348620172098,1.75,,False,161059.8747202093
2013-04-23 00:00:00+00:00,174661.12855525245,1.708707363394394,1.708707363394394,1.75,,False,161067.256631134
2013-04-24 00:00:00+00:00,174728.0002438127,1.709286053200851,1.709286053200851,1.75,,False,161074.59413949164
2013-04-25 00:00:00+00:00,176219.3130207692,1.7029367425379525,1.7029367425379525,1.75,,False,161081.88723917073
2013-04-26 00:00:00+00:00,174998.5744026933,1.706785244628674,1.706785244628674,1.75,,False,161089.18066906516
2013-04-29 00:00:00+00:00,176844.51298328367,1.6959127608368927,1.6959127608368927,1.75,,False,161096.4744291899
2013-04-30 00:00:00+00:00,177957.09238360322,1.6874966406255405,1.6874966406255405,1.75,,False,161103.76851955988
2013-05-01 00:00:00+00:00,173906.70153932282,1.6930066702758249,1.4554821940562448,1.4363020772716784,1.4363020772716784,True,104495.68676646159
2013-05-02 00:00:00+00:00,178811.34672899736,1.4472809696008668,1.4472809696008668,1.4363020772716784,,False,104500.44712552539
2013-05-03 00:00:00+00:00,181219.41349127406,1.4398092836000558,1.4398092836000558,1.4363020772716784,,False,104505.23672935198
2013-05-06 00:00:00+00:00,182856.34174443703,1.4373930917032693,1.4373930917032693,1.4363020772716784,,False,104509.99752346965
2013-05-07 00:00:00+00:00,182456.1451445336,1.4377693983089783,1.4377693983089783,1.4363020772716784,,False,104514.75853446794
2013-05-08 00:00:00+00:00,182438.69790905126,1.4347740896724424,1.4347740896724424,1.4363020772716784,,False,104519.461698602
2013-05-09 00:00:00+00:00,183075.46729714482,1.4356618491842885,1.4356618491842885,1.4363020772716784,,False,104524.16507437844
2013-05-10 00:00:00+00:00,186802.75043352842,1.4319321849840023,1.4319321849840023,1.4363020772716784,,False,104528.86866180679
2013-05-13 00:00:00+00:00,186753.85609691215,1.4311993176716833,1.4311993176716833,1.4363020772716784,,False,104533.57246089657
2013-05-14 00:00:00+00:00,188312.97180702293,1.428044191599921,1.428044191599921,1.4363020772716784,,False,104538.27647165731
2013-05-15 00:00:00+00:00,190503.2196450349,1.426827894248955,1.426827894248955,1.4363020772716784,,False,104542.9516556884
2013-05-16 00:00:00+00:00,189599.7638510825,1.4275177353239454,1.4275177353239454,1.4363020772716784,,False,104547.65608851291
2013-05-17 00:00:00+00:00,193407.08590451267,1.421736387952128,1.421736387952128,1.4363020772716784,,False,104552.33169202131
2013-05-20 00:00:00+00:00,192291.28583118375,1.4226526830094108,1.4226526830094108,1.4363020772716784,,False,104556.97846231873
2013-05-21 00:00:00+00:00,191911.35995556603,1.4220320180439474,1.4220320180439474,1.4363020772716784,,False,104561.62543913927
2013-05-22 00:00:00+00:00,190197.08581210635,1.4273774632647362,1.4273774632647362,1.4363020772716784,,False,104566.24357759616
2013-05-23 00:00:00+00:00,188394.98983226946,1.4288177105303765,1.4288177105303765,1.4363020772716784,,False,104570.83287384207
2013-05-24 00:00:00+00:00,188594.55627586797,1.429178503282538,1.429178503282538,1.4363020772716784,,False,104575.42237150708
2013-05-28 00:00:00+00:00,191092.8776026102,1.4252318256333667,1.4252318256333667,1.4363020772716784,,False,104580.0411193285
2013-05-29 00:00:00+00:00,188714.15717357426,1.4281490681312496,1.4281490681312496,1.4363020772716784,,False,104584.6600711446
2013-05-30 00:00:00+00:00,188711.14801644936,1.4249573028305877,1.4249573028305877,1.4363020772716784,,False,104589.25017566993
2013-05-31 00:00:00+00:00,187008.56890894476,1.4306280577104689,1.4306280577104689,1.4363020772716784,,False,104593.84048164987
2013-06-03 00:00:00+00:00,185786.17690927198,1.4295646062887284,1.7511222430908027,1.75,1.75,True,182780.1405893307
2013-06-04 00:00:00+00:00,184419.07442785642,1.7580550984336896,1.7580550984336896,1.75,,False,182788.26415113467
2013-06-05 00:00:00+00:00,180014.5668673511,1.7758661321257074,1.7758661321257074,1.75,,False,182796.43884850366
2013-06-06 00:00:00+00:00,179368.55200501118,1.7692903594986344,1.7692903594986344,1.75,,False,182804.51235788612
2013-06-07 00:00:00+00:00,183785.16932512453,1.7511768010158277,1.7511768010158277,1.75,,False,182812.6370028798
2013-06-10 00:00:00+00:00,184021.8014549153,1.7506975283873714,1.7506975283873714,1.75,,False,182820.71122768076
2013-06-11 00:00:00+00:00,180213.31543519505,1.764055724950705,1.764055724950705,1.75,,False,182828.78580909333
2013-06-12 00:00:00+00:00,175528.8320931982,1.780016735805248,1.780016735805248,1.75,,False,182836.86074713324
2013-06-13 00:00:00+00:00,180019.2534235184,1.7628783804150916,1.7628783804150916,1.75,,False,182844.88525379935
2013-06-14 00:00:00+00:00,177706.0349941225,1.7719153386392061,1.7719153386392061,1.75,,False,182852.96090289805
2013-06-17 00:00:00+00:00,180600.40051915543,1.7589518176901204,1.7589518176901204,1.75,,False,182861.0877011604
2013-06-18 00:00:00+00:00,182304.05779804385,1.7481915104593866,1.7481915104593866,1.75,,False,182869.26565536036
2013-06-19 00:00:00+00:00,178786.2014992218,1.76311826277989,1.76311826277989,1.75,,False,182877.49477231485
2013-06-20 00:00:00+00:00,173748.02768283087,1.796572628787711,1.796572628787711,1.75,,False,182885.6226609714
2013-06-21 00:00:00+00:00,173166.9866506628,1.801140894190374,1.801140894190374,1.75,,False,181918.16293461795
2013-06-24 00:00:00+00:00,170346.69021775547,1.8158096546306435,1.8158096546306435,1.75,,False,181926.24818630394
2013-06-25 00:00:00+00:00,172747.96713326417,1.805181847730172,1.805181847730172,1.75,,False,181934.33379733443
2013-06-26 00:00:00+00:00,176537.5894533365,1.7924153940657233,1.7924153940657233,1.75,,False,181942.3692304105
2013-06-27 00:00:00+00:00,177734.21009413962,1.7865103794830464,1.7865103794830464,1.75,,False,181950.40501838483
2013-06-28 00:00:00+00:00,178256.34894963584,1.784602890879533,1.784602890879533,1.75,,False,181958.44116127313
2013-07-01 00:00:00+00:00,177577.20009544856,1.7761127076107606,1.5504749755905338,1.533658935787825,1.533658935787825,True,127663.85718369846
2013-07-02 00:00:00+00:00,178275.0050126064,1.5501560601983273,1.5501560601983273,1.533658935787825,,False,127669.53113290663
2013-07-03 00:00:00+00:00,179553.3014449817,1.54676765291591,1.54676765291591,1.533658935787825,,False,127675.20533429032
2013-07-05 00:00:00+00:00,184133.19837698655,1.540422304002886,1.540422304002886,1.533658935787825,,False,127680.87978786074
2013-07-08 00:00:00+00:00,183943.58682473953,1.539657537914109,1.539657537914109,1.533658935787825,,False,127686.5544936291
2013-07-09 00:00:00+00:00,186947.90412374208,1.5347083390186005,1.5347083390186005,1.533658935787825,,False,127692.22945160659
2013-07-10 00:00:00+00:00,187535.13730305916,1.5300699722551248,1.5300699722551248,1.533658935787825,,False,127697.90466180444
2013-07-11 00:00:00+00:00,190267.48195811402,1.5144711279539618,1.5144711279539618,1.533658935787825,,False,127703.54465259367
2013-07-12 00:00:00+00:00,191502.19526348606,1.5110982902769359,1.5110982902769359,1.533658935787825,,False,127709.18489248249
2013-07-15 00:00:00+00:00,192283.80684262447,1.5093945766602244,1.5093945766602244,1.533658935787825,,False,127714.8253814819
2013-07-16 00:00:00+00:00,190361.98018380674,1.5104494387603726,1.5104494387603726,1.533658935787825,,False,127720.46611960292
2013-07-17 00:00:00+00:00,191812.16432343808,1.508547113277888,1.508547113277888,1.533658935787825,,False,127726.10710685654
2013-07-18 00:00:00+00:00,191314.04230765003,1.5105175490482132,1.5105175490482132,1.533658935787825,,False,127731.74834325376
2013-07-19 00:00:00+00:00,187401.9410103191,1.5186596826373862,1.5186596826373862,1.533658935787825,,False,127737.38982880558
2013-07-22 00:00:00+00:00,187509.40214189133,1.5163814194051253,1.5163814194051253,1.533658935787825,,False,127743.03156352302
2013-07-23 00:00:00+00:00,185148.07580725345,1.5222381947558479,1.5222381947558479,1.533658935787825,,False,127748.67354741707
2013-07-24 00:00:00+00:00,185829.62728733133,1.5197164200531303,1.5197164200531303,1.533658935787825,,False,127754.31578049874
2013-07-25 00:00:00+00:00,187521.94601206752,1.5148153999202603,1.5148153999202603,1.533658935787825,,False,127759.95826277905
2013-07-26 00:00:00+00:00,188534.66868560517,1.5107219528848408,1.5107219528848408,1.533658935787825,,False,127765.60099426899
2013-07-29 00:00:00+00:00,188100.58942571268,1.5121933588529775,1.5121933588529775,1.533658935787825,,False,127771.24397497956
2013-07-30 00:00:00+00:00,189551.5656263954,1.508141674635182,1.508141674635182,1.533658935787825,,False,127776.85171290957
2013-07-31 00:00:00+00:00,189847.51594955396,1.506760749008548,1.506760749008548,1.533658935787825,,False,127782.4951905269
2013-08-01 00:00:00+00:00,193601.01743554653,1.4991511553199928,1.7508784116534768,1.75,1.75,True,192136.61869737337
2013-08-02 00:00:00+00:00,194747.50902999204,1.7436213145671604,1.7436213145671604,1.75,,False,192145.05136008287
2013-08-05 00:00:00+00:00,195123.4454828915,1.742837247880307,1.742837247880307,1.75,,False,192153.53776651795
2013-08-06 00:00:00+00:00,192519.67552603534,1.7507084728271545,1.7507084728271545,1.75,,False,192161.9711717866
2013-08-07 00:00:00+00:00,191421.86307087386,1.7531778147432615,1.7531778147432615,1.75,,False,192170.45832551335
2013-08-08 00:00:00+00:00,192175.95098239393,1.7467260931964739,1.7467260931964739,1.75,,False,192178.9458540894
2013-08-09 00:00:00+00:00,191587.1659352308,1.7520866184561745,1.7520866184561745,1.75,,False,192187.43375753128
2013-08-12 00:00:00+00:00,192746.4997343937,1.7490559171586368,1.7490559171586368,1.75,,False,192195.8686504573
2013-08-13 00:00:00+00:00,195585.91989313948,1.7418361366073973,1.7418361366073973,1.75,,False,192204.3039135814
2013-08-14 00:00:00+00:00,194166.2203443606,1.7467857057670642,1.7467857057670642,1.75,,False,192212.73954691982
2013-08-15 00:00:00+00:00,188320.03450906405,1.769596448417206,1.769596448417206,1.75,,False,192221.22894291647
2013-08-16 00:00:00+00:00,187361.9327380598,1.7701977113619944,1.7701977113619944,1.75,,False,192229.66531907563
2013-08-19 00:00:00+00:00,186406.48047946417,1.7726136667175325,1.7726136667175325,1.75,,False,192238.1554626272
2013-08-20 00:00:00+00:00,186755.9300331394,1.7667216523959195,1.7667216523959195,1.75,,False,192246.64598116014
2013-08-21 00:00:00+00:00,186421.39796617744,1.7714641608417416,1.7714641608417416,1.75,,False,192255.13687469097
2013-08-22 00:00:00+00:00,189740.48313407847,1.758342757365565,1.758342757365565,1.75,,False,192263.57473903158
2013-08-23 00:00:00+00:00,191538.189005849,1.7495754881658936,1.7495754881658936,1.75,,False,192272.06638024922
2013-08-26 00:00:00+00:00,192036.53630465493,1.748949381756109,1.748949381756109,1.75,,False,192280.504987607
2013-08-27 00:00:00+00:00,184907.27828005308,1.776814001563209,1.776814001563209,1.75,,False,192288.94396532592
2013-08-28 00:00:00+00:00,187021.2203659203,1.7715828366566149,1.7715828366566149,1.75,,False,192297.32989982664
2013-08-29 00:00:00+00:00,190745.68016378125,1.762154987837293,1.762154987837293,1.75,,False,192305.71620004726
2013-08-30 00:00:00+00:00,189028.33673204898,1.7709780861275675,1.7709780861275675,1.75,,False,192314.15628425826
2013-09-03 00:00:00+00:00,191393.47388082265,1.763335033280055,1.763335033280055,1.75,1.75,False,192322.54331829623
2013-09-04 00:00:00+00:00,194280.28520234692,1.74929369314147,1.74929369314147,1.75,,False,192331.03756395946
2013-09-05 00:00:00+00:00,196216.15645484003,1.747136296612096,1.747136296612096,1.75,,False,192339.478759497
2013-09-06 00:00:00+00:00,195924.3390089238,1.7456675674927733,1.7456675674927733,1.75,,False,192347.9203255092
2013-09-09 00:00:00+00:00,198501.96823329266,1.7307994535375575,1.7307994535375575,1.75,,False,192356.36226201238
2013-09-10 00:00:00+00:00,200173.03371755933,1.724730469255322,1.724730469255322,1.75,,False,192364.80456902276
2013-09-11 00:00:00+00:00,198889.5431996487,1.7271908943541974,1.7271908943541974,1.75,,False,192373.24724655662
2013-09-12 00:00:00+00:00,198454.2961018913,1.7280514322135725,1.7280514322135725,1.75,,False,192381.6902946302
2013-09-13 00:00:00+00:00,199251.35202105273,1.7273011524802766,1.7273011524802766,1.75,,False,192390.1337132598
2013-09-16 00:00:00+00:00,197219.80745031068,1.730752080682105,1.730752080682105,1.75,,False,192398.57750246165
2013-09-17 00:00:00+00:00,199388.92769478666,1.7224552532114852,1.7224552532114852,1.75,,False,192407.02166225202
2013-09-18 00:00:00+00:00,203593.37119673984,1.707884735881138,1.707884735881138,1.75,,False,192415.4661926472
2013-09-19 00:00:00+00:00,201760.34958399215,1.7050529367097484,1.7050529367097484,1.75,,False,192423.91109366342
2013-09-20 00:00:00+00:00,200393.66383616967,1.7062993879451736,1.7062993879451736,1.75,,False,191387.57828468387
2013-09-23 00:00:00+00:00,199724.40236931999,1.7088020835696858,1.7088020835696858,1.75,,False,191395.9780728419
2013-09-24 00:00:00+00:00,200162.29702072334,1.7088555800204928,1.7088555800204928,1.75,,False,191404.4313952068
2013-09-25 00:00:00+00:00,198308.24655281077,1.7130829443830387,1.7130829443830387,1.75,,False,191412.88509092675
2013-09-26 00:00:00+00:00,201714.78637579363,1.7037748632410519,1.7037748632410519,1.75,,False,191421.2859897724
2013-09-27 00:00:00+00:00,200486.43408396572,1.7053454505441277,1.7053454505441277,1.75,,False,191429.68725732417
2013-09-30 00:00:00+00:00,199688.15979658312,1.708300869929586,1.708300869929586,1.75,,False,191438.08889359824
2013-10-01 00:00:00+00:00,203156.7643318699,1.6962892814208796,1.6962892814208796,1.75,1.75,False,191446.38454411697
2013-10-02 00:00:00+00:00,202154.47887346256,1.6967861276260017,1.6967861276260017,1.75,,False,191454.7869132164
2013-10-03 00:00:00+00:00,197417.06220589526,1.7109227940223937,1.7109227940223937,1.75,,False,191463.13646920124
2013-10-04 00:00:00+00:00,201213.56614659223,1.7006211525217791,1.7006211525217791,1.75,,False,191471.53957352406
2013-10-07 00:00:00+00:00,198553.02379917583,1.7107206626206177,1.7107206626206177,1.75,,False,191479.94304664977
2013-10-08 00:00:00+00:00,191806.10288373046,1.7350488498287682,1.7350488498287682,1.75,,False,191488.3468885946
2013-10-09 00:00:00+00:00,191739.68898488613,1.739090491160556,1.739090491160556,1.75,,False,191496.7510993747
2013-10-10 00:00:00+00:00,198470.93203713064,1.7128947588582486,1.7128947588582486,1.75,,False,191505.20887254825
2013-10-11 00:00:00+00:00,200789.93374377702,1.7034450450499061,1.7034450450499061,1.75,,False,191513.66701927345
2013-10-14 00:00:00+00:00,203201.15642653665,1.695128728662211,1.695128728662211,1.75,,False,191522.17873780764
2013-10-15 00:00:00+00:00,202828.95867201817,1.699789961656779,1.699789961656779,1.75,,False,191530.69083464044
2013-10-16 00:00:00+00:00,206787.92199680585,1.6866264955582488,1.6866264955582488,1.75,,False,191539.20330978863
2013-10-17 00:00:00+00:00,206118.9244780887,1.6801134723405549,1.6801134723405549,1.75,,False,191547.76936860333
2013-10-18 00:00:00+00:00,211276.10226921755,1.6621363280557715,1.6621363280557715,1.75,,False,191556.2826027975
2013-10-21 00:00:00+00:00,212365.0282618633,1.6597822877432087,1.6597822877432087,1.75,,False,191564.7962153576
2013-10-22 00:00:00+00:00,211234.8563162229,1.6582382551848427,1.6582382551848427,1.75,,False,191573.25699385713
2013-10-23 00:00:00+00:00,208983.22800427934,1.6649733429053617,1.6649733429053617,1.75,,False,191581.66493124742
2013-10-24 00:00:00+00:00,210139.82378723696,1.660193069781765,1.660193069781765,1.75,,False,191590.07323765274
2013-10-25 00:00:00+00:00,212881.11931241912,1.652476233420849,1.652476233420849,1.75,,False,191598.4819130893
2013-10-28 00:00:00+00:00,213083.45803302978,1.6522635558520073,1.6522635558520073,1.75,,False,191606.89095757325
2013-10-29 00:00:00+00:00,213920.05662259206,1.6504961629632902,1.6504961629632902,1.75,,False,191615.30037112083
2013-10-30 00:00:00+00:00,213558.3982947702,1.6515790487887123,1.6515790487887123,1.75,,False,191623.71015374822
2013-10-31 00:00:00+00:00,215514.71255074997,1.6540999497475801,1.6540999497475801,1.75,,False,191632.12030547165
2013-11-01 00:00:00+00:00,217288.9911484774,1.6538858865871437,1.6538858865871437,1.6687437218407135,1.6687437218407135,False,191640.47759516275
2013-11-04 00:00:00+00:00,217352.32628195672,1.6523697711946719,1.6523697711946719,1.6687437218407135,,False,191648.88848279053
2013-11-05 00:00:00+00:00,218479.4189491086,1.6512492516169266,1.6512492516169266,1.6687437218407135,,False,191657.29973956282
2013-11-06 00:00:00+00:00,217417.82512139564,1.651555599793157,1.651555599793157,1.6687437218407135,,False,191665.71136549584
2013-11-07 00:00:00+00:00,212865.28670892178,1.672477974506902,1.672477974506902,1.6687437218407135,,False,191674.12336060576
2013-11-08 00:00:00+00:00,218205.38694156718,1.6576701820552464,1.6576701820552464,1.6687437218407135,,False,191682.5357249088
2013-11-11 00:00:00+00:00,217629.40551725085,1.6594397231602354,1.6594397231602354,1.6687437218407135,,False,191690.9484584212
2013-11-12 00:00:00+00:00,217039.1044843618,1.6577658850354844,1.6577658850354844,1.6687437218407135,,False,191699.36156115908
2013-11-13 00:00:00+00:00,220931.2529477003,1.6448617132979753,1.6448617132979753,1.6687437218407135,,False,191707.77503313872
2013-11-14 00:00:00+00:00,221858.1646071904,1.6416235022978436,1.6416235022978436,1.6687437218407135,,False,191716.1888743763
2013-11-15 00:00:00+00:00,222349.13136182888,1.6396650739061736,1.6396650739061736,1.6687437218407135,,False,191724.6563393849
2013-11-18 00:00:00+00:00,218134.8940198912,1.6501226756843568,1.6501226756843568,1.6687437218407135,,False,191733.12417837323
2013-11-19 00:00:00+00:00,216945.15891882803,1.6532819661309774,1.6532819661309774,1.6687437218407135,,False,191741.59239135776
2013-11-20 00:00:00+00:00,217326.54117329197,1.655946123661571,1.655946123661571,1.6687437218407135,,False,191750.06097835503
2013-11-21 00:00:00+00:00,220663.94881973474,1.6451425852938046,1.6451425852938046,1.6687437218407135,,False,191758.52993938158
2013-11-22 00:00:00+00:00,221347.812012637,1.6395220283468657,1.6395220283468657,1.6687437218407135,,False,191766.9992744539
2013-11-25 00:00:00+00:00,222946.31729112344,1.6370809909532822,1.6370809909532822,1.6687437218407135,,False,191775.46898358854
2013-11-26 00:00:00+00:00,223968.36019778336,1.6317220589586714,1.6317220589586714,1.6687437218407135,,False,191783.93906680198
2013-11-27 00:00:00+00:00,226376.29565405866,1.6246614494138931,1.6246614494138931,1.6687437218407135,,False,191792.40952411076
2013-11-29 00:00:00+00:00,227848.7023490785,1.6186906746687608,1.6186906746687608,1.6687437218407135,,False,191800.8803555314
2013-12-02 00:00:00+00:00,227670.62447052155,1.6216689035927294,1.6216689035927294,1.75,1.75,False,191809.2450050358
2013-12-03 00:00:00+00:00,226492.95989282714,1.6225401789778469,1.6225401789778469,1.75,,False,191817.71658002352
2013-12-04 00:00:00+00:00,227650.89530358315,1.6216400878661648,1.6216400878661648,1.75,,False,191826.18852917248
2013-12-05 00:00:00+00:00,225357.4640771379,1.6229845529319626,1.6229845529319626,1.75,,False,191834.6608524992
2013-12-06 00:00:00+00:00,227574.2067312903,1.6157717686046567,1.6157717686046567,1.75,,False,191843.13355002017
2013-12-09 00:00:00+00:00,228463.7157873449,1.6117925863276588,1.6117925863276588,1.75,,False,191851.60662175197
2013-12-10 00:00:00+00:00,227555.12768475444,1.6125221233766247,1.6125221233766247,1.75,,False,191860.0800677111
2013-12-11 00:00:00+00:00,222295.90096780582,1.6255416151117803,1.6255416151117803,1.75,,False,191868.55388791408
2013-12-12 00:00:00+00:00,222096.9375846259,1.628223862485145,1.628223862485145,1.75,,False,191876.97478555693
2013-12-13 00:00:00+00:00,222074.7279614632,1.629596340919345,1.629596340919345,1.75,,False,191885.4493519433
2013-12-16 00:00:00+00:00,223535.68306368045,1.624008502057688,1.624008502057688,1.75,,False,191893.87099110932
2013-12-17 00:00:00+00:00,222952.0635341175,1.6260791845584772,1.6260791845584772,1.75,,False,191902.34630374477
2013-12-18 00:00:00+00:00,226863.92032033423,1.6145061982170217,1.6145061982170217,1.75,,False,191910.82199070652
2013-12-19 00:00:00+00:00,227489.82412632921,1.6173269759597824,1.6173269759597824,1.75,,False,191919.29805201112
2013-12-20 00:00:00+00:00,230809.06913259102,1.6043808676622087,1.6043808676622087,1.75,,False,190733.68130856703
2013-12-23 00:00:00+00:00,234218.98380581156,1.5943909840741575,1.5943909840741575,1.75,,False,190742.1053794915
2013-12-24 00:00:00+00:00,234812.15405666176,1.593999512037598,1.593999512037598,1.75,,False,190750.5298224791
2013-12-26 00:00:00+00:00,235805.85888948195,1.5909173935935603,1.5909173935935603,1.75,,False,190758.90165128798
2013-12-27 00:00:00+00:00,233562.46835108497,1.5933255519535519,1.5933255519535519,1.75,,False,190767.2738475271
2013-12-30 00:00:00+00:00,232160.39064379787,1.5947746955310493,1.5947746955310493,1.75,,False,190775.64641121263
2013-12-31 00:00:00+00:00,235199.11301254533,1.5886926510430723,1.5886926510430723,1.75,,False,190784.01934236067
2014-01-02 00:00:00+00:00,234113.88343087293,1.5961633177178256,1.5961633177178256,1.75,1.75,False,190792.33964542643
2014-01-03 00:00:00+00:00,232498.66262153364,1.6031551887538718,1.6031551887538718,1.75,,False,190800.713309222
2014-01-06 00:00:00+00:00,230607.37810068225,1.606790626906316,1.606790626906316,1.75,,False,190809.08734052835
2014-01-07 00:00:00+00:00,234344.67806715614,1.5979290990841968,1.5979290990841968,1.75,,False,190817.46173936164
2014-01-08 00:00:00+00:00,235709.09470849417,1.5958941255532253,1.5958941255532253,1.75,,False,190825.78350088748
2014-01-09 00:00:00+00:00,234367.2748038364,1.5991114382855622,1.5991114382855622,1.75,,False,190834.1056253346
2014-01-10 00:00:00+00:00,234308.56969660133,1.5960859798770206,1.5960859798770206,1.75,,False,190842.42811271883
2014-01-13 00:00:00+00:00,229061.34541340635,1.610526999108326,1.610526999108326,1.75,,False,190850.75096305597
2014-01-14 00:00:00+00:00,235485.50205825028,1.5923781789007896,1.5923781789007896,1.75,,False,190859.07417636184
2014-01-15 00:00:00+00:00,239927.51690647434,1.5847699805866253,1.5847699805866253,1.75,,False,190867.39775265232
2014-01-16 00:00:00+00:00,240034.97932791882,1.5847055948041098,1.5847055948041098,1.75,,False,190875.7216919432
2014-01-17 00:00:00+00:00,238684.18814760254,1.5900359872014131,1.5900359872014131,1.75,,False,190884.04599425034
2014-01-21 00:00:00+00:00,241464.62721797233,1.583009139596002,1.583009139596002,1.75,,False,190892.37065958953
2014-01-22 00:00:00+00:00,242701.8795188501,1.5806618590620214,1.5806618590620214,1.75,,False,190900.69568797664
2014-01-23 00:00:00+00:00,239034.8304228593,1.5838202647503872,1.5838202647503872,1.75,,False,190909.02107942748
2014-01-24 00:00:00+00:00,231583.6094299903,1.6026310083145188,1.6026310083145188,1.75,,False,190917.34683395788
2014-01-27 00:00:00+00:00,228000.0137082162,1.6121743198128518,1.6121743198128518,1.75,,False,190925.6729515837
2014-01-28 00:00:00+00:00,228063.39079983812,1.6127924581477706,1.6127924581477706,1.75,,False,190933.99943232074
2014-01-29 00:00:00+00:00,224099.21853392854,1.6236139173768733,1.6236139173768733,1.75,,False,190942.32627618487
2014-01-30 00:00:00+00:00,232761.28721703947,1.6054846756259435,1.6054846756259435,1.75,,False,190950.6534831919
2014-01-31 00:00:00+00:00,232602.69578167985,1.608123205972328,1.608123205972328,1.75,,False,190958.9810533577
2014-02-03 00:00:00+00:00,223630.5616101969,1.631473057742333,1.631473057742333,1.5658083526990894,1.5658083526990894,False,190967.3089866981
2014-02-04 00:00:00+00:00,226576.1478985671,1.6240291528458295,1.6240291528458295,1.5658083526990894,,False,190975.63728322892
2014-02-05 00:00:00+00:00,225416.3174905684,1.6267105258140324,1.6267105258140324,1.5658083526990894,,False,190983.965942966
2014-02-06 00:00:00+00:00,228648.65217899025,1.6140172585719952,1.6140172585719952,1.5658083526990894,,False,190992.29496592516
2014-02-07 00:00:00+00:00,235052.9112634293,1.5968750235782334,1.5968750235782334,1.5658083526990894,,False,191000.62435212228
2014-02-10 00:00:00+00:00,236675.06278856107,1.5915063267101586,1.5915063267101586,1.5658083526990894,,False,191008.9010458442
2014-02-11 00:00:00+00:00,240782.57177025793,1.581015339263307,1.581015339263307,1.5658083526990894,,False,191017.23115625093
2014-02-12 00:00:00+00:00,242606.91069241107,1.5793017374945149,1.5793017374945149,1.5658083526990894,,False,191025.50856960102
2014-02-13 00:00:00+00:00,244060.4298739028,1.5726327582974733,1.5726327582974733,1.5658083526990894,,False,191033.8394042803
2014-02-14 00:00:00+00:00,244449.6251837377,1.5708687888315374,1.5708687888315374,1.5658083526990894,,False,191042.11753732114
2014-02-18 00:00:00+00:00,245107.40497709927,1.566547340451725,1.566547340451725,1.5658083526990894,,False,191050.3960290811
2014-02-19 00:00:00+00:00,242393.04828497884,1.5727500926306808,1.5727500926306808,1.5658083526990894,,False,191058.72794913015
2014-02-20 00:00:00+00:00,245457.59082529056,1.5685987572663516,1.5685987572663516,1.5658083526990894,,False,191067.06023254347
2014-02-21 00:00:00+00:00,244367.20985554234,1.5698288272077439,1.5698288272077439,1.5658083526990894,,False,191075.39287933696
2014-02-24 00:00:00+00:00,246014.26296036082,1.5651324793623027,1.5651324793623027,1.5658083526990894,,False,191083.72588952642
2014-02-25 00:00:00+00:00,245492.9770304258,1.566151231148879,1.566151231148879,1.5658083526990894,,False,191092.0592631277
2014-02-26 00:00:00+00:00,246599.153122,1.5669764616243507,1.5669764616243507,1.5658083526990894,,False,191100.39300015668
2014-02-27 00:00:00+00:00,247675.66647280758,1.557415762504578,1.557415762504578,1.5658083526990894,,False,189471.23902780822
2014-02-28 00:00:00+00:00,245774.6241460505,1.5584153207399711,1.5584153207399711,1.5658083526990894,,False,189479.50207906583
2014-03-03 00:00:00+00:00,243687.03728681745,1.564983176531826,1.564983176531826,1.7272945424318178,1.7272945424318178,False,189487.71285748927
2014-03-04 00:00:00+00:00,249108.64155813368,1.5539990664446393,1.5539990664446393,1.7272945424318178,,False,189495.97662718888
2014-03-05 00:00:00+00:00,250113.7040028998,1.5516763954474755,1.5516763954474755,1.7272945424318178,,False,189504.24075728067
2014-03-06 00:00:00+00:00,247710.5762940946,1.5524670598230657,1.5524670598230657,1.7272945424318178,,False,189512.55788784724
2014-03-07 00:00:00+00:00,245447.96127067698,1.5567802114245217,1.5567802114245217,1.7272945424318178,,False,189520.87538344343
2014-03-10 00:00:00+00:00,245567.1450881621,1.5560532540670058,1.5560532540670058,1.7272945424318178,,False,189529.19324408527
2014-03-11 00:00:00+00:00,244145.13415586826,1.5598408513213098,1.5598408513213098,1.7272945424318178,,False,189537.51146978876
2014-03-12 00:00:00+00:00,244920.79459572159,1.5566071946676316,1.5566071946676316,1.7272945424318178,,False,189545.83006056995
2014-03-13 00:00:00+00:00,239130.61796235238,1.569168076099335,1.569168076099335,1.7272945424318178,,False,189554.14901644483
2014-03-14 00:00:00+00:00,236611.83280745655,1.575376183057996,1.575376183057996,1.7272945424318178,,False,189562.46833742945
2014-03-17 00:00:00+00:00,239833.1582971481,1.567550634075139,1.567550634075139,1.7272945424318178,,False,189570.78802353982
2014-03-18 00:00:00+00:00,244612.23316238503,1.5570465874945885,1.5570465874945885,1.7272945424318178,,False,189579.10807479196
2014-03-19 00:00:00+00:00,242597.07196088368,1.561819554655089,1.561819554655089,1.7272945424318178,,False,189587.42849120192
2014-03-20 00:00:00+00:00,245870.252321682,1.5594320516847864,1.5594320516847864,1.7272945424318178,,False,189595.7492727857
2014-03-21 00:00:00+00:00,241059.78084397147,1.5679403741360873,1.5679403741360873,1.7272945424318178,,False,188699.7204383231
2014-03-24 00:00:00+00:00,237724.00672572263,1.5758932803548296,1.5758932803548296,1.7272945424318178,,False,188708.0022593868
2014-03-25 00:00:00+00:00,239070.86232701034,1.5729651291967524,1.5729651291967524,1.7272945424318178,,False,188716.3368628199
2014-03-26 00:00:00+00:00,234068.41867187808,1.5848541603315398,1.5848541603315398,1.7272945424318178,,False,188724.67183436468
2014-03-27 00:00:00+00:00,232555.44060659487,1.59014043332745,1.59014043332745,1.7272945424318178,,False,188732.9547505174
2014-03-28 00:00:00+00:00,233256.06793554552,1.5883508783102178,1.5883508783102178,1.7272945424318178,,False,188741.23803019812
2014-03-31 00:00:00+00:00,235477.87234398274,1.5818098884027167,1.5818098884027167,1.7272945424318178,,False,188749.52167342277
2014-04-01 00:00:00+00:00,241541.5269226239,1.566119247498784,1.566119247498784,1.75,1.75,False,188757.70081936195
2014-04-02 00:00:00+00:00,243268.6146160635,1.5638812609997514,1.5638812609997514,1.75,,False,188765.98518512014
2014-04-03 00:00:00+00:00,241171.3570416066,1.5710091888136737,1.5710091888136737,1.75,,False,188774.3223494658
2014-04-04 00:00:00+00:00,231155.42063185002,1.5959509934722231,1.5959509934722231,1.75,,False,188782.60744472448
2014-04-07 00:00:00+00:00,226967.85627729414,1.6051624055997527,1.6051624055997527,1.75,,False,188790.8929036068
2014-04-08 00:00:00+00:00,229374.81905509575,1.5963654285523963,1.5963654285523963,1.75,,False,188799.23116804336
2014-04-09 00:00:00+00:00,235406.6934476711,1.580521287697147,1.580521287697147,1.75,,False,188807.5173565224
2014-04-10 00:00:00+00:00,222652.13905973465,1.6104452173472878,1.6104452173472878,1.75,,False,188815.80390867306
2014-04-11 00:00:00+00:00,218380.49590784003,1.6221444726623895,1.6221444726623895,1.75,,False,188824.09082451128
2014-04-14 00:00:00+00:00,222338.03016365014,1.6143687320452291,1.6143687320452291,1.75,,False,188832.43055518938
2014-04-15 00:00:00+00:00,223809.0263176445,1.6111534915071561,1.6111534915071561,1.75,,False,188840.77065420555
2014-04-16 00:00:00+00:00,228362.28104395865,1.5983876893871196,1.5983876893871196,1.75,,False,188849.16357734575
2014-04-17 00:00:00+00:00,228242.7558371608,1.598208065034563,1.598208065034563,1.75,,False,188857.50441540376
2014-04-21 00:00:00+00:00,231648.44798726603,1.5912344975346564,1.5912344975346564,1.75,,False,188865.84562184877
2014-04-22 00:00:00+00:00,234333.29078801346,1.58389369673061,1.58389369673061,1.75,,False,188874.23965943197
2014-04-23 00:00:00+00:00,230894.8772486255,1.5921861983227514,1.5921861983227514,1.75,,False,188882.6340700835
2014-04-24 00:00:00+00:00,234168.408298432,1.583342552086432,1.583342552086432,1.75,,False,188891.02885381994
2014-04-25 00:00:00+00:00,228071.22304741567,1.598531230106705,1.598531230106705,1.75,,False,188899.42401065788
2014-04-28 00:00:00+00:00,229150.21646356833,1.5954810591340132,1.5954810591340132,1.75,,False,188907.76706855168
2014-04-29 00:00:00+00:00,232666.62450224676,1.5880362887013746,1.5880362887013746,1.75,,False,188916.11049493053
2014-04-30 00:00:00+00:00,232591.15743199398,1.5856236891740083,1.5856236891740083,1.75,,False,188924.50676650807
2014-05-01 00:00:00+00:00,227897.87869413878,1.5829147096861809,1.1875609509370035,1.1579138372807076,1.1579138372807076,True,59274.13490232742
2014-05-02 00:00:00+00:00,227451.14406433233,1.187978305235876,1.187978305235876,1.1579138372807076,,False,59276.75284328561
2014-05-05 00:00:00+00:00,228540.24342690385,1.186821259405676,1.186821259405676,1.1579138372807076,,False,59279.37089986952
2014-05-06 00:00:00+00:00,224376.1863725415,1.1897500898164668,1.1897500898164668,1.1579138372807076,,False,59281.98907208427
2014-05-07 00:00:00+00:00,223717.9942719307,1.1904124774315767,1.1904124774315767,1.1579138372807076,,False,59284.60735993495
2014-05-08 00:00:00+00:00,224324.30121434323,1.1906321451345854,1.1906321451345854,1.1579138372807076,,False,59287.20929548019
2014-05-09 00:00:00+00:00,226964.1685047446,1.1898058786891939,1.1898058786891939,1.1579138372807076,,False,59289.8113452215
2014-05-12 00:00:00+00:00,231461.6016810269,1.186166588676046,1.186166588676046,1.1579138372807076,,False,59292.41350916387
2014-05-13 00:00:00+00:00,232474.2611178534,1.1860262288769587,1.1860262288769587,1.1579138372807076,,False,59295.015787312324
2014-05-14 00:00:00+00:00,230917.9287474739,1.1871927041399135,1.1871927041399135,1.1579138372807076,,False,59297.6346505096
2014-05-15 00:00:00+00:00,228862.42485789084,1.1889648950241765,1.1889648950241765,1.1579138372807076,,False,59300.23715780815
2014-05-16 00:00:00+00:00,230707.73622674204,1.1875164435713932,1.1875164435713932,1.1579138372807076,,False,59302.85625161595
2014-05-19 00:00:00+00:00,232475.53852199836,1.1859901964764141,1.1859901964764141,1.1579138372807076,,False,59305.475461100395
2014-05-20 00:00:00+00:00,231711.17599792068,1.1868026480781044,1.1868026480781044,1.1579138372807076,,False,59308.09478626659
2014-05-21 00:00:00+00:00,235106.3436729918,1.184719820125322,1.184719820125322,1.1579138372807076,,False,59310.71422711965
2014-05-22 00:00:00+00:00,236413.7471394029,1.1837736870321758,1.1837736870321758,1.1579138372807076,,False,59313.33378366468
2014-05-23 00:00:00+00:00,238870.3950395449,1.1822120369137934,1.1822120369137934,1.1579138372807076,,False,59315.9534559068
2014-05-27 00:00:00+00:00,242565.41838972567,1.1795760777271778,1.1795760777271778,1.1579138372807076,,False,59318.573243851104
2014-05-28 00:00:00+00:00,242074.18871622134,1.1802396090084912,1.1802396090084912,1.1579138372807076,,False,59321.19314750271
2014-05-29 00:00:00+00:00,243683.7897516003,1.17889908433547,1.17889908433547,1.1579138372807076,,False,59323.81316686673
2014-05-30 00:00:00+00:00,243141.5509368077,1.178885313513176,1.178885313513176,1.1579138372807076,,False,59326.433301948266
2014-06-02 00:00:00+00:00,243186.01897512117,1.1791026745995108,1.7520004247131384,1.75,1.75,True,248821.0713866125
2014-06-03 00:00:00+00:00,242670.07000771989,1.7526368642350125,1.7526368642350125,1.75,,False,248832.06098393205
2014-06-04 00:00:00+00:00,244337.54989614178,1.7478081666582477,1.7478081666582477,1.75,,False,248843.12018664245
2014-06-05 00:00:00+00:00,247940.7176438821,1.737027402966433,1.737027402966433,1.75,,False,248854.11075778402
2014-06-06 00:00:00+00:00,250020.38436515044,1.7298036854324141,1.7298036854324141,1.75,,False,248865.1018143425
2014-06-09 00:00:00+00:00,250604.87529749764,1.7308128361261816,1.7308128361261816,1.75,,False,248876.0933563393
2014-06-10 00:00:00+00:00,252198.76746744718,1.728692875893555,1.728692875893555,1.75,,False,248887.08538379587
2014-06-11 00:00:00+00:00,252301.7083986844,1.7290198648487487,1.7290198648487487,1.75,,False,248898.07789673365
2014-06-12 00:00:00+00:00,247909.0668223017,1.7406563540335034,1.7406563540335034,1.75,,False,248909.07089517408
2014-06-13 00:00:00+00:00,249793.19396260424,1.7369505917606276,1.7369505917606276,1.75,,False,248920.0643791386
2014-06-16 00:00:00+00:00,249129.25515222162,1.7358997786254817,1.7358997786254817,1.75,,False,248931.127493111
2014-06-17 00:00:00+00:00,249999.5261232786,1.7352659321311648,1.7352659321311648,1.75,,False,248942.19109877737
2014-06-18 00:00:00+00:00,251984.89230419343,1.7282147657857536,1.7282147657857536,1.75,,False,248953.25519615953
2014-06-19 00:00:00+00:00,250716.2675328049,1.7290838689152337,1.7290838689152337,1.75,,False,248964.31978527937
2014-06-20 00:00:00+00:00,251554.20383800927,1.7250335835768693,1.7250335835768693,1.75,,False,247788.595042376
2014-06-23 00:00:00+00:00,251510.08237401547,1.7248195495252319,1.7248195495252319,1.75,,False,247799.60786882232
2014-06-24 00:00:00+00:00,251173.58665006285,1.72608992551408,1.72608992551408,1.75,,False,247810.6211847276
2014-06-25 00:00:00+00:00,252993.9218685342,1.7182546467129987,1.7182546467129987,1.75,,False,247821.6349901136
2014-06-26 00:00:00+00:00,253739.76160040748,1.717648640944561,1.717648640944561,1.75,,False,247832.64928500206
2014-06-27 00:00:00+00:00,255252.2631632984,1.7123287970981154,1.7123287970981154,1.75,,False,247843.66406941472
2014-06-30 00:00:00+00:00,254886.8973051747,1.7103071129186629,1.7103071129186629,1.75,,False,247854.67934337337
2014-07-01 00:00:00+00:00,259831.02280178881,1.6972803999395243,1.6972803999395243,1.75,1.75,False,247865.6262583777
2014-07-02 00:00:00+00:00,261043.18638501936,1.695344037415756,1.695344037415756,1.75,,False,247876.64250843364
2014-07-03 00:00:00+00:00,264718.97740215,1.688036859450468,1.688036859450468,1.75,,False,247887.65924810068
2014-07-07 00:00:00+00:00,263473.00978994183,1.691626032487242,1.691626032487242,1.75,,False,247898.60761971748
2014-07-08 00:00:00+00:00,257903.22071239693,1.7060750688807838,1.7060750688807838,1.75,,False,247909.6253356117
2014-07-09 00:00:00+00:00,260856.16423675287,1.6972934893243528,1.6972934893243528,1.75,,False,247920.57467739735
2014-07-10 00:00:00+00:00,260021.72164946835,1.7011052399380717,1.7011052399380717,1.75,,False,247931.52450277895
2014-07-11 00:00:00+00:00,262902.6882908607,1.6935549376133534,1.6935549376133534,1.75,,False,247942.47481177782
2014-07-14 00:00:00+00:00,265129.5544726402,1.6866491125063334,1.6866491125063334,1.75,,False,247953.42560441533
2014-07-15 00:00:00+00:00,264494.51124972623,1.6907116488495302,1.6907116488495302,1.75,,False,247964.37688071287
2014-07-16 00:00:00+00:00,267111.8387499892,1.686147587902866,1.686147587902866,1.75,,False,247975.32864069176
2014-07-17 00:00:00+00:00,261138.64051734662,1.7018732971887258,1.7018732971887258,1.75,,False,247986.28088437338
2014-07-18 00:00:00+00:00,268473.60434802895,1.683485322752068,1.683485322752068,1.75,,False,247997.2336117791
2014-07-21 00:00:00+00:00,267722.9442029517,1.6849758544342195,1.6849758544342195,1.75,,False,248008.1868229303
2014-07-22 00:00:00+00:00,271665.939155282,1.6777702968978758,1.6777702968978758,1.75,,False,248019.20940901132
2014-07-23 00:00:00+00:00,274746.07189136307,1.6705998030808746,1.6705998030808746,1.75,,False,248030.16359076023
2014-07-24 00:00:00+00:00,274096.49333310017,1.6719192654982813,1.6719192654982813,1.75,,False,248041.11825631882
2014-07-25 00:00:00+00:00,273045.4054929856,1.6763938330973622,1.6763938330973622,1.75,,False,248052.07340570848
2014-07-28 00:00:00+00:00,272996.25721319683,1.6760924417583893,1.6760924417583893,1.75,,False,248063.02903895057
2014-07-29 00:00:00+00:00,272793.19989824493,1.6781392870716583,1.6781392870716583,1.75,,False,248073.98515606645
2014-07-30 00:00:00+00:00,275242.6688716819,1.673741737754554,1.673741737754554,1.75,,False,248084.94175707753
2014-07-31 00:00:00+00:00,265685.5191265016,1.6973826265118228,1.6973826265118228,1.75,,False,248095.89884200512
2014-08-01 00:00:00+00:00,263112.3795755703,1.701822630343722,1.701822630343722,1.75,1.75,False,248106.7874953432
2014-08-04 00:00:00+00:00,266615.1576545711,1.6937686771165437,1.6937686771165437,1.75,,False,248117.74554512423
2014-08-05 00:00:00+00:00,264093.571547784,1.7029391317318365,1.7029391317318365,1.75,,False,248128.7040788858
2014-08-06 00:00:00+00:00,263969.79637674463,1.7038790812206064,1.7038790812206064,1.75,,False,248139.6630966493
2014-08-07 00:00:00+00:00,262396.5296911541,1.7077596748324884,1.7077596748324884,1.75,,False,248150.62259843608
2014-08-08 00:00:00+00:00,264632.1663640955,1.6991950954217425,1.6991950954217425,1.75,,False,248161.5825842675
2014-08-11 00:00:00+00:00,267816.56053233135,1.6923057316918002,1.6923057316918002,1.75,,False,248172.54305416497
2014-08-12 00:00:00+00:00,268179.45712123084,1.692848815199022,1.692848815199022,1.75,,False,248183.50400814987
2014-08-13 00:00:00+00:00,272772.4008823935,1.680703084410711,1.680703084410711,1.75,,False,248194.46544624356
2014-08-14 00:00:00+00:00,274956.18206629064,1.6748721786992649,1.6748721786992649,1.75,,False,248205.42736846744
2014-08-15 00:00:00+00:00,276849.8120593969,1.6694848921136722,1.6694848921136722,1.75,,False,248216.3897748429
2014-08-18 00:00:00+00:00,281114.33568744897,1.6610361388535817,1.6610361388535817,1.75,,False,248227.35266539128
2014-08-19 00:00:00+00:00,284532.10827318823,1.654987949385655,1.654987949385655,1.75,,False,248238.316040134
2014-08-20 00:00:00+00:00,285294.9445655889,1.6550358273120738,1.6550358273120738,1.75,,False,248249.27989909245
2014-08-21 00:00:00+00:00,286243.4976108824,1.6528940059695918,1.6528940059695918,1.75,,False,248260.244242288
2014-08-22 00:00:00+00:00,287971.70955211134,1.6513088295373983,1.6513088295373983,1.75,,False,248271.20906974204
2014-08-25 00:00:00+00:00,290323.6520382456,1.6475776164208464,1.6475776164208464,1.75,,False,248282.17438147595
2014-08-26 00:00:00+00:00,291171.3821727832,1.6465530500297678,1.6465530500297678,1.75,,False,248293.14017751114
2014-08-27 00:00:00+00:00,291193.1834793151,1.6463861688131216,1.6463861688131216,1.75,,False,248304.106457869
2014-08-28 00:00:00+00:00,290963.78757943184,1.6476116283591051,1.6476116283591051,1.75,,False,248315.07322257088
2014-08-29 00:00:00+00:00,293363.0557117915,1.643711236772832,1.643711236772832,1.75,,False,248326.0404716382
2014-09-02 00:00:00+00:00,295340.2425521755,1.6406965044367883,1.6406965044367883,1.75,1.75,False,248336.870246181
2014-09-03 00:00:00+00:00,292207.795134484,1.6470017380475162,1.6470017380475162,1.75,,False,248347.83845795022
2014-09-04 00:00:00+00:00,296504.1148672994,1.648014447904653,1.648014447904653,1.75,,False,248358.8071541488
2014-09-05 00:00:00+00:00,298261.6027257031,1.642732794392059,1.642732794392059,1.75,,False,248369.7763347981
2014-09-08 00:00:00+00:00,299369.95814280177,1.6407771548547878,1.6407771548547878,1.75,,False,248380.74599991957
2014-09-09 00:00:00+00:00,296179.88889794785,1.6496642088448261,1.6496642088448261,1.75,,False,248391.71614953456
2014-09-10 00:00:00+00:00,300231.4206600493,1.640975147467863,1.640975147467863,1.75,,False,248402.6867836645
2014-09-11 00:00:00+00:00,299180.06940777675,1.6418636839272196,1.6418636839272196,1.75,,False,248413.6579023308
2014-09-12 00:00:00+00:00,296231.08347437566,1.6473312996496896,1.6473312996496896,1.75,,False,248424.62950555483
2014-09-15 00:00:00+00:00,291603.41820803453,1.6578364260904703,1.6578364260904703,1.75,,False,248435.60159335798
2014-09-16 00:00:00+00:00,295244.98199313745,1.6484995076776028,1.6484995076776028,1.75,,False,248446.57416576167
2014-09-17 00:00:00+00:00,296382.2890203405,1.646936969917316,1.646936969917316,1.75,,False,248457.54722278734
2014-09-18 00:00:00+00:00,301097.6696064328,1.6390529282517172,1.6390529282517172,1.75,,False,248468.52076445633
2014-09-19 00:00:00+00:00,302317.3724254687,1.6374474566392045,1.6374474566392045,1.75,,False,247345.1334331183
2014-09-22 00:00:00+00:00,297843.4041318057,1.6473538851852132,1.6473538851852132,1.75,,False,247356.05784317825
2014-09-23 00:00:00+00:00,295828.67507210537,1.6503213946376143,1.6503213946376143,1.75,,False,247366.98273573298
2014-09-24 00:00:00+00:00,302707.0949657018,1.6390512443889012,1.6390512443889012,1.75,,False,247377.9081108038
2014-09-25 00:00:00+00:00,293179.7059492653,1.661917912467471,1.661917912467471,1.75,,False,247388.83396841204
2014-09-26 00:00:00+00:00,299813.7575554683,1.6504636173826266,1.6504636173826266,1.75,,False,247399.760308579
2014-09-29 00:00:00+00:00,298753.5841454449,1.6519270977636618,1.6519270977636618,1.75,,False,247410.68713132595
2014-09-30 00:00:00+00:00,301223.8760401693,1.6504494487182053,1.6504494487182053,1.75,,False,247421.54571148337
2014-10-01 00:00:00+00:00,293496.4836485831,1.6681331650049975,1.6681331650049975,1.75,1.75,False,247432.33604000468
2014-10-02 00:00:00+00:00,292283.295032576,1.668182391757501,1.668182391757501,1.75,,False,247443.26430151312
2014-10-03 00:00:00+00:00,300721.23289093684,1.6574011686163255,1.6574011686163255,1.75,,False,247454.19304568644
2014-10-06 00:00:00+00:00,297861.57959588576,1.6597885808622908,1.6597885808622908,1.75,,False,247465.12227254597
2014-10-07 00:00:00+00:00,290054.6277739192,1.6757523973342627,1.6757523973342627,1.75,,False,247476.05198211301
2014-10-08 00:00:00+00:00,298162.3911442974,1.6544515564124653,1.6544515564124653,1.75,,False,247486.98217440888
2014-10-09 00:00:00+00:00,290186.91003628535,1.6724681664337955,1.6724681664337955,1.75,,False,247497.9128494549
2014-10-10 00:00:00+00:00,279086.8870695267,1.70184555273876,1.70184555273876,1.75,,False,247508.7752578522
2014-10-13 00:00:00+00:00,271634.92280648113,1.7211316559696155,1.7211316559696155,1.75,,False,247519.7068954261
2014-10-14 00:00:00+00:00,271161.54784316337,1.7210529417656713,1.7210529417656713,1.75,,False,247530.63901581397
2014-10-15 00:00:00+00:00,265664.90633088956,1.7292074065511625,1.7292074065511625,1.75,,False,247541.57161903716
2014-10-16 00:00:00+00:00,262074.45562402954,1.7372685399374226,1.7372685399374226,1.75,,False,247552.504705117
2014-10-17 00:00:00+00:00,269265.66955808195,1.720817060176009,1.720817060176009,1.75,,False,247563.4382740748
2014-10-20 00:00:00+00:00,275577.58410365204,1.7027955601830473,1.7027955601830473,1.75,,False,247574.3723259319
2014-10-21 00:00:00+00:00,289233.12418997876,1.6727491821072005,1.6727491821072005,1.75,,False,247585.30686070965
2014-10-22 00:00:00+00:00,288222.31743325194,1.6786585914228993,1.6786585914228993,1.75,,False,247596.24187842934
2014-10-23 00:00:00+00:00,295493.4070286368,1.6619883439496927,1.6619883439496927,1.75,,False,247607.1773791123
2014-10-24 00:00:00+00:00,299099.4954622131,1.653158769032639,1.653158769032639,1.75,,False,247618.1133627799
2014-10-27 00:00:00+00:00,298570.26406823774,1.6524408649547946,1.6524408649547946,1.75,,False,247629.04982945343
2014-10-28 00:00:00+00:00,305170.21094067383,1.6366058841134308,1.6366058841134308,1.75,,False,247639.98677915422
2014-10-29 00:00:00+00:00,302960.4887407068,1.6405237241349777,1.6405237241349777,1.75,,False,247650.92421190362
2014-10-30 00:00:00+00:00,307369.49355938635,1.6383666593806248,1.6383666593806248,1.75,,False,247661.86212772297
2014-10-31 00:00:00+00:00,316616.69586188777,1.624300138847634,1.624300138847634,1.75,,False,247672.8005266336
2014-11-03 00:00:00+00:00,306111.5960061075,1.6213583152314237,1.2096456029904012,1.1599543678237516,1.1599543678237516,True,80135.26022365293
2014-11-04 00:00:00+00:00,303243.7667014366,1.2105081068849166,1.2105081068849166,1.1599543678237516,,False,80138.79953097948
2014-11-05 00:00:00+00:00,304879.99478379963,1.21049428817858,1.21049428817858,1.1599543678237516,,False,80142.36125540308
2014-11-06 00:00:00+00:00,307866.49707873934,1.2097042071922774,1.2097042071922774,1.1599543678237516,,False,80145.90087635853
2014-11-07 00:00:00+00:00,307335.9592891379,1.2099401938464336,1.2099401938464336,1.1599543678237516,,False,80149.44065364724
2014-11-10 00:00:00+00:00,308576.19604889554,1.2090551440536201,1.2090551440536201,1.1599543678237516,,False,80152.9805872761
2014-11-11 00:00:00+00:00,309744.26970565016,1.208275976646182,1.208275976646182,1.1599543678237516,,False,80156.52067725205
2014-11-12 00:00:00+00:00,309627.5548415604,1.2078451218022448,1.2078451218022448,1.1599543678237516,,False,80160.06092358196
2014-11-13 00:00:00+00:00,310731.8077726944,1.206783623730348,1.206783623730348,1.1599543678237516,,False,80163.60132627275
2014-11-14 00:00:00+00:00,311445.76150684204,1.2060214663503876,1.2060214663503876,1.1599543678237516,,False,80167.14188533132
2014-11-17 00:00:00+00:00,311486.62054806045,1.20678141119982,1.20678141119982,1.1599543678237516,,False,80170.68260076459
2014-11-18 00:00:00+00:00,312114.7329974836,1.2049419777862451,1.2049419777862451,1.1599543678237516,,False,80174.2457422135
2014-11-19 00:00:00+00:00,310060.70330401865,1.2060786815922846,1.2060786815922846,1.1599543678237516,,False,80177.8313126481
2014-11-20 00:00:00+00:00,312272.0603672304,1.2049878264570546,1.2049878264570546,1.1599543678237516,,False,80181.39477181755
2014-11-21 00:00:00+00:00,316328.6555051257,1.2045233421039094,1.2045233421039094,1.1599543678237516,,False,80184.95838936296
2014-11-24 00:00:00+00:00,318449.1896904881,1.2026309419252779,1.2026309419252779,1.1599543678237516,,False,80188.52216529138
2014-11-25 00:00:00+00:00,317880.58254879736,1.202269969441201,1.202269969441201,1.1599543678237516,,False,80192.08609960983
2014-11-26 00:00:00+00:00,319562.26902827533,1.2007155803424243,1.2007155803424243,1.1599543678237516,,False,80195.65019232537
2014-11-28 00:00:00+00:00,323020.5338193921,1.199613280203787,1.199613280203787,1.1599543678237516,,False,80199.21444344503
2014-12-01 00:00:00+00:00,316957.2142461107,1.2023718820767082,1.7519187999903862,1.75,1.75,True,297669.28414210497
2014-12-02 00:00:00+00:00,321747.6559120039,1.7467358271592943,1.7467358271592943,1.75,,False,297682.76194580365
2014-12-03 00:00:00+00:00,325007.46412091726,1.7444466359422715,1.7444466359422715,1.75,,False,297696.1576700912
2014-12-04 00:00:00+00:00,321384.29678003286,1.7451215394346133,1.7451215394346133,1.75,,False,297709.55399718636
2014-12-05 00:00:00+00:00,324770.5595659401,1.745056724656612,1.745056724656612,1.75,,False,297722.9509271162
2014-12-08 00:00:00+00:00,321039.21089718805,1.75448607182126,1.75448607182126,1.75,,False,297736.3484599079
2014-12-09 00:00:00+00:00,319606.67613485287,1.7503931036966633,1.7503931036966633,1.75,,False,297749.74659558863
2014-12-10 00:00:00+00:00,310551.2253977281,1.771687203618895,1.771687203618895,1.75,,False,297763.14533418545
2014-12-11 00:00:00+00:00,313857.3551400256,1.765317376910146,1.765317376910146,1.75,,False,297776.5446757255
2014-12-12 00:00:00+00:00,305669.7320749773,1.7803758710412798,1.7803758710412798,1.75,,False,297789.94462023594
2014-12-15 00:00:00+00:00,300377.28614805796,1.795052905626186,1.795052905626186,1.75,,False,297803.34516774386
2014-12-16 00:00:00+00:00,290923.814434925,1.8186923943032258,1.8186923943032258,1.75,,False,297816.66359512496
2014-12-17 00:00:00+00:00,302918.7812657711,1.7925205989707236,1.7925205989707236,1.75,,False,297830.06534498674
2014-12-18 00:00:00+00:00,318932.2901095184,1.7598056001477482,1.7598056001477482,1.75,,False,297843.550428501
2014-12-19 00:00:00+00:00,322329.4129980633,1.7504028345170262,1.7504028345170262,1.75,,False,295936.393465653
2014-12-22 00:00:00+00:00,323275.48475063196,1.7472024384582314,1.7472024384582314,1.75,,False,295949.7928079127
2014-12-23 00:00:00+00:00,323165.30487506266,1.7519096988215455,1.7519096988215455,1.75,,False,295963.1927568648
2014-12-24 00:00:00+00:00,323430.84603311174,1.7508332293864117,1.7508332293864117,1.75,,False,295976.5933125369
2014-12-26 00:00:00+00:00,327437.50308244996,1.741679311925219,1.741679311925219,1.75,,False,295989.9944749563
2014-12-29 00:00:00+00:00,327559.77887459303,1.7419839213506856,1.7419839213506856,1.75,,False,296003.3962441506
2014-12-30 00:00:00+00:00,323878.4554366981,1.7507597838229156,1.7507597838229156,1.75,,False,296016.7986201472
2014-12-31 00:00:00+00:00,319970.1060816296,1.7645490529774295,1.7645490529774295,1.75,,False,296030.2016029736
2015-01-02 00:00:00+00:00,320542.389652958,1.7686800231041389,1.7686800231041389,1.5847126949958936,1.5847126949958936,False,296043.02957837644
2015-01-05 00:00:00+00:00,314756.14300964837,1.7892176456081896,1.7892176456081896,1.5847126949958936,,False,296056.3515147075
2015-01-06 00:00:00+00:00,306730.6057236871,1.8086824221071247,1.8086824221071247,1.5847126949958936,,False,296069.67405052565
2015-01-07 00:00:00+00:00,316951.3735203682,1.7903206938258067,1.7903206938258067,1.5847126949958936,,False,296082.9971858579
2015-01-08 00:00:00+00:00,328050.6191746725,1.764197266469745,1.764197266469745,1.5847126949958936,,False,296096.3209207313
2015-01-09 00:00:00+00:00,323708.84456223185,1.773238097782622,1.773238097782622,1.5847126949958936,,False,296109.64525517274
2015-01-12 00:00:00+00:00,317658.7515945352,1.7878673641270968,1.7878673641270968,1.5847126949958936,,False,296122.9701892092
2015-01-13 00:00:00+00:00,318908.1848276612,1.7883472413202322,1.7883472413202322,1.5847126949958936,,False,296136.2957228677
2015-01-14 00:00:00+00:00,315028.8058968384,1.7962659348669072,1.7962659348669072,1.5847126949958936,,False,296149.62185617525
2015-01-15 00:00:00+00:00,313192.93331015646,1.8153342129083385,1.8153342129083385,1.5847126949958936,,False,296162.94858915877
2015-01-16 00:00:00+00:00,322106.4079558831,1.7983834698408376,1.7983834698408376,1.5847126949958936,,False,296176.2759218453
2015-01-20 00:00:00+00:00,325504.21404713823,1.7872144409731903,1.7872144409731903,1.5847126949958936,,False,296189.68612544955
2015-01-21 00:00:00+00:00,327760.6309626895,1.7801428606500285,1.7801428606500285,1.5847126949958936,,False,296203.0146613252
2015-01-22 00:00:00+00:00,343587.7799692838,1.7553242699336349,1.7553242699336349,1.5847126949958936,,False,296216.34379698493
2015-01-23 00:00:00+00:00,349037.80549500725,1.7524635962142148,1.7524635962142148,1.5847126949958936,,False,296229.6735324558
2015-01-26 00:00:00+00:00,347982.57587267755,1.7540439543172077,1.7540439543172077,1.5847126949958936,,False,296243.0038677648
2015-01-27 00:00:00+00:00,329808.7722944872,1.7900325373506154,1.7900325373506154,1.5847126949958936,,False,296256.33480293886
2015-01-28 00:00:00+00:00,327577.4571909584,1.7974131943386853,1.7974131943386853,1.5847126949958936,,False,296269.58404457866
2015-01-29 00:00:00+00:00,334226.84213406884,1.7839339719591143,1.7839339719591143,1.5847126949958936,,False,296282.9161758607
2015-01-30 00:00:00+00:00,330117.68611607695,1.794992988635549,1.794992988635549,1.5847126949958936,,False,296296.16660627857
2015-02-02 00:00:00+00:00,318085.28764098487,1.782823447241462,1.3779026802496832,1.3127415976739365,1.3127415976739365,True,136276.72905086295
2015-02-03 00:00:00+00:00,318776.92794166005,1.3729872261967646,1.3729872261967646,1.3127415976739365,,False,136282.86150367025
2015-02-04 00:00:00+00:00,319615.94112934405,1.3734584719602354,1.3734584719602354,1.3127415976739365,,False,136288.99423243792
2015-02-05 00:00:00+00:00,323012.4585368037,1.3690954739512224,1.3690954739512224,1.3127415976739365,,False,136295.08937912443
2015-02-06 00:00:00+00:00,323205.6991617514,1.3722123950990457,1.3722123950990457,1.3127415976739365,,False,136301.2226581465
2015-02-09 00:00:00+00:00,322179.29403436044,1.3738768796480794,1.3738768796480794,1.3127415976739365,,False,136307.31835171537
2015-02-10 00:00:00+00:00,329063.1225364892,1.3660720432747409,1.3660720432747409,1.3127415976739365,,False,136313.45218104118
2015-02-11 00:00:00+00:00,331162.12730418466,1.3642832077610856,1.3642832077610856,1.3127415976739365,,False,136319.58628638933
2015-02-12 00:00:00+00:00,333173.9133548595,1.358608985964559,1.358608985964559,1.3127415976739365,,False,136325.72066777223
2015-02-13 00:00:00+00:00,337113.62726345833,1.3544961508959117,1.3544961508959117,1.3127415976739365,,False,136331.85532520228
2015-02-17 00:00:00+00:00,337920.4266904328,1.3540691704058088,1.3540691704058088,1.3127415976739365,,False,136337.99025869192
2015-02-18 00:00:00+00:00,340138.47852111055,1.3534199189614298,1.3534199189614298,1.3127415976739365,,False,136344.12546825357
2015-02-19 00:00:00+00:00,340907.0458955761,1.3510912611712889,1.3510912611712889,1.3127415976739365,,False,136350.26095389965
2015-02-20 00:00:00+00:00,344586.1093817825,1.3479692752738217,1.3479692752738217,1.3127415976739365,,False,136356.39671564256
2015-02-23 00:00:00+00:00,345842.6936463438,1.3475150957797626,1.3475150957797626,1.3127415976739365,,False,136362.53275349477
2015-02-24 00:00:00+00:00,347374.9224172467,1.347191133963538,1.347191133963538,1.3127415976739365,,False,136368.63118898735
2015-02-25 00:00:00+00:00,344499.8569091421,1.3483789058997016,1.3483789058997016,1.3127415976739365,,False,136374.72989721553
2015-02-26 00:00:00+00:00,351524.1709058846,1.3460310287648785,1.3460310287648785,1.3127415976739365,,False,136380.82887819147
2015-02-27 00:00:00+00:00,349900.9176601515,1.3481176059097555,1.3481176059097555,1.3127415976739365,,False,136386.92813192742
2015-03-02 00:00:00+00:00,354093.8874755793,1.343945960412547,1.7514223442358012,1.75,1.75,True,297736.87202823744
2015-03-03 00:00:00+00:00,350501.223052173,1.7576690330425169,1.7576690330425169,1.75,,False,297750.2701874787
2015-03-04 00:00:00+00:00,352577.9770779957,1.7629022654007405,1.7629022654007405,1.75,,False,297763.6689496371
2015-03-05 00:00:00+00:00,355711.417246603,1.7606131260265192,1.7606131260265192,1.75,,False,297776.9856026096
2015-03-06 00:00:00+00:00,353458.2101718508,1.7761446168427655,1.7761446168427655,1.75,,False,297790.30285113235
2015-03-09 00:00:00+00:00,355552.5397587528,1.772247851878909,1.772247851878909,1.75,,False,297803.70341476065
2015-03-10 00:00:00+00:00,348304.62676847784,1.798587652221931,1.798587652221931,1.75,,False,297817.1045814143
2015-03-11 00:00:00+00:00,348946.83885080717,1.8070277518085647,1.8070277518085647,1.75,,False,297830.5063511205
2015-03-12 00:00:00+00:00,351776.37199193274,1.7976308410697646,1.7976308410697646,1.75,,False,297843.8259932101
2015-03-13 00:00:00+00:00,352032.2677052022,1.8039790119424315,1.8039790119424315,1.75,,False,297857.14623098366
2015-03-16 00:00:00+00:00,358481.3644280521,1.7857429380832106,1.7857429380832106,1.75,,False,297870.4670644679
2015-03-17 00:00:00+00:00,358471.7120824223,1.7835765425033172,1.7835765425033172,1.75,,False,297883.8712354858
2015-03-18 00:00:00+00:00,363438.5085246835,1.7701432765267724,1.7701432765267724,1.75,,False,297897.2760096914
2015-03-19 00:00:00+00:00,365134.57753044885,1.768188114854086,1.768188114854086,1.75,,False,297910.59863786853
2015-03-20 00:00:00+00:00,363075.56475244573,1.7573259984244127,1.7573259984244127,1.75,,False,296743.916494362
2015-03-23 00:00:00+00:00,357325.62615105585,1.7599701201016544,1.7599701201016544,1.75,,False,296757.2699706042
2015-03-24 00:00:00+00:00,355700.14277234545,1.7648772454362167,1.7648772454362167,1.75,,False,296770.6240477529
2015-03-25 00:00:00+00:00,338898.0275575483,1.7971346659900573,1.7971346659900573,1.75,,False,296783.8962895506
2015-03-26 00:00:00+00:00,338873.4979426093,1.8021201075103859,1.8021201075103859,1.75,,False,296797.2515648836
2015-03-27 00:00:00+00:00,342179.2328200741,1.7964488523407203,1.7964488523407203,1.75,,False,296810.52499752305
2015-03-30 00:00:00+00:00,351572.3848492615,1.7804356648372555,1.7804356648372555,1.75,,False,296823.88147114794
2015-03-31 00:00:00+00:00,347405.5165406152,1.7954940867652684,1.7954940867652684,1.75,,False,296837.2385458141
2015-04-01 00:00:00+00:00,343281.8754915712,1.803066076472689,1.803066076472689,1.7147152064041107,1.7147152064041107,False,296850.10149281775
2015-04-02 00:00:00+00:00,340331.6925911942,1.802167425742642,1.802167425742642,1.7147152064041107,,False,296863.45974738494
2015-04-06 00:00:00+00:00,341133.40203261294,1.790575990969444,1.790575990969444,1.7147152064041107,,False,296876.8186030736
2015-04-07 00:00:00+00:00,345036.11459627014,1.793051987736285,1.793051987736285,1.7147152064041107,,False,296890.26052569365
2015-04-08 00:00:00+00:00,350970.81832327903,1.7819833537302112,1.7819833537302112,1.7147152064041107,,False,296903.62058741733
2015-04-09 00:00:00+00:00,359776.6976285997,1.7733870316278542,1.7733870316278542,1.7147152064041107,,False,296916.9812503438
2015-04-10 00:00:00+00:00,364876.36777826,1.7678650982690136,1.7678650982690136,1.7147152064041107,,False,296930.3425145001
2015-04-13 00:00:00+00:00,363796.6385009175,1.7713432493697754,1.7713432493697754,1.7147152064041107,,False,296943.7043799132
2015-04-14 00:00:00+00:00,358873.04297323304,1.775366675895302,1.775366675895302,1.7147152064041107,,False,296957.14933097264
2015-04-15 00:00:00+00:00,365446.12055634125,1.7669166091249355,1.7669166091249355,1.7147152064041107,,False,296970.5948907896
2015-04-16 00:00:00+00:00,359580.7279174418,1.7688675945898558,1.7688675945898558,1.7147152064041107,,False,296984.0410593916
2015-04-17 00:00:00+00:00,348413.0879151799,1.7907506441208405,1.7907506441208405,1.7147152064041107,,False,296997.4878368062
2015-04-20 00:00:00+00:00,358323.597708546,1.7701293751525764,1.7701293751525764,1.7147152064041107,,False,297010.93522306107
2015-04-21 00:00:00+00:00,361190.49257496186,1.7644062911509342,1.7644062911509342,1.7147152064041107,,False,297024.38321818365
2015-04-22 00:00:00+00:00,365643.2088296529,1.757172808585457,1.757172808585457,1.7147152064041107,,False,297037.8318222016
2015-04-23 00:00:00+00:00,365534.0126654867,1.7522449130610263,1.7522449130610263,1.7147152064041107,,False,297051.2810351424
2015-04-24 00:00:00+00:00,371701.8332513455,1.7348305290540387,1.7348305290540387,1.7147152064041107,,False,297064.73085703375
2015-04-27 00:00:00+00:00,369512.4811032526,1.7381319626618548,1.7381319626618548,1.7147152064041107,,False,297078.1812879031
2015-04-28 00:00:00+00:00,365300.7855722278,1.7407591568823273,1.7407591568823273,1.7147152064041107,,False,297091.6323277781
2015-04-29 00:00:00+00:00,354995.9898764347,1.7489933627361485,1.7489933627361485,1.7147152064041107,,False,297105.0839766863
2015-04-30 00:00:00+00:00,345588.97711065225,1.7702431538376069,1.7702431538376069,1.7147152064041107,,False,297118.53623465524
2015-05-01 00:00:00+00:00,352637.74141006195,1.7527221799659638,1.7527221799659638,1.75,1.75,False,297131.5764370789
2015-05-04 00:00:00+00:00,355200.76893213263,1.7506102669975772,1.7506102669975772,1.75,,False,297145.02989456756
2015-05-05 00:00:00+00:00,344160.055330624,1.7727143972516684,1.7727143972516684,1.75,,False,297158.4839611989
2015-05-06 00:00:00+00:00,334822.41556760506,1.7823278158201066,1.7823278158201066,1.75,,False,297171.93863700045
2015-05-07 00:00:00+00:00,340249.12662229396,1.7741156609509674,1.7741156609509674,1.75,,False,297185.39392199984
2015-05-08 00:00:00+00:00,349071.58523211733,1.7574041462847714,1.7574041462847714,1.75,,False,297198.84981622465
2015-05-11 00:00:00+00:00,349769.4853323897,1.7626437503281747,1.7626437503281747,1.75,,False,297212.3063197024
2015-05-12 00:00:00+00:00,343942.06646106363,1.7688380060980213,1.7688380060980213,1.75,,False,297225.7634324608
2015-05-13 00:00:00+00:00,341165.3498753146,1.7661333145357387,1.7661333145357387,1.75,,False,297239.22115452733
2015-05-14 00:00:00+00:00,350091.65519707854,1.7468956914498612,1.7468956914498612,1.75,,False,297252.6794859296
2015-05-15 00:00:00+00:00,348241.80494161125,1.7469547695769334,1.7469547695769334,1.75,,False,297266.1384266952
2015-05-18 00:00:00+00:00,353181.8185028678,1.74134075626635,1.74134075626635,1.75,,False,297279.59797685174
2015-05-19 00:00:00+00:00,358916.5638717569,1.7428095032141555,1.7428095032141555,1.75,,False,297293.0581364268
2015-05-20 00:00:00+00:00,361637.87294402724,1.7420443158927066,1.7420443158927066,1.75,,False,297306.4363240429
2015-05-21 00:00:00+00:00,363348.5689265065,1.735463872976106,1.735463872976106,1.75,,False,297319.81511367747
2015-05-22 00:00:00+00:00,365766.6391252893,1.7367933321577955,1.7367933321577955,1.75,,False,297333.1945053576
2015-05-26 00:00:00+00:00,363625.64575562626,1.7518641125785188,1.7518641125785188,1.75,,False,297346.6570916644
2015-05-27 00:00:00+00:00,373468.3233866738,1.7312749872805286,1.7312749872805286,1.75,,False,297360.0376912335
2015-05-28 00:00:00+00:00,371113.0560334244,1.7341959137841028,1.7341959137841028,1.75,,False,297373.4188929296
2015-05-29 00:00:00+00:00,364591.6165745521,1.7419237571803223,1.7419237571803223,1.75,,False,297386.8006967798
2015-06-01 00:00:00+00:00,369436.84360655164,1.7376602624638673,1.7376602624638673,1.7057734236370141,1.7057734236370141,False,297399.8526730326
2015-06-02 00:00:00+00:00,360226.8267654271,1.7418038365093387,1.7418038365093387,1.7057734236370141,,False,297413.2356664029
2015-06-03 00:00:00+00:00,357122.5440331179,1.738007889445064,1.738007889445064,1.7057734236370141,,False,297426.6192620079
2015-06-04 00:00:00+00:00,352825.7197524247,1.747957311993673,1.747957311993673,1.7057734236370141,,False,297440.08607838
2015-06-05 00:00:00+00:00,356505.98722887784,1.7511323428961556,1.7511323428961556,1.7057734236370141,,False,297453.55350449966
2015-06-08 00:00:00+00:00,346288.2098838882,1.764793212402052,1.764793212402052,1.7057734236370141,,False,297467.02154039446
2015-06-09 00:00:00+00:00,343668.4030467551,1.76710675331085,1.76710675331085,1.7057734236370141,,False,297480.490186092
2015-06-10 00:00:00+00:00,351261.94226656953,1.7490307744072688,1.7490307744072688,1.7057734236370141,,False,297493.95944161987
2015-06-11 00:00:00+00:00,354373.0518475175,1.7471802711312123,1.7471802711312123,1.7057734236370141,,False,297507.4293070057
2015-06-12 00:00:00+00:00,347978.3446452945,1.758111650273627,1.758111650273627,1.7057734236370141,,False,297520.8997822771
2015-06-15 00:00:00+00:00,345295.9683223832,1.764849325032175,1.764849325032175,1.7057734236370141,,False,297534.3708674617
2015-06-16 00:00:00+00:00,349475.24618444574,1.7576198736308948,1.7576198736308948,1.7057734236370141,,False,297547.8425625871
2015-06-17 00:00:00+00:00,350969.46424574876,1.754026171495606,1.754026171495606,1.7057734236370141,,False,297561.3975198594
2015-06-18 00:00:00+00:00,354879.32765318546,1.7352896680539478,1.7352896680539478,1.7057734236370141,,False,297574.95309463533
2015-06-19 00:00:00+00:00,353616.05691304937,1.739426826125721,1.739426826125721,1.7057734236370141,,False,296379.87064745463
2015-06-22 00:00:00+00:00,356784.5482748445,1.7301236237134046,1.7301236237134046,1.7057734236370141,,False,296393.2900693756
2015-06-23 00:00:00+00:00,363277.09968644683,1.7291551086230157,1.7291551086230157,1.7057734236370141,,False,296406.71009889815
2015-06-24 00:00:00+00:00,360419.80387314764,1.7357579157309255,1.7357579157309255,1.7057734236370141,,False,296420.13073604985
2015-06-25 00:00:00+00:00,358581.6582945314,1.7383740019061258,1.7383740019061258,1.7057734236370141,,False,296433.55198085814
2015-06-26 00:00:00+00:00,355703.7045814276,1.7470507867887701,1.7470507867887701,1.7057734236370141,,False,296446.97383335064
2015-06-29 00:00:00+00:00,340286.8541211205,1.7792552006868305,1.7792552006868305,1.7057734236370141,,False,296460.39629355475
2015-06-30 00:00:00+00:00,343229.43588192103,1.7744106237403057,1.7744106237403057,1.7057734236370141,,False,296473.9017116081
2015-07-01 00:00:00+00:00,350250.7822183086,1.7637124986889416,1.7637124986889416,1.75,1.75,False,296486.9136217388
2015-07-02 00:00:00+00:00,350220.8041397479,1.7633992089625043,1.7633992089625043,1.75,,False,296500.3378903278
2015-07-06 00:00:00+00:00,349219.309288313,1.7665909007305292,1.7665909007305292,1.75,,False,296513.76276673784
2015-07-07 00:00:00+00:00,354725.10932518484,1.7632716875407282,1.7632716875407282,1.75,,False,296527.18825099646
2015-07-08 00:00:00+00:00,340095.47530826635,1.7875121297765049,1.7875121297765049,1.75,,False,296540.61434313114
2015-07-09 00:00:00+00:00,341187.86890129856,1.7883728634555487,1.7883728634555487,1.75,,False,296554.04104316945
2015-07-10 00:00:00+00:00,346568.970795567,1.7674656840530287,1.7674656840530287,1.75,,False,296567.46835113893
2015-07-13 00:00:00+00:00,361526.4869753084,1.7444258709381886,1.7444258709381886,1.75,,False,296580.89626706706
2015-07-14 00:00:00+00:00,365825.5568902265,1.73604487457604,1.73604487457604,1.75,,False,296594.32479098137
2015-07-15 00:00:00+00:00,368175.7756295863,1.7347145723595387,1.7347145723595387,1.75,,False,296607.7539229094
2015-07-16 00:00:00+00:00,379508.9506529864,1.7171885327463257,1.7171885327463257,1.75,,False,296621.18366287864
2015-07-17 00:00:00+00:00,390895.8578574896,1.6995378255626477,1.6995378255626477,1.75,,False,296634.69640568993
2015-07-20 00:00:00+00:00,393091.99861174205,1.6955328861540375,1.6955328861540375,1.75,,False,296648.127365555
2015-07-21 00:00:00+00:00,389903.16397417925,1.696311700198139,1.696311700198139,1.75,,False,296661.6413358016
2015-07-22 00:00:00+00:00,383911.4913271106,1.7100050109738953,1.7100050109738953,1.75,,False,296675.0735156732
2015-07-23 00:00:00+00:00,378253.5372392308,1.7146174645303278,1.7146174645303278,1.75,,False,296688.5063037241
2015-07-24 00:00:00+00:00,371882.87444649957,1.7268923663540365,1.7268923663540365,1.75,,False,296701.9396999817
2015-07-27 00:00:00+00:00,362066.43772576406,1.7374957927978711,1.7374957927978711,1.75,,False,296715.37370447366
2015-07-28 00:00:00+00:00,369373.1533270839,1.7266675372014146,1.7266675372014146,1.75,,False,296728.89073816466
2015-07-29 00:00:00+00:00,372749.18851099303,1.7220128422923264,1.7220128422923264,1.75,,False,296742.40838763164
2015-07-30 00:00:00+00:00,379642.97776197206,1.716209505420562,1.716209505420562,1.75,,False,296755.9266529026
2015-07-31 00:00:00+00:00,374958.2909835538,1.7176942500387167,1.7176942500387167,1.75,,False,296769.4455340057
2015-08-03 00:00:00+00:00,375178.2450017363,1.721623720221266,1.721623720221266,1.6779630553620737,1.6779630553620737,False,296782.47041522636
2015-08-04 00:00:00+00:00,374257.7561707852,1.7240259505916389,1.7240259505916389,1.6779630553620737,,False,296795.9905055453
2015-08-05 00:00:00+00:00,382192.97471213783,1.7145711600472682,1.7145711600472682,1.6779630553620737,,False,296809.51121177943
2015-08-06 00:00:00+00:00,369834.80737566535,1.7348312933548262,1.7348312933548262,1.6779630553620737,,False,296823.03253395687
2015-08-07 00:00:00+00:00,367796.87915654073,1.7365089792159027,1.7365089792159027,1.6779630553620737,,False,296836.55447210564
2015-08-10 00:00:00+00:00,373851.60679559736,1.72224107158721,1.72224107158721,1.6779630553620737,,False,296850.0770262538
2015-08-11 00:00:00+00:00,363997.6552334737,1.738602241255146,1.738602241255146,1.6779630553620737,,False,296863.6001964294
2015-08-12 00:00:00+00:00,361067.61917645537,1.734256583635546,1.734256583635546,1.6779630553620737,,False,296877.2064447717
2015-08-13 00:00:00+00:00,361780.23185921164,1.7363949867982484,1.7363949867982484,1.6779630553620737,,False,296890.81331673375
2015-08-14 00:00:00+00:00,363845.98995504656,1.7344885203610672,1.7344885203610672,1.6779630553620737,,False,296904.4208123441
2015-08-17 00:00:00+00:00,370153.77557441476,1.7240905904494823,1.7240905904494823,1.6779630553620737,,False,296917.94645818113
2015-08-18 00:00:00+00:00,368540.3941780433,1.730591305432526,1.730591305432526,1.6779630553620737,,False,296931.5551973938
2015-08-19 00:00:00+00:00,363241.2868579472,1.7390718477554297,1.7390718477554297,1.6779630553620737,,False,296945.16456034034
2015-08-20 00:00:00+00:00,341443.48133800784,1.7765319224998266,1.7765319224998266,1.6779630553620737,,False,296958.77454704937
2015-08-21 00:00:00+00:00,310594.000305663,1.8419719452576366,1.8419719452576366,1.6779630553620737,,False,296972.38515754946
2015-08-24 00:00:00+00:00,282987.35272972635,1.9062758053958664,1.9062758053958664,1.6779630553620737,,False,296985.9963918692
2015-08-25 00:00:00+00:00,285134.3015387251,1.912894869121417,1.912894869121417,1.6779630553620737,,False,296999.6082500372
2015-08-26 00:00:00+00:00,313140.2690190945,1.8327471149593082,1.8327471149593082,1.6779630553620737,,False,297013.220732082
2015-08-27 00:00:00+00:00,332069.1705025721,1.7958648730160485,1.7958648730160485,1.6779630553620737,,False,297026.75133435975
2015-08-28 00:00:00+00:00,333934.9620584389,1.7962006566939197,1.7962006566939197,1.6779630553620737,,False,297040.28255303163
2015-08-31 00:00:00+00:00,325841.7022866503,1.8144101260659375,1.8144101260659375,1.6779630553620737,,False,297053.8143881257
2015-09-01 00:00:00+00:00,285909.9964124716,1.8634385850670232,0.8207364665722889,0.7681825067618313,0.7681825067618313,True,0.0
2015-09-02 00:00:00+00:00,293074.66021509754,0.8247921640464296,0.8247921640464296,0.7681825067618313,,False,0.0
2015-09-03 00:00:00+00:00,295515.7010157701,0.8240799404946492,0.8240799404946492,0.7681825067618313,,False,0.0
2015-09-04 00:00:00+00:00,292276.3420694893,0.8223381796607915,0.8223381796607915,0.7681825067618313,,False,0.0
2015-09-08 00:00:00+00:00,297313.69579287333,0.8263635199603737,0.8263635199603737,0.7681825067618313,,False,0.0
2015-09-09 00:00:00+00:00,295002.15992744005,0.8247365108187028,0.8247365108187028,0.7681825067618313,,False,0.0
2015-09-10 00:00:00+00:00,295085.5912168648,0.8262951878583492,0.8262951878583492,0.7681825067618313,,False,0.0
2015-09-11 00:00:00+00:00,294445.558292163,0.8270845032613913,0.8270845032613913,0.7681825067618313,,False,0.0
2015-09-14 00:00:00+00:00,294512.62254139024,0.8266499099890047,0.8266499099890047,0.7681825067618313,,False,0.0
2015-09-15 00:00:00+00:00,298622.20922659134,0.828321906386305,0.828321906386305,0.7681825067618313,,False,0.0
2015-09-16 00:00:00+00:00,298848.0975783128,0.8291194110052249,0.8291194110052249,0.7681825067618313,,False,0.0
2015-09-17 00:00:00+00:00,298729.23528761545,0.8291723159619603,0.8291723159619603,0.7681825067618313,,False,0.0
2015-09-18 00:00:00+00:00,293869.50509443175,0.8255226074248989,0.8255226074248989,0.7681825067618313,,False,0.0
2015-09-21 00:00:00+00:00,298679.12881354155,0.8259726238438888,0.8259726238438888,0.7681825067618313,,False,0.0
2015-09-22 00:00:00+00:00,296872.0365151637,0.8237966960219124,0.8237966960219124,0.7681825067618313,,False,0.0
2015-09-23 00:00:00+00:00,296341.29136378434,0.82390817896734,0.82390817896734,0.7681825067618313,,False,0.0
2015-09-24 00:00:00+00:00,293035.0224607992,0.8233773908235145,0.8233773908235145,0.7681825067618313,,False,0.0
2015-09-25 00:00:00+00:00,292549.4774622297,0.8221358094938066,0.8221358094938066,0.7681825067618313,,False,0.0
2015-09-28 00:00:00+00:00,284583.5067743236,0.8178731018083716,0.8178731018083716,0.7681825067618313,,False,0.0
2015-09-29 00:00:00+00:00,283121.1001315122,0.8170951456228269,0.8170951456228269,0.7681825067618313,,False,0.0
2015-09-30 00:00:00+00:00,290617.66063768795,0.8204722749377255,0.8204722749377255,0.7681825067618313,,False,0.0
2015-10-01 00:00:00+00:00,290585.28963674715,0.8211356628097823,1.0289166762922966,1.0284899756714876,1.0284899756714876,True,9411.092046416568
2015-10-02 00:00:00+00:00,293826.7420433086,1.0284062102826024,1.0284062102826024,1.0284899756714876,,False,9411.518159750893
2015-10-05 00:00:00+00:00,300178.3501526711,1.0279950958666733,1.0279950958666733,1.0284899756714876,,False,9411.944292378681
2015-10-06 00:00:00+00:00,296965.5209423493,1.0281334657410128,1.0281334657410128,1.0284899756714876,,False,9412.370444300808
2015-10-07 00:00:00+00:00,299248.6115057538,1.0279622821842203,1.0279622821842203,1.0284899756714876,,False,9412.796615518148
2015-10-08 00:00:00+00:00,299592.4931684769,1.0278497509512368,1.0278497509512368,1.0284899756714876,,False,9413.222806031572
2015-10-09 00:00:00+00:00,298840.3255363378,1.027722078838176,1.027722078838176,1.0284899756714876,,False,9413.649015841956
2015-10-12 00:00:00+00:00,299589.533698155,1.02765400401308,1.02765400401308,1.0284899756714876,,False,9414.075244950174
2015-10-13 00:00:00+00:00,297103.105009513,1.027840149095679,1.027840149095679,1.0284899756714876,,False,9414.501493357098
2015-10-14 00:00:00+00:00,295187.0455625641,1.0278873711483598,1.0278873711483598,1.0284899756714876,,False,9414.927761063604
2015-10-15 00:00:00+00:00,300670.10576387437,1.0274256144581844,1.0274256144581844,1.0284899756714876,,False,9415.354048070563
2015-10-16 00:00:00+00:00,303502.5427498458,1.0273096197786362,1.0273096197786362,1.0284899756714876,,False,9415.78035437885
2015-10-19 00:00:00+00:00,306368.84204764274,1.0271509456552887,1.0271509456552887,1.0284899756714876,,False,9416.20667998934
2015-10-20 00:00:00+00:00,303701.5444233207,1.0272965993820249,1.0272965993820249,1.0284899756714876,,False,9416.633024902907
2015-10-21 00:00:00+00:00,302170.14136961487,1.0274700380728379,1.0274700380728379,1.0284899756714876,,False,9417.059389120423
2015-10-22 00:00:00+00:00,314170.4812814552,1.0269081849815713,1.0269081849815713,1.0284899756714876,,False,9417.485772642764
2015-10-23 00:00:00+00:00,326836.08199983236,1.0261577625227951,1.0261577625227951,1.0284899756714876,,False,9417.909559502532
2015-10-26 00:00:00+00:00,326008.07071116293,1.0261423200842175,1.0261423200842175,1.0284899756714876,,False,9418.333365432709
2015-10-27 00:00:00+00:00,326659.9460484177,1.0260889643287507,1.0260889643287507,1.0284899756714876,,False,9418.757190434153
2015-10-28 00:00:00+00:00,329029.02165993623,1.0258695141269505,1.0258695141269505,1.0284899756714876,,False,9419.181034507723
2015-10-29 00:00:00+00:00,331582.0681025727,1.025912674324327,1.025912674324327,1.0284899756714876,,False,9419.604897654275
2015-10-30 00:00:00+00:00,327696.32842418045,1.026033521090137,1.026033521090137,1.0284899756714876,,False,9420.02877987467
2015-11-02 00:00:00+00:00,331557.4733522031,1.0257364396277413,1.655904487119082,1.6538243798420695,1.6538243798420695,True,239782.4600502579
2015-11-03 00:00:00+00:00,335901.0095587536,1.6521840921100923,1.6521840921100923,1.6538243798420695,,False,239793.25026096017
2015-11-04 00:00:00+00:00,338568.4967128696,1.652138947546412,1.652138947546412,1.6538243798420695,,False,239804.0409572219
2015-11-05 00:00:00+00:00,336802.9066554558,1.6551045568375555,1.6551045568375555,1.6538243798420695,,False,239814.832139065
2015-11-06 00:00:00+00:00,341041.176872336,1.6543979470766932,1.6543979470766932,1.6538243798420695,,False,239825.62380651126
2015-11-09 00:00:00+00:00,334381.10980159533,1.6661601933239583,1.6661601933239583,1.6538243798420695,,False,239836.41595958255
2015-11-10 00:00:00+00:00,335472.20152939257,1.6690567549764261,1.6690567549764261,1.6538243798420695,,False,239847.20859830073
2015-11-11 00:00:00+00:00,334770.11011614953,1.6704900945594883,1.6704900945594883,1.6538243798420695,,False,239858.00172268765
2015-11-12 00:00:00+00:00,326815.07439212664,1.681611057077797,1.681611057077797,1.6538243798420695,,False,239868.79533276518
2015-11-13 00:00:00+00:00,317369.41783511726,1.704940429427124,1.704940429427124,1.6538243798420695,,False,239879.58942855516
2015-11-16 00:00:00+00:00,325567.88888877915,1.688117992612006,1.688117992612006,1.6538243798420695,,False,239890.38401007943
2015-11-17 00:00:00+00:00,328170.92777742044,1.6874414934222932,1.6874414934222932,1.6538243798420695,,False,239901.24571357766
2015-11-18 00:00:00+00:00,338662.6712194505,1.665924281780943,1.665924281780943,1.6538243798420695,,False,239912.1079088697
2015-11-19 00:00:00+00:00,335642.20611300884,1.6651939737975323,1.6651939737975323,1.6538243798420695,,False,239922.9039537256
2015-11-20 00:00:00+00:00,342155.1577250753,1.657825881610426,1.657825881610426,1.6538243798420695,,False,239933.7004844035
2015-11-23 00:00:00+00:00,342372.728582094,1.6610340506265457,1.6610340506265457,1.6538243798420695,,False,239944.4975009253
2015-11-24 00:00:00+00:00,340259.65839829686,1.6620468420954428,1.6620468420954428,1.6538243798420695,,False,239955.29500331284
2015-11-25 00:00:00+00:00,341900.8773097903,1.6611328787357194,1.6611328787357194,1.6538243798420695,,False,239966.092991588
2015-11-27 00:00:00+00:00,343333.5737651307,1.6596464046147943,1.6596464046147943,1.6538243798420695,,False,239976.8914657726
2015-11-30 00:00:00+00:00,342978.3204611493,1.6624851286649058,1.6624851286649058,1.6538243798420695,,False,239987.69042588858
2015-12-01 00:00:00+00:00,346765.12624816335,1.6517005615824951,1.6517005615824951,1.75,1.75,False,239998.22321896837
2015-12-02 00:00:00+00:00,344749.3787779471,1.6584547962727703,1.6584547962727703,1.75,,False,240009.08980518635
2015-12-03 00:00:00+00:00,324936.53145318746,1.677552006031326,1.677552006031326,1.75,,False,240019.9568834192
2015-12-04 00:00:00+00:00,338227.03272633767,1.6520338885762675,1.6520338885762675,1.75,,False,240030.8244536892
2015-12-07 00:00:00+00:00,337056.15116523963,1.6569845261308547,1.6569845261308547,1.75,,False,240041.6925160186
2015-12-08 00:00:00+00:00,335979.02650037373,1.6569388976763806,1.6569388976763806,1.75,,False,240052.56107042974
2015-12-09 00:00:00+00:00,324298.4687644131,1.6739389933169881,1.6739389933169881,1.75,,False,240063.4301169449
2015-12-10 00:00:00+00:00,327815.3803879272,1.668931545079722,1.668931545079722,1.75,,False,240074.36633987245
2015-12-11 00:00:00+00:00,313666.24109439884,1.6957066509625724,1.6957066509625724,1.75,,False,240085.30306100572
2015-12-14 00:00:00+00:00,317026.24198777665,1.6869285212346454,1.6869285212346454,1.75,,False,240096.24028036738
2015-12-15 00:00:00+00:00,323620.30616414157,1.679993785858559,1.679993785858559,1.75,,False,240107.2446913802
2015-12-16 00:00:00+00:00,330906.00954787823,1.6634715461235976,1.6634715461235976,1.75,,False,240118.2496067619
2015-12-17 00:00:00+00:00,326853.88368315523,1.6799967677703795,1.6799967677703795,1.75,,False,240129.25502653554
2015-12-18 00:00:00+00:00,314670.7535713349,1.699591491314507,1.699591491314507,1.75,,False,238786.92291944326
2015-12-21 00:00:00+00:00,318456.84829243453,1.6866886460848487,1.6866886460848487,1.75,,False,238799.3265734949
2015-12-22 00:00:00+00:00,320275.3684676041,1.67921734796719,1.67921734796719,1.75,,False,238811.6645387012
2015-12-23 00:00:00+00:00,327328.68188211304,1.6709105889772768,1.6709105889772768,1.75,,False,238824.00314136903
2015-12-24 00:00:00+00:00,324830.6178778211,1.6711677365487385,1.6711677365487385,1.75,,False,238836.34238153134
2015-12-28 00:00:00+00:00,323702.7236076684,1.6718239970615592,1.6718239970615592,1.75,,False,238848.68225922107
2015-12-29 00:00:00+00:00,334242.7020334705,1.6546660611834316,1.6546660611834316,1.75,,False,238861.02277447112
2015-12-30 00:00:00+00:00,329368.22673621133,1.6646326415150634,1.6646326415150634,1.75,,False,238873.36392731447
2015-12-31 00:00:00+00:00,324106.1661009382,1.678754803703131,1.678754803703131,1.75,,False,238885.63936407183
2016-01-04 00:00:00+00:00,308660.79456396744,1.7037343044937792,1.2527647488156821,1.230533783287288,1.230533783287288,True,84283.45923424902
2016-01-05 00:00:00+00:00,309705.9150994644,1.2533318030536416,1.2533318030536416,1.230533783287288,,False,84287.8138796428
2016-01-06 00:00:00+00:00,305433.09772741224,1.256435497766611,1.256435497766611,1.230533783287288,,False,84292.16875002658
2016-01-07 00:00:00+00:00,290764.54217148863,1.2669552068955194,1.2669552068955194,1.230533783287288,,False,84296.523845412
2016-01-08 00:00:00+00:00,287078.6729963844,1.2697756455380291,1.2697756455380291,1.230533783287288,,False,84300.87916581068
2016-01-11 00:00:00+00:00,288381.6340192427,1.2687434505799555,1.2687434505799555,1.230533783287288,,False,84305.23471123424
2016-01-12 00:00:00+00:00,293728.1451993377,1.2648636402073248,1.2648636402073248,1.230533783287288,,False,84309.59048169432
2016-01-13 00:00:00+00:00,280263.9129667823,1.2769634358034108,1.2769634358034108,1.230533783287288,,False,84313.94647720254
2016-01-14 00:00:00+00:00,287881.2333877509,1.269648930802905,1.269648930802905,1.230533783287288,,False,84318.30269777053
2016-01-15 00:00:00+00:00,273960.37355380115,1.2807291541545736,1.2807291541545736,1.230533783287288,,False,84322.65914340991
2016-01-19 00:00:00+00:00,276182.9046992078,1.2799654540082848,1.2799654540082848,1.230533783287288,,False,84327.01581413232
2016-01-20 00:00:00+00:00,275044.1093473528,1.2810876031842722,1.2810876031842722,1.230533783287288,,False,84331.37270994938
2016-01-21 00:00:00+00:00,277296.42429012124,1.280749321702089,1.280749321702089,1.230533783287288,,False,84335.75325625404
2016-01-22 00:00:00+00:00,288080.5324182457,1.270728520932341,1.270728520932341,1.230533783287288,,False,84340.13403010374
2016-01-25 00:00:00+00:00,282174.10334133345,1.2759504845942333,1.2759504845942333,1.230533783287288,,False,84344.53845932531
2016-01-26 00:00:00+00:00,285041.7385972208,1.272835945410937,1.272835945410937,1.230533783287288,,False,84348.94311855597
2016-01-27 00:00:00+00:00,275464.81642718165,1.281790612304693,1.281790612304693,1.230533783287288,,False,84353.34800780771
2016-01-28 00:00:00+00:00,278269.1180773644,1.2768003003538437,1.2768003003538437,1.230533783287288,,False,84357.75312709257
2016-01-29 00:00:00+00:00,288849.3570977599,1.2696296366131052,1.2696296366131052,1.230533783287288,,False,84362.15847642254
2016-02-01 00:00:00+00:00,288123.00302267267,1.2687291925412094,0.8914792833843949,0.8908054610297115,0.8908054610297115,True,0.0
2016-02-02 00:00:00+00:00,282045.16011047794,0.8893440128314021,0.8893440128314021,0.8908054610297115,,False,0.0
2016-02-03 00:00:00+00:00,277207.84605649894,0.8888699267605795,0.8888699267605795,0.8908054610297115,,False,0.0
2016-02-04 00:00:00+00:00,273520.49266618816,0.8888602071147432,0.8888602071147432,0.8908054610297115,,False,0.0
2016-02-05 00:00:00+00:00,266696.99125894206,0.8853203394342656,0.8853203394342656,0.8908054610297115,,False,0.0
2016-02-08 00:00:00+00:00,262168.8793512914,0.8837469416427223,0.8837469416427223,0.8908054610297115,,False,0.0
2016-02-09 00:00:00+00:00,258441.65797717296,0.8834270637054933,0.8834270637054933,0.8908054610297115,,False,0.0
2016-02-10 00:00:00+00:00,261121.13165710465,0.8838213263124739,0.8838213263124739,0.8908054610297115,,False,0.0
2016-02-11 00:00:00+00:00,257573.6160228676,0.883672461660745,0.883672461660745,0.8908054610297115,,False,0.0
2016-02-12 00:00:00+00:00,263989.810805162,0.8852167661249307,0.8852167661249307,0.8908054610297115,,False,0.0
2016-02-16 00:00:00+00:00,271554.85067532444,0.8874628423085967,0.8874628423085967,0.8908054610297115,,False,0.0
2016-02-17 00:00:00+00:00,277012.8718128915,0.8896801767646515,0.8896801767646515,0.8908054610297115,,False,0.0
2016-02-18 00:00:00+00:00,275386.29063363787,0.8885483453305346,0.8885483453305346,0.8908054610297115,,False,0.0
2016-02-19 00:00:00+00:00,275242.2196967003,0.8888407627215872,0.8888407627215872,0.8908054610297115,,False,0.0
2016-02-22 00:00:00+00:00,281976.38677804306,0.8904220456558805,0.8904220456558805,0.8908054610297115,,False,0.0
2016-02-23 00:00:00+00:00,277894.0668361055,0.8887921368065109,0.8887921368065109,0.8908054610297115,,False,0.0
2016-02-24 00:00:00+00:00,280125.46362845984,0.8897280366513866,0.8897280366513866,0.8908054610297115,,False,0.0
2016-02-25 00:00:00+00:00,282451.9914682471,0.890685928943637,0.890685928943637,0.8908054610297115,,False,0.0
2016-02-26 00:00:00+00:00,284562.17097753513,0.8905635719927874,0.8905635719927874,0.8908054610297115,,False,0.0
2016-02-29 00:00:00+00:00,283945.84026459436,0.8896801767646515,0.8896801767646515,0.8908054610297115,,False,0.0
2016-03-01 00:00:00+00:00,292619.78284359456,0.8927430670572389,0.8927430670572389,1.0228264920524137,1.0228264920524137,False,0.0
2016-03-02 00:00:00+00:00,292772.5419784588,0.8927792605582591,0.8927792605582591,1.0228264920524137,,False,0.0
2016-03-03 00:00:00+00:00,289528.77708228043,0.8925980483727559,0.8925980483727559,1.0228264920524137,,False,0.0
2016-03-04 00:00:00+00:00,287995.68435501575,0.8926343397955439,0.8926343397955439,1.0228264920524137,,False,0.0
2016-03-07 00:00:00+00:00,286570.5245389254,0.8920415607216221,0.8920415607216221,1.0228264920524137,,False,0.0
2016-03-08 00:00:00+00:00,283833.79061941465,0.8912378352224472,0.8912378352224472,1.0228264920524137,,False,0.0
2016-03-09 00:00:00+00:00,285616.5024606925,0.8918578512906109,0.8918578512906109,1.0228264920524137,,False,0.0
2016-03-10 00:00:00+00:00,281650.20260429004,0.8917104343780085,0.8917104343780085,1.0228264920524137,,False,0.0
2016-03-11 00:00:00+00:00,285581.0693672187,0.893372929177392,0.893372929177392,1.0228264920524137,,False,0.0
2016-03-14 00:00:00+00:00,287892.11335028615,0.8935337007906419,0.8935337007906419,1.0228264920524137,,False,0.0
2016-03-15 00:00:00+00:00,287666.15098359546,0.8934980149210952,0.8934980149210952,1.0228264920524137,,False,0.0
2016-03-16 00:00:00+00:00,290924.8171254151,0.8943391274165229,0.8943391274165229,1.0228264920524137,,False,0.0
2016-03-17 00:00:00+00:00,284586.8767770059,0.8942863934578549,0.8942863934578549,1.0228264920524137,,False,0.0
2016-03-18 00:00:00+00:00,285401.6784366108,0.892381916513974,0.892381916513974,1.0228264920524137,,False,0.0
2016-03-21 00:00:00+00:00,287211.8557299139,0.8927562744862654,0.8927562744862654,1.0228264920524137,,False,0.0
2016-03-22 00:00:00+00:00,288817.6582277243,0.8930485936481781,0.8930485936481781,1.0228264920524137,,False,0.0
2016-03-23 00:00:00+00:00,288079.9927243603,0.892256549055785,0.892256549055785,1.0228264920524137,,False,0.0
2016-03-24 00:00:00+00:00,288435.84722316486,0.892283437117402,0.892283437117402,1.0228264920524137,,False,0.0
2016-03-28 00:00:00+00:00,286868.1123056427,0.8921488555862739,0.8921488555862739,1.0228264920524137,,False,0.0
2016-03-29 00:00:00+00:00,291133.7153698368,0.8936721473683594,0.8936721473683594,1.0228264920524137,,False,0.0
2016-03-30 00:00:00+00:00,289149.00970611576,0.8941328975153409,0.8941328975153409,1.0228264920524137,,False,0.0
2016-03-31 00:00:00+00:00,287249.5651415828,0.8939942209634011,0.8939942209634011,1.0228264920524137,,False,0.0
2016-04-01 00:00:00+00:00,289608.74654023274,0.894991452710366,1.7529976559584464,1.75,1.75,True,248278.0542495046
2016-04-04 00:00:00+00:00,287640.05789571366,1.7581241735884432,1.7581241735884432,1.75,,False,248290.95091510034
2016-04-05 00:00:00+00:00,283051.1862408312,1.7712678833818625,1.7712678833818625,1.75,,False,248303.8482506062
2016-04-06 00:00:00+00:00,289855.15479634056,1.7495122758023902,1.7495122758023902,1.75,,False,248316.746256057
2016-04-07 00:00:00+00:00,283650.2047800214,1.76890783564376,1.76890783564376,1.75,,False,248329.64493148754
2016-04-08 00:00:00+00:00,282774.174620244,1.7699774662100063,1.7699774662100063,1.75,,False,248342.54427693257
2016-04-11 00:00:00+00:00,280778.4457485404,1.7750829010592568,1.7750829010592568,1.75,,False,248355.44429242695
2016-04-12 00:00:00+00:00,285368.58226115344,1.7637931448828683,1.7637931448828683,1.75,,False,248368.34497800548
2016-04-13 00:00:00+00:00,294740.66358503856,1.7470181361630432,1.7470181361630432,1.75,,False,248381.24633370296
2016-04-14 00:00:00+00:00,295272.9405314672,1.746968329169603,1.746968329169603,1.75,,False,248394.14835955418
2016-04-15 00:00:00+00:00,293100.50644553534,1.750345211022014,1.750345211022014,1.75,,False,248407.05105559397
2016-04-18 00:00:00+00:00,295119.4095787076,1.7434736035667466,1.7434736035667466,1.75,,False,248419.95442185714
2016-04-19 00:00:00+00:00,290602.08291877195,1.7515517808297667,1.7515517808297667,1.75,,False,248432.8584583785
2016-04-20 00:00:00+00:00,292160.909020859,1.750549911347084,1.750549911347084,1.75,,False,248445.76316519285
2016-04-21 00:00:00+00:00,292945.5708022841,1.7504993882482178,1.7504993882482178,1.75,,False,248458.66854233504
2016-04-22 00:00:00+00:00,286767.9181214212,1.770936268640047,1.770936268640047,1.75,,False,248471.57458983987
2016-04-25 00:00:00+00:00,285866.20228735404,1.771007190139271,1.771007190139271,1.75,,False,248484.4813077422
2016-04-26 00:00:00+00:00,282290.86624340067,1.7777773887510102,1.7777773887510102,1.75,,False,248497.38869607678
2016-04-27 00:00:00+00:00,278155.2698747849,1.7891034551948306,1.7891034551948306,1.75,,False,248510.2967548785
2016-04-28 00:00:00+00:00,272058.1666146116,1.8066162533901844,1.8066162533901844,1.75,,False,248523.20548418217
2016-04-29 00:00:00+00:00,266724.97377036465,1.8144451444412746,1.8144451444412746,1.75,,False,248536.1148840226
2016-05-02 00:00:00+00:00,269525.0077077138,1.8007749813608105,1.8007749813608105,1.75,1.75,False,248548.5416897668
2016-05-03 00:00:00+00:00,265195.5943597364,1.8144559863737715,1.8144559863737715,1.75,,False,248561.45240568236
2016-05-04 00:00:00+00:00,262591.6388945158,1.824150698169934,1.824150698169934,1.75,,False,248574.36379223788
2016-05-05 00:00:00+00:00,264330.66407970863,1.8246584994750494,1.8246584994750494,1.75,,False,248587.2758494682
2016-05-06 00:00:00+00:00,266493.9482945062,1.816789170472817,1.816789170472817,1.75,,False,248600.18857740815
2016-05-09 00:00:00+00:00,268304.69736100273,1.8126708824481492,1.8126708824481492,1.75,,False,248613.10197609258
2016-05-10 00:00:00+00:00,275340.18220949883,1.7930595440382437,1.7930595440382437,1.75,,False,248626.01604555635
2016-05-11 00:00:00+00:00,269494.1879016361,1.806198298223614,1.806198298223614,1.75,,False,248638.93078583427
2016-05-12 00:00:00+00:00,268835.3749827039,1.812761289794471,1.812761289794471,1.75,,False,248651.84619696118
2016-05-13 00:00:00+00:00,269062.47954697604,1.8183014546905925,1.8183014546905925,1.75,,False,248664.76227897196
2016-05-16 00:00:00+00:00,274346.39112074807,1.8001737744177833,1.8001737744177833,1.75,,False,248677.67903190144
2016-05-17 00:00:00+00:00,267926.7885165955,1.818738247156122,1.818738247156122,1.75,,False,248690.59645578449
2016-05-18 00:00:00+00:00,271129.72088876733,1.8134853353664948,1.8134853353664948,1.75,,False,248703.51455065593
2016-05-19 00:00:00+00:00,270048.4909665187,1.8213006652332588,1.8213006652332588,1.75,,False,248716.43331655065
2016-05-20 00:00:00+00:00,275626.699397384,1.8052233929555495,1.8052233929555495,1.75,,False,248729.35275350348
2016-05-23 00:00:00+00:00,275329.4241033499,1.8072150872550046,1.8072150872550046,1.75,,False,248742.27286154928
2016-05-24 00:00:00+00:00,286488.45445473754,1.7790852095692424,1.7790852095692424,1.75,,False,248755.19364072292
2016-05-25 00:00:00+00:00,289908.2065047263,1.7693138766333314,1.7693138766333314,1.75,,False,248768.11509105927
2016-05-26 00:00:00+00:00,290617.536155868,1.7654173445392347,1.7654173445392347,1.75,,False,248781.03721259316
2016-05-27 00:00:00+00:00,294433.6054440392,1.758520398983446,1.758520398983446,1.75,,False,248793.9600053595
2016-05-31 00:00:00+00:00,295541.94762085855,1.7560543891648879,1.7560543891648879,1.75,,False,248806.8834693931
2016-06-01 00:00:00+00:00,294783.67439753335,1.756000059299847,1.756000059299847,1.75,1.75,False,248819.2547005434
2016-06-02 00:00:00+00:00,296063.1562269731,1.7533117572805597,1.7533117572805597,1.75,,False,248832.17947849588
2016-06-03 00:00:00+00:00,289127.3400857315,1.7596438591530184,1.7596438591530184,1.75,,False,248845.1049278188
2016-06-06 00:00:00+00:00,290349.9308301281,1.7548854312692443,1.7548854312692443,1.75,,False,248858.03104854698
2016-06-07 00:00:00+00:00,289148.83151726227,1.7583276931430185,1.7583276931430185,1.75,,False,248870.95784071533
2016-06-08 00:00:00+00:00,288742.20342225546,1.7561042170067993,1.7561042170067993,1.75,,False,248883.88530435873
2016-06-09 00:00:00+00:00,289708.2294937472,1.7583451746212297,1.7583451746212297,1.75,,False,248896.81343951204
2016-06-10 00:00:00+00:00,285126.13721981784,1.7738508525634695,1.7738508525634695,1.75,,False,248909.74224621014
2016-06-13 00:00:00+00:00,280864.94241754117,1.7855626461580674,1.7855626461580674,1.75,,False,248922.67172448794
2016-06-14 00:00:00+00:00,282758.25261964806,1.7856355101136359,1.7856355101136359,1.75,,False,248935.60187438029
2016-06-15 00:00:00+00:00,280471.92015421414,1.7897552323543326,1.7897552323543326,1.75,,False,248948.5326959221
2016-06-16 00:00:00+00:00,283998.40526167775,1.7856513680081716,1.7856513680081716,1.75,,False,248961.46418914825
2016-06-17 00:00:00+00:00,275303.66566479683,1.7998117795928674,1.7998117795928674,1.75,,False,247847.11877813432
2016-06-20 00:00:00+00:00,276884.5556204825,1.7909301524699015,1.7909301524699015,1.75,,False,247860.0619054483
2016-06-21 00:00:00+00:00,279831.01345515175,1.786534658908035,1.786534658908035,1.75,,False,247873.00570868113
2016-06-22 00:00:00+00:00,278017.9089633319,1.790021833322238,1.790021833322238,1.75,,False,247885.95018786815
2016-06-23 00:00:00+00:00,282925.5753013259,1.770419638521909,1.770419638521909,1.75,,False,247898.89534304463
2016-06-24 00:00:00+00:00,268106.0468971809,1.8310970227871262,1.8310970227871262,1.75,,False,247911.91003505012
2016-06-27 00:00:00+00:00,260740.4952199692,1.8625268459541218,1.8625268459541218,1.75,,False,247924.99427474642
2016-06-28 00:00:00+00:00,270634.0648565055,1.8287841410523091,1.8287841410523091,1.75,,False,247938.14807305377
2016-06-29 00:00:00+00:00,277804.16632943664,1.8028603931298328,1.8028603931298328,1.75,,False,247951.3025692432
2016-06-30 00:00:00+00:00,285772.0589386692,1.7865302281980275,1.7865302281980275,1.75,,False,247964.45776335176
2016-07-01 00:00:00+00:00,284105.64667962294,1.7796064614121454,1.1666249893141802,1.1613295951927256,1.1613295951927256,True,52759.427331259794
2016-07-05 00:00:00+00:00,283733.92378692044,1.1678309642063471,1.1678309642063471,1.1613295951927256,,False,52762.22651198765
2016-07-06 00:00:00+00:00,286523.4975173008,1.1662507583424975,1.1662507583424975,1.1613295951927256,,False,52765.011185053554
2016-07-07 00:00:00+00:00,287820.14133178873,1.165690021638211,1.165690021638211,1.1613295951927256,,False,52767.79600508832
2016-07-08 00:00:00+00:00,293723.58779235213,1.1627656142067582,1.1627656142067582,1.1613295951927256,,False,52770.5809720997
2016-07-11 00:00:00+00:00,295484.39280990063,1.1617016788649137,1.1617016788649137,1.1613295951927256,,False,52773.36608609545
2016-07-12 00:00:00+00:00,296436.412168301,1.160768755177922,1.160768755177922,1.1613295951927256,,False,52776.15134708332
2016-07-13 00:00:00+00:00,294589.7269155249,1.1612318385892664,1.1612318385892664,1.1613295951927256,,False,52778.93675507109
2016-07-14 00:00:00+00:00,297004.99563940667,1.1599723175244632,1.1599723175244632,1.1613295951927256,,False,52781.72231006649
2016-07-15 00:00:00+00:00,297789.00443934207,1.1602809700141061,1.1602809700141061,1.1613295951927256,,False,52784.5080120773
2016-07-18 00:00:00+00:00,299612.88763308164,1.1590691502646207,1.1590691502646207,1.1613295951927256,,False,52787.29386111127
2016-07-19 00:00:00+00:00,300024.64166749007,1.1597534776789,1.1597534776789,1.1613295951927256,,False,52790.07985717616
2016-07-20 00:00:00+00:00,304280.6231715463,1.1576274957681427,1.1576274957681427,1.1613295951927256,,False,52792.86600027973
2016-07-21 00:00:00+00:00,303222.82309420174,1.1580564946028267,1.1580564946028267,1.1613295951927256,,False,52795.652290429745
2016-07-22 00:00:00+00:00,306011.891672755,1.1573096392463367,1.1573096392463367,1.1613295951927256,,False,52798.43872763396
2016-07-25 00:00:00+00:00,305706.048672649,1.1573032259312268,1.1573032259312268,1.1613295951927256,,False,52801.22531190014
2016-07-26 00:00:00+00:00,305996.6847509859,1.1571048802294377,1.1571048802294377,1.1613295951927256,,False,52804.01204323605
2016-07-27 00:00:00+00:00,308340.03636614827,1.155862368627362,1.155862368627362,1.1613295951927256,,False,52806.79892164944
2016-07-28 00:00:00+00:00,306623.73148299154,1.155245434203921,1.155245434203921,1.1613295951927256,,False,52809.58594714808
2016-07-29 00:00:00+00:00,305354.61050204193,1.1548658982677977,1.1548658982677977,1.1613295951927256,,False,52812.373119739736
2016-08-01 00:00:00+00:00,306633.13831111696,1.1539337575316284,1.7520887218818466,1.75,1.75,True,257735.68730832107
2016-08-02 00:00:00+00:00,301219.00901141093,1.7623049724040796,1.7623049724040796,1.75,,False,257749.29002515122
2016-08-03 00:00:00+00:00,304453.32045823254,1.7579603891759497,1.7579603891759497,1.75,,False,257762.89345990255
2016-08-04 00:00:00+00:00,306961.77498670714,1.7542369492787582,1.7542369492787582,1.75,,False,257776.49761261293
2016-08-05 00:00:00+00:00,313638.13878098794,1.7418184161910384,1.7418184161910384,1.75,,False,257790.10248332025
2016-08-08 00:00:00+00:00,313074.23952504306,1.7433279524419572,1.7433279524419572,1.75,,False,257803.70807206244
2016-08-09 00:00:00+00:00,313419.8912570909,1.7404086188949612,1.7404086188949612,1.75,,False,257817.31437887735
2016-08-10 00:00:00+00:00,310304.30375520536,1.743798245804401,1.743798245804401,1.75,,False,257830.9214038029
2016-08-11 00:00:00+00:00,312696.06040019955,1.7383463055918866,1.7383463055918866,1.75,,False,257844.529146877
2016-08-12 00:00:00+00:00,312943.05637582217,1.7375383286247699,1.7375383286247699,1.75,,False,257858.13760813753
2016-08-15 00:00:00+00:00,314490.5827990542,1.7321783317782924,1.7321783317782924,1.75,,False,257871.7467876224
2016-08-16 00:00:00+00:00,309315.6921699257,1.739317777073096,1.739317777073096,1.75,,False,257885.3566853695
2016-08-17 00:00:00+00:00,310654.5107105155,1.7370854783127694,1.7370854783127694,1.75,,False,257898.9673014168
2016-08-18 00:00:00+00:00,308833.6470513768,1.736825597922061,1.736825597922061,1.75,,False,257912.57863580214
2016-08-19 00:00:00+00:00,308902.48280602763,1.73722064366883,1.73722064366883,1.75,,False,257926.19068856348
2016-08-22 00:00:00+00:00,309630.38158248045,1.7363064793418772,1.7363064793418772,1.75,,False,257939.8034597387
2016-08-23 00:00:00+00:00,310745.2071118385,1.734092938381376,1.734092938381376,1.75,,False,257953.41694936575
2016-08-24 00:00:00+00:00,308668.99116149044,1.7424840329480566,1.7424840329480566,1.75,,False,257967.03115748253
2016-08-25 00:00:00+00:00,307290.5529239979,1.7446631904331766,1.7446631904331766,1.75,,False,257980.64608412696
2016-08-26 00:00:00+00:00,309074.3957669467,1.7428423184977864,1.7428423184977864,1.75,,False,257994.26172933695
2016-08-29 00:00:00+00:00,311324.1127066322,1.741140796874366,1.741140796874366,1.75,,False,258007.87809315044
2016-08-30 00:00:00+00:00,310438.8712373752,1.7454266657753745,1.7454266657753745,1.75,,False,258021.49517560535
2016-08-31 00:00:00+00:00,309980.0445647675,1.7468373563154835,1.7468373563154835,1.75,,False,258035.11297673962
2016-09-01 00:00:00+00:00,310028.41732446273,1.743556058117833,1.743556058117833,1.75,1.75,False,258048.01473238846
2016-09-02 00:00:00+00:00,312781.7310168972,1.7394276846655454,1.7394276846655454,1.75,,False,258061.633933166
2016-09-06 00:00:00+00:00,313937.87808356277,1.7315638954704884,1.7315638954704884,1.75,,False,258075.25385273472
2016-09-07 00:00:00+00:00,314220.67949860025,1.730879014821204,1.730879014821204,1.75,,False,258088.8744911325
2016-09-08 00:00:00+00:00,310528.7450045405,1.7384248639293094,1.7384248639293094,1.75,,False,258102.49584839732
2016-09-09 00:00:00+00:00,298044.3115415575,1.772278128731931,1.772278128731931,1.75,,False,258116.11792456708
2016-09-12 00:00:00+00:00,307069.42841074057,1.7485515402681693,1.7485515402681693,1.75,,False,258129.74071967977
2016-09-13 00:00:00+00:00,301934.48574786604,1.7605095385409253,1.7605095385409253,1.75,,False,258143.36423377332
2016-09-14 00:00:00+00:00,303674.8240776681,1.7542453611528666,1.7542453611528666,1.75,,False,258156.98846688567
2016-09-15 00:00:00+00:00,312633.9623571971,1.7342983841541129,1.7342983841541129,1.75,,False,258170.61341905475
2016-09-16 00:00:00+00:00,314429.48392826255,1.7325132797639713,1.7325132797639713,1.75,,False,257041.33013989154
2016-09-19 00:00:00+00:00,311518.2610632092,1.738141145366823,1.738141145366823,1.75,,False,257054.89621009337
2016-09-20 00:00:00+00:00,312722.00224109285,1.7357994109885884,1.7357994109885884,1.75,,False,257068.46299628224
2016-09-21 00:00:00+00:00,318244.7030350563,1.723522114937872,1.723522114937872,1.75,,False,257082.03049849594
2016-09-22 00:00:00+00:00,320757.75291036954,1.7137997602368593,1.7137997602368593,1.75,,False,257095.59871677225
2016-09-23 00:00:00+00:00,317407.16587908816,1.7217584418601257,1.7217584418601257,1.75,,False,257109.16765114898
2016-09-26 00:00:00+00:00,311518.22200744686,1.732374326118363,1.732374326118363,1.75,,False,257122.7373016639
2016-09-27 00:00:00+00:00,318593.92135163053,1.7201082653311361,1.7201082653311361,1.75,,False,257136.30766835483
2016-09-28 00:00:00+00:00,319734.9395171229,1.7180888844198852,1.7180888844198852,1.75,,False,257149.87875125956
2016-09-29 00:00:00+00:00,314507.25117993384,1.7272064874339716,1.7272064874339716,1.75,,False,257163.45055041587
2016-09-30 00:00:00+00:00,318721.90363123076,1.7180112128079301,1.7180112128079301,1.75,,False,257177.02306586158
2016-10-03 00:00:00+00:00,318720.55583021673,1.7198434739034125,1.7198434739034125,1.6071437135420426,1.6071437135420426,False,257189.81047895292
2016-10-04 00:00:00+00:00,317819.4619148194,1.7217937243980825,1.7217937243980825,1.6071437135420426,,False,257203.38438561707
2016-10-05 00:00:00+00:00,320205.93606143433,1.717475921771682,1.717475921771682,1.6071437135420426,,False,257216.95900868188
2016-10-06 00:00:00+00:00,321005.5634491434,1.7181639542931095,1.7181639542931095,1.6071437135420426,,False,257230.53434818512
2016-10-07 00:00:00+00:00,319842.93010571477,1.7209417549708492,1.7209417549708492,1.6071437135420426,,False,257244.11040416462
2016-10-10 00:00:00+00:00,323315.38316875004,1.7132363793336927,1.7132363793336927,1.6071437135420426,,False,257257.68717665816
2016-10-11 00:00:00+00:00,318084.8827684561,1.731163659484501,1.731163659484501,1.6071437135420426,,False,257271.2646657036
2016-10-12 00:00:00+00:00,318988.1328336694,1.7323095939619946,1.7323095939619946,1.6071437135420426,,False,257284.91433557894
2016-10-13 00:00:00+00:00,316309.946702651,1.7369433850785907,1.7369433850785907,1.6071437135420426,,False,257298.5647296451
2016-10-14 00:00:00+00:00,318484.2251842887,1.7354826247521402,1.7354826247521402,1.6071437135420426,,False,257312.21584794048
2016-10-17 00:00:00+00:00,316529.6615721949,1.7390542985116446,1.7390542985116446,1.6071437135420426,,False,257325.8676905035
2016-10-18 00:00:00+00:00,321505.47501678846,1.7278533561396756,1.7278533561396756,1.6071437135420426,,False,257339.52025737264
2016-10-19 00:00:00+00:00,322354.61782477464,1.7280268398970364,1.7280268398970364,1.6071437135420426,,False,257353.1735485863
2016-10-20 00:00:00+00:00,322621.88273111475,1.729591353394592,1.729591353394592,1.6071437135420426,,False,257366.8275641829
2016-10-21 00:00:00+00:00,326727.18491895404,1.7249710072216349,1.7249710072216349,1.6071437135420426,,False,257380.48230420088
2016-10-24 00:00:00+00:00,332814.40499004675,1.7103108097822741,1.7103108097822741,1.6071437135420426,,False,257394.1377686787
2016-10-25 00:00:00+00:00,330932.08741313004,1.714257705250757,1.714257705250757,1.6071437135420426,,False,257407.79395765474
2016-10-26 00:00:00+00:00,326285.1945275798,1.7227429083220673,1.7227429083220673,1.6071437135420426,,False,257421.4508711675
2016-10-27 00:00:00+00:00,324064.834251539,1.7285343372098356,1.7285343372098356,1.6071437135420426,,False,257435.1085092554
2016-10-28 00:00:00+00:00,319655.2361200492,1.736596962508031,1.736596962508031,1.6071437135420426,,False,257448.76687195688
2016-10-31 00:00:00+00:00,318306.1615240103,1.7378685738325108,1.7378685738325108,1.6071437135420426,,False,257462.42595931035
2016-11-01 00:00:00+00:00,311857.46656368073,1.7477076131082312,1.7477076131082312,1.75,1.75,False,257475.37059794884
2016-11-02 00:00:00+00:00,305350.22950900125,1.75839376183183,1.75839376183183,1.75,,False,257489.0310967778
2016-11-03 00:00:00+00:00,300746.5195480082,1.7717790804046605,1.7717790804046605,1.75,,False,257502.6923203721
2016-11-04 00:00:00+00:00,298139.7488631172,1.7766781603013624,1.7766781603013624,1.75,,False,257516.3542687702
2016-11-07 00:00:00+00:00,313047.9613100131,1.745292218516769,1.745292218516769,1.75,,False,257530.01694201058
2016-11-08 00:00:00+00:00,316719.2000938804,1.7369593377677497,1.7369593377677497,1.75,,False,257543.68034013166
2016-11-09 00:00:00+00:00,321633.7351176839,1.7311709182299064,1.7311709182299064,1.75,,False,257557.34446317193
2016-11-10 00:00:00+00:00,314640.1386750309,1.7522706765824934,1.7522706765824934,1.75,,False,257571.00931116985
2016-11-11 00:00:00+00:00,314865.75278307125,1.7517715276103818,1.7517715276103818,1.75,,False,257584.67488416386
2016-11-14 00:00:00+00:00,313866.26968870946,1.765388812969972,1.765388812969972,1.75,,False,257598.34118219244
2016-11-15 00:00:00+00:00,321449.31828823354,1.747163764295757,1.747163764295757,1.75,,False,257612.00820529406
2016-11-16 00:00:00+00:00,325590.55377048056,1.7395612713839468,1.7395612713839468,1.75,,False,257625.67595350716
2016-11-17 00:00:00+00:00,331026.11539121356,1.7303915093783946,1.7303915093783946,1.75,,False,257639.34442687026
2016-11-18 00:00:00+00:00,330610.4830826161,1.7352122610037124,1.7352122610037124,1.75,,False,257653.0136254218
2016-11-21 00:00:00+00:00,336658.513104959,1.7222469763092156,1.7222469763092156,1.75,,False,257666.68354920024
2016-11-22 00:00:00+00:00,337737.175219917,1.7185545124973376,1.7185545124973376,1.75,,False,257680.3541982441
2016-11-23 00:00:00+00:00,337223.1806933188,1.723640743811457,1.723640743811457,1.75,,False,257694.02557259184
2016-11-25 00:00:00+00:00,337955.3289560004,1.719725899395961,1.719725899395961,1.75,,False,257707.69767228194
2016-11-28 00:00:00+00:00,337226.2629643264,1.7226160445494998,1.7226160445494998,1.75,,False,257721.37049735288
2016-11-29 00:00:00+00:00,337626.55558645935,1.7184012238669994,1.7184012238669994,1.75,,False,257735.04404784317
2016-11-30 00:00:00+00:00,332089.61604208447,1.7337323301839809,1.7337323301839809,1.75,,False,257748.71832379125
2016-12-01 00:00:00+00:00,320433.9140822495,1.7564552102625366,1.7564552102625366,1.684262695695065,1.684262695695065,False,257761.67735657364
2016-12-02 00:00:00+00:00,320577.42014476674,1.7538880883742027,1.7538880883742027,1.684262695695065,,False,257775.35304556674
2016-12-05 00:00:00+00:00,323210.98788810085,1.7438099931234667,1.7438099931234667,1.684262695695065,,False,257789.0294601311
2016-12-06 00:00:00+00:00,324733.3878864767,1.7407766736885564,1.7407766736885564,1.684262695695065,,False,257802.70660030525
2016-12-07 00:00:00+00:00,330613.8101322591,1.7248664232680175,1.7248664232680175,1.684262695695065,,False,257816.38446612764
2016-12-08 00:00:00+00:00,335763.8948875771,1.722720913281576,1.722720913281576,1.684262695695065,,False,257830.0630576368
2016-12-09 00:00:00+00:00,342999.6137847881,1.7131504352300213,1.7131504352300213,1.684262695695065,,False,257843.74237487125
2016-12-12 00:00:00+00:00,338245.5661014586,1.7187798635417302,1.7187798635417302,1.684262695695065,,False,257857.42241786947
2016-12-13 00:00:00+00:00,344621.02252716286,1.7035960898687732,1.7035960898687732,1.684262695695065,,False,257871.10318666996
2016-12-14 00:00:00+00:00,342712.98876356776,1.7061564707730432,1.7061564707730432,1.684262695695065,,False,257884.78468131126
2016-12-15 00:00:00+00:00,352931.1910979771,1.704320960679906,1.704320960679906,1.684262695695065,,False,257898.46690183185
2016-12-16 00:00:00+00:00,347536.39606118156,1.7059580453524117,1.7059580453524117,1.684262695695065,,False,256533.89768943243
2016-12-19 00:00:00+00:00,350352.7865594471,1.7011297211777805,1.7011297211777805,1.684262695695065,,False,256549.2897232938
2016-12-20 00:00:00+00:00,354453.69776348124,1.6966615064364798,1.6966615064364798,1.684262695695065,,False,256564.6826806772
2016-12-21 00:00:00+00:00,352801.42358049843,1.6976161689466704,1.6976161689466704,1.684262695695065,,False,256580.07656163804
2016-12-22 00:00:00+00:00,350189.24576545216,1.701046428875146,1.701046428875146,1.684262695695065,,False,256595.47136623174
2016-12-23 00:00:00+00:00,350671.8678678866,1.7003246103991627,1.7003246103991627,1.684262695695065,,False,256610.8670945137
2016-12-27 00:00:00+00:00,353428.25956970255,1.6943064367116343,1.6943064367116343,1.684262695695065,,False,256626.26374653936
2016-12-28 00:00:00+00:00,351070.9391802297,1.7036529788999302,1.7036529788999302,1.684262695695065,,False,256641.66132236415
2016-12-29 00:00:00+00:00,346968.3915817743,1.7054292260207125,1.7054292260207125,1.684262695695065,,False,256657.0598220435
2016-12-30 00:00:00+00:00,338741.72447172843,1.7180849010776194,1.7180849010776194,1.684262695695065,,False,256672.4592456328
2017-01-03 00:00:00+00:00,348425.398537299,1.7072830086481348,1.7072830086481348,1.75,1.75,False,256687.07531622873
2017-01-04 00:00:00+00:00,349631.1771248184,1.700848932911397,1.700848932911397,1.75,,False,256702.4765407477
2017-01-05 00:00:00+00:00,348917.56723962794,1.6942395711062461,1.6942395711062461,1.75,,False,256717.87868934014
2017-01-06 00:00:00+00:00,355361.43770105584,1.6841446826787556,1.6841446826787556,1.75,,False,256733.2817620615
2017-01-09 00:00:00+00:00,356769.65425765776,1.6804541694945043,1.6804541694945043,1.75,,False,256748.6857589672
2017-01-10 00:00:00+00:00,358213.81419726973,1.678007974039162,1.678007974039162,1.75,,False,256764.09068011274
2017-01-11 00:00:00+00:00,362249.9990429265,1.6750272288740489,1.6750272288740489,1.75,,False,256779.49652555355
2017-01-12 00:00:00+00:00,355708.3115197558,1.6768474661937975,1.6768474661937975,1.75,,False,256794.90329534508
2017-01-13 00:00:00+00:00,359115.36645314324,1.6730534103706813,1.6730534103706813,1.75,,False,256810.3109895428
2017-01-17 00:00:00+00:00,354957.3142585115,1.6765214874348504,1.6765214874348504,1.75,,False,256825.71960820217
2017-01-18 00:00:00+00:00,356587.9546834302,1.6742878404086174,1.6742878404086174,1.75,,False,256841.12915137867
2017-01-19 00:00:00+00:00,358025.2678708998,1.6749066145628992,1.6749066145628992,1.75,,False,256856.53961912775
2017-01-20 00:00:00+00:00,359327.2919115611,1.6725014351080445,1.6725014351080445,1.75,,False,256871.9510115049
2017-01-23 00:00:00+00:00,356115.28596882336,1.6716574619424864,1.6716574619424864,1.75,,False,256887.36332856558
2017-01-24 00:00:00+00:00,359805.11641348776,1.6642528103207181,1.6642528103207181,1.75,,False,256902.7765703653
2017-01-25 00:00:00+00:00,366022.6949166493,1.6533731222352495,1.6533731222352495,1.75,,False,256918.1907369595
2017-01-26 00:00:00+00:00,369143.9322326729,1.6523200964079354,1.6523200964079354,1.75,,False,256933.60582840373
2017-01-27 00:00:00+00:00,369602.59184236656,1.6503306990461812,1.6503306990461812,1.75,,False,256949.02184475344
2017-01-30 00:00:00+00:00,365143.8451484754,1.6588660441627607,1.6588660441627607,1.75,,False,256964.43878606413
2017-01-31 00:00:00+00:00,360106.4554384111,1.6611283215960186,1.6611283215960186,1.75,,False,256979.8566523913
2017-02-01 00:00:00+00:00,365441.3555261764,1.6536943029057372,1.6536943029057372,1.75,1.75,False,256994.56161085528
2017-02-02 00:00:00+00:00,363410.6913327864,1.6547087078068234,1.6547087078068234,1.75,,False,257009.98128455193
2017-02-03 00:00:00+00:00,365462.1804475773,1.6516759132143974,1.6516759132143974,1.75,,False,257025.401883429
2017-02-06 00:00:00+00:00,368249.80021047755,1.6504581940324274,1.6504581940324274,1.75,,False,257040.82340754202
2017-02-07 00:00:00+00:00,371878.14149885235,1.646620998081093,1.646620998081093,1.75,,False,257056.24585694648
2017-02-08 00:00:00+00:00,372255.1268741103,1.6449189930961279,1.6449189930961279,1.75,,False,257071.6692316979
2017-02-09 00:00:00+00:00,376224.11396364943,1.64114746645034,1.64114746645034,1.75,,False,257087.0935318518
2017-02-10 00:00:00+00:00,378536.3336858186,1.6377480686836163,1.6377480686836163,1.75,,False,257102.51875746372
2017-02-13 00:00:00+00:00,383719.47815699736,1.6319602782277074,1.6319602782277074,1.75,,False,257117.94490858918
2017-02-14 00:00:00+00:00,386755.31784502417,1.6285786802917288,1.6285786802917288,1.75,,False,257133.3719852837
2017-02-15 00:00:00+00:00,389728.1506321972,1.6226439764075107,1.6226439764075107,1.75,,False,257148.79998760283
2017-02-16 00:00:00+00:00,387215.9443478583,1.6230173228411426,1.6230173228411426,1.75,,False,257164.22891560209
2017-02-17 00:00:00+00:00,391614.26424767636,1.6187269459057785,1.6187269459057785,1.75,,False,257179.65876933702
2017-02-21 00:00:00+00:00,397082.01391231635,1.613887561342016,1.613887561342016,1.75,,False,257195.08954886318
2017-02-22 00:00:00+00:00,397162.4633054245,1.613567427664277,1.613567427664277,1.75,,False,257210.5212542361
2017-02-23 00:00:00+00:00,393585.6048058608,1.6173673970436253,1.6173673970436253,1.75,,False,257225.95388551138
2017-02-24 00:00:00+00:00,395019.0007814647,1.615512942721328,1.615512942721328,1.75,,False,257241.3874427445
2017-02-27 00:00:00+00:00,394149.1048687827,1.6143534388291476,1.6143534388291476,1.75,,False,257256.82192599107
2017-02-28 00:00:00+00:00,392404.69111031207,1.6174702606805027,1.6174702606805027,1.75,,False,257272.25733530664
2017-03-01 00:00:00+00:00,401363.80949530273,1.6068080389645278,1.6068080389645278,1.75,1.75,False,257287.05049010343
2017-03-02 00:00:00+00:00,400004.1089839068,1.6118029403909813,1.6118029403909813,1.75,,False,257302.48771313284
2017-03-03 00:00:00+00:00,399727.91228202655,1.610057519006127,1.610057519006127,1.75,,False,257317.92586239564
2017-03-06 00:00:00+00:00,397009.50700500805,1.6122986509286372,1.6122986509286372,1.75,,False,257333.3649379474
2017-03-07 00:00:00+00:00,396067.3790079654,1.6140239685281559,1.6140239685281559,1.75,,False,257348.80493984366
2017-03-08 00:00:00+00:00,398497.4555878915,1.6123415285338198,1.6123415285338198,1.75,,False,257364.24586814005
2017-03-09 00:00:00+00:00,397504.34834143665,1.6116465017156907,1.6116465017156907,1.75,,False,257379.68772289212
2017-03-10 00:00:00+00:00,397143.9668992427,1.6075892228561683,1.6075892228561683,1.75,,False,257395.1305041555
2017-03-13 00:00:00+00:00,398086.5505444876,1.6060165139939648,1.6060165139939648,1.75,,False,257410.57421198575
2017-03-14 00:00:00+00:00,397448.77732119494,1.6084509999975047,1.6084509999975047,1.75,,False,257426.01884643847
2017-03-15 00:00:00+00:00,401944.7651698031,1.602530250312328,1.602530250312328,1.75,,False,257441.46440756926
2017-03-16 00:00:00+00:00,397453.2364778078,1.6032469247304078,1.6032469247304078,1.75,,False,257456.9108954337
2017-03-17 00:00:00+00:00,396736.7415885426,1.601652424760901,1.601652424760901,1.75,,False,256408.9861630673
2017-03-20 00:00:00+00:00,396856.4335260669,1.6008400268255714,1.6008400268255714,1.75,,False,256426.15132019657
2017-03-21 00:00:00+00:00,385194.93174411,1.615864439908092,1.615864439908092,1.75,,False,256443.31762643773
2017-03-22 00:00:00+00:00,389759.1188420906,1.6092568477122606,1.6092568477122606,1.75,,False,256460.48508186772
2017-03-23 00:00:00+00:00,388627.23117984406,1.6118086668039833,1.6118086668039833,1.75,,False,256477.65368656348
2017-03-24 00:00:00+00:00,389223.14178456337,1.6098387091780688,1.6098387091780688,1.75,,False,256494.82344060193
2017-03-27 00:00:00+00:00,387489.2451140203,1.6083300956660316,1.6083300956660316,1.75,,False,256511.99434406005
2017-03-28 00:00:00+00:00,392365.6917942328,1.6024707113549976,1.6024707113549976,1.75,,False,256529.16639701475
2017-03-29 00:00:00+00:00,398791.24919053406,1.5980939496657687,1.5980939496657687,1.75,,False,256546.339599543
2017-03-30 00:00:00+00:00,400953.7730044153,1.596571906569547,1.596571906569547,1.75,,False,256563.51395172175
2017-03-31 00:00:00+00:00,401551.1001637155,1.5972835503536194,1.5972835503536194,1.75,,False,256580.68945362797
2017-04-03 00:00:00+00:00,402766.9276589677,1.597922227615257,1.597922227615257,1.75,1.75,False,256597.22465361498
2017-04-04 00:00:00+00:00,403431.5679727264,1.5964733065164902,1.5964733065164902,1.75,,False,256614.4024122654
2017-04-05 00:00:00+00:00,400903.5918603406,1.6004435851172243,1.6004435851172243,1.75,,False,256631.58132087134
2017-04-06 00:00:00+00:00,401604.47501169506,1.5999986103496058,1.5999986103496058,1.75,,False,256648.76137950976
2017-04-07 00:00:00+00:00,402570.6085295053,1.600572263789209,1.600572263789209,1.75,,False,256665.94258825766
2017-04-10 00:00:00+00:00,403178.3466918274,1.6002725660911017,1.6002725660911017,1.75,,False,256683.12494719203
2017-04-11 00:00:00+00:00,400074.6886353047,1.6045138164576518,1.6045138164576518,1.75,,False,256700.30845638987
2017-04-12 00:00:00+00:00,397582.6671338561,1.6085155852567015,1.6085155852567015,1.75,,False,256717.4931159282
2017-04-13 00:00:00+00:00,394320.2866006591,1.6124944396828937,1.6124944396828937,1.75,,False,256734.678925884
2017-04-17 00:00:00+00:00,398445.7866573454,1.6044872777287782,1.6044872777287782,1.75,,False,256751.86588633433
2017-04-18 00:00:00+00:00,395749.4714875148,1.6060313606809262,1.6060313606809262,1.75,,False,256769.05399735615
2017-04-19 00:00:00+00:00,396713.0983723529,1.60454329823148,1.60454329823148,1.75,,False,256786.24325902652
2017-04-20 00:00:00+00:00,400116.25131203217,1.5965997885660057,1.5965997885660057,1.75,,False,256803.43367142248
2017-04-21 00:00:00+00:00,402349.33617834625,1.5968791795780326,1.5968791795780326,1.75,,False,256820.62523462102
2017-04-24 00:00:00+00:00,404341.17269500607,1.5856543928122326,1.5856543928122326,1.75,,False,256837.81794869923
2017-04-25 00:00:00+00:00,405409.93610909465,1.5790774291305887,1.5790774291305887,1.75,,False,256855.01181373413
2017-04-26 00:00:00+00:00,407061.24349032185,1.5804274164944208,1.5804274164944208,1.75,,False,256872.20682980277
2017-04-27 00:00:00+00:00,411209.6982174508,1.5750334171422224,1.5750334171422224,1.75,,False,256889.40299698221
2017-04-28 00:00:00+00:00,411165.6997050471,1.5734969991153527,1.5734969991153527,1.75,,False,256906.60031534953
2017-05-01 00:00:00+00:00,416257.4259831955,1.5656359682295038,1.5656359682295038,1.75,1.75,False,256923.2278814255
2017-05-02 00:00:00+00:00,417410.6612561364,1.5642143847224317,1.5642143847224317,1.75,,False,256940.4274641809
2017-05-03 00:00:00+00:00,414924.23305109853,1.567113618796148,1.567113618796148,1.75,,False,256957.6281983528
2017-05-04 00:00:00+00:00,413366.6092470305,1.5668489567044286,1.5668489567044286,1.75,,False,256974.8300840183
2017-05-05 00:00:00+00:00,414617.6678765545,1.5636858389673318,1.5636858389673318,1.75,,False,256992.03312125447
2017-05-08 00:00:00+00:00,418604.8475385043,1.5618285352565062,1.5618285352565062,1.75,,False,257009.23731013841
2017-05-09 00:00:00+00:00,422916.9600520677,1.5588476615657805,1.5588476615657805,1.75,,False,257026.44265074722
2017-05-10 00:00:00+00:00,423360.2306708907,1.5584025989259838,1.5584025989259838,1.75,,False,257043.64914315802
2017-05-11 00:00:00+00:00,422975.6273258638,1.5591534627434958,1.5591534627434958,1.75,,False,257060.85678744788
2017-05-12 00:00:00+00:00,422223.9408286453,1.5572639798439314,1.5572639798439314,1.75,,False,257078.0655836939
2017-05-15 00:00:00+00:00,422247.2319934162,1.5545803782432865,1.5545803782432865,1.75,,False,257095.27553197325
2017-05-16 00:00:00+00:00,421400.22174203827,1.551064369754563,1.551064369754563,1.75,,False,257112.48663236303
2017-05-17 00:00:00+00:00,402511.76719380624,1.5737496624408123,1.5737496624408123,1.75,,False,257129.69888494036
2017-05-18 00:00:00+00:00,408182.75094593945,1.566019640598733,1.566019640598733,1.75,,False,257146.91228978237
2017-05-19 00:00:00+00:00,408665.3153290882,1.5623575375665084,1.5623575375665084,1.75,,False,257164.12684696622
2017-05-22 00:00:00+00:00,412328.1179769069,1.5551173187908776,1.5551173187908776,1.75,,False,257181.34255656903
2017-05-23 00:00:00+00:00,414359.98375567433,1.5543068700195604,1.5543068700195604,1.75,,False,257198.55941866795
2017-05-24 00:00:00+00:00,418165.8840097175,1.5504292120966179,1.5504292120966179,1.75,,False,257215.77743334015
2017-05-25 00:00:00+00:00,422046.04111063015,1.5433146436693976,1.5433146436693976,1.75,,False,257232.99660066277
2017-05-26 00:00:00+00:00,425004.33637814963,1.5418876026354098,1.5418876026354098,1.75,,False,257250.21692071296
2017-05-30 00:00:00+00:00,425051.0491086357,1.5412344162833727,1.5412344162833727,1.75,,False,257267.43839356792
2017-05-31 00:00:00+00:00,422800.0950045273,1.5415855745609515,1.5415855745609515,1.75,,False,257284.66101930483
2017-06-01 00:00:00+00:00,425976.5542544012,1.5384085273095687,1.750740883683756,1.75,1.75,True,358621.4937625291
2017-06-02 00:00:00+00:00,432314.0584758031,1.7361089753934928,1.7361089753934928,1.75,,False,358645.50147919485
2017-06-05 00:00:00+00:00,432903.97061906545,1.7364620437186584,1.7364620437186584,1.75,,False,358669.5108030439
2017-06-06 00:00:00+00:00,429284.7420893491,1.7416659371028165,1.7416659371028165,1.75,,False,358693.52173418377
2017-06-07 00:00:00+00:00,433348.1792853223,1.736722441063276,1.736722441063276,1.75,,False,358717.5342727221
2017-06-08 00:00:00+00:00,434849.31656007416,1.735472039239098,1.735472039239098,1.75,,False,358741.54841876647
2017-06-09 00:00:00+00:00,416960.8333725304,1.7689275160234421,1.7689275160234421,1.75,,False,358765.5641724245
2017-06-12 00:00:00+00:00,412471.4688101597,1.7763772667281978,1.7763772667281978,1.75,,False,358789.58153380384
2017-06-13 00:00:00+00:00,418770.50793023163,1.7654335691951497,1.7654335691951497,1.75,,False,358813.6005030121
2017-06-14 00:00:00+00:00,412477.6301842631,1.7714432580084414,1.7714432580084414,1.75,,False,358837.6210801569
2017-06-15 00:00:00+00:00,413801.47928681795,1.7776465361052964,1.7776465361052964,1.75,,False,358861.64326534583
2017-06-16 00:00:00+00:00,408556.50542861427,1.7810776238889408,1.7810776238889408,1.75,,False,357216.59721600654
2017-06-19 00:00:00+00:00,421982.0499262008,1.7585872610959852,1.7585872610959852,1.75,,False,357242.9915534675
2017-06-20 00:00:00+00:00,417493.48903466744,1.7692811993906101,1.7692811993906101,1.75,,False,357269.38784117677
2017-06-21 00:00:00+00:00,424060.0299422616,1.7561334031604459,1.7561334031604459,1.75,,False,357295.7860792784
2017-06-22 00:00:00+00:00,423634.548181117,1.7566092597701473,1.7566092597701473,1.75,,False,357322.18626791646
2017-06-23 00:00:00+00:00,424638.5941899711,1.7516397123818321,1.7516397123818321,1.75,,False,357348.58840723516
2017-06-26 00:00:00+00:00,421139.22599882825,1.7579413044445982,1.7579413044445982,1.75,,False,357374.9924973786
2017-06-27 00:00:00+00:00,403934.3718581836,1.7830094330185742,1.7830094330185742,1.75,,False,357401.39853849093
2017-06-28 00:00:00+00:00,411961.30504160916,1.7634853105203787,1.7634853105203787,1.75,,False,357427.80653071625
2017-06-29 00:00:00+00:00,397371.88841762947,1.7876933520824914,1.7876933520824914,1.75,,False,357454.2164741988
2017-06-30 00:00:00+00:00,397920.5247336308,1.7872858876743587,1.7872858876743587,1.75,,False,357480.6283690827
2017-07-03 00:00:00+00:00,386697.1944175736,1.8024966332883692,1.477140726431841,1.4574664885232747,1.4574664885232747,True,209731.357854217
2017-07-05 00:00:00+00:00,393376.56859597366,1.4703564804736093,1.4703564804736093,1.4574664885232747,,False,209746.854671214
2017-07-06 00:00:00+00:00,385664.3137589012,1.4767278354756874,1.4767278354756874,1.4574664885232747,,False,209762.3526332536
2017-07-07 00:00:00+00:00,392240.4289684709,1.4693046289658853,1.4693046289658853,1.4574664885232747,,False,209777.85174042042
2017-07-10 00:00:00+00:00,395992.0271582918,1.4648928206676821,1.4648928206676821,1.4574664885232747,,False,209793.35199279903
2017-07-11 00:00:00+00:00,396427.25015981804,1.4630352773868238,1.4630352773868238,1.4574664885232747,,False,209808.85339047405
2017-07-12 00:00:00+00:00,403967.43619627686,1.4551827918974052,1.4551827918974052,1.4574664885232747,,False,209824.3559335301
2017-07-13 00:00:00+00:00,406174.49339136475,1.4537768171976224,1.4537768171976224,1.4574664885232747,,False,209839.85962205185
2017-07-14 00:00:00+00:00,408405.6219120269,1.4486906548446299,1.4486906548446299,1.4574664885232747,,False,209855.36445612393
2017-07-17 00:00:00+00:00,408042.17464908346,1.4484186763555535,1.4484186763555535,1.4574664885232747,,False,209870.87043583096
2017-07-18 00:00:00+00:00,408134.39894563064,1.4441682455336833,1.4441682455336833,1.4574664885232747,,False,209886.3775612576
2017-07-19 00:00:00+00:00,413723.916834652,1.4404824794228879,1.4404824794228879,1.4574664885232747,,False,209901.8858324885
2017-07-20 00:00:00+00:00,410364.05408528296,1.439693512349229,1.439693512349229,1.4574664885232747,,False,209917.39524960835
2017-07-21 00:00:00+00:00,409365.92856208334,1.4400039200687766,1.4400039200687766,1.4574664885232747,,False,209932.9058127018
2017-07-24 00:00:00+00:00,412512.5115532029,1.4371675173203609,1.4371675173203609,1.4574664885232747,,False,209948.4175218535
2017-07-25 00:00:00+00:00,410490.3201411792,1.4388258823188749,1.4388258823188749,1.4574664885232747,,False,209963.93037714818
2017-07-26 00:00:00+00:00,413250.2996436835,1.43682673602633,1.43682673602633,1.4574664885232747,,False,209979.44437867048
2017-07-27 00:00:00+00:00,408664.0661236817,1.4408520655630472,1.4408520655630472,1.4574664885232747,,False,209994.95952650512
2017-07-28 00:00:00+00:00,404756.8197988333,1.4414292403951092,1.4414292403951092,1.4574664885232747,,False,210010.47582073678
2017-07-31 00:00:00+00:00,399820.2703619004,1.4441916231661382,1.4441916231661382,1.4574664885232747,,False,210025.9932614502
2017-08-01 00:00:00+00:00,401808.84440473217,1.442764113011216,1.751075986767959,1.75,1.75,True,356080.8107805551
2017-08-02 00:00:00+00:00,401587.74433043326,1.7476165418552034,1.7476165418552034,1.75,,False,356107.12119601836
2017-08-03 00:00:00+00:00,398197.4509204472,1.752831583371622,1.752831583371622,1.75,,False,356133.4335555289
2017-08-04 00:00:00+00:00,403722.77262677357,1.7505435578915995,1.7505435578915995,1.75,,False,356159.74785923056
2017-08-07 00:00:00+00:00,407000.1497282772,1.742407289369792,1.742407289369792,1.75,,False,356186.06410726684
2017-08-08 00:00:00+00:00,407966.36363772023,1.7447471409518878,1.7447471409518878,1.75,,False,356212.3822997814
2017-08-09 00:00:00+00:00,406175.26672974596,1.7465582310480479,1.7465582310480479,1.75,,False,356238.70243691804
2017-08-10 00:00:00+00:00,390843.0174635161,1.7757039532917631,1.7757039532917631,1.75,,False,356265.02451882034
2017-08-11 00:00:00+00:00,394074.09759043244,1.76549210821272,1.76549210821272,1.75,,False,356291.34854563203
2017-08-14 00:00:00+00:00,403866.4432682045,1.748571276660003,1.748571276660003,1.75,,False,356317.6745174968
2017-08-15 00:00:00+00:00,406057.4086958281,1.7477594565178618,1.7477594565178618,1.75,,False,356344.00243455835
2017-08-16 00:00:00+00:00,408415.2256355952,1.7455940143851765,1.7455940143851765,1.75,,False,356370.33229696046
2017-08-17 00:00:00+00:00,392708.6231909989,1.7732912424511358,1.7732912424511358,1.75,,False,356396.66410484683
2017-08-18 00:00:00+00:00,391792.8104331481,1.774364292593666,1.774364292593666,1.75,,False,356422.9978583612
2017-08-21 00:00:00+00:00,388700.69491746504,1.7762212420879484,1.7762212420879484,1.75,,False,356449.3335576474
2017-08-22 00:00:00+00:00,400967.17633782525,1.7558574502702193,1.7558574502702193,1.75,,False,356475.6712028492
2017-08-23 00:00:00+00:00,397086.9938004183,1.760712777516492,1.760712777516492,1.75,,False,356502.0107941103
2017-08-24 00:00:00+00:00,395040.2287287481,1.76477544906825,1.76477544906825,1.75,,False,356528.35233157454
2017-08-25 00:00:00+00:00,391128.3312256859,1.7677323498999806,1.7677323498999806,1.75,,False,356554.6958153857
2017-08-28 00:00:00+00:00,389997.3856869738,1.7636486186980547,1.7636486186980547,1.75,,False,356581.04124568764
2017-08-29 00:00:00+00:00,390982.0058240352,1.7584875940992595,1.7584875940992595,1.75,,False,356607.3886226241
2017-08-30 00:00:00+00:00,402317.87639109785,1.7432276805896423,1.7432276805896423,1.75,,False,356633.737946339
2017-08-31 00:00:00+00:00,410947.9550480975,1.7296922875974392,1.7296922875974392,1.75,,False,356660.08921697614
2017-09-01 00:00:00+00:00,410506.39750101144,1.731513366095127,1.731513366095127,1.721685761317272,1.721685761317272,False,356685.55078445637
2017-09-05 00:00:00+00:00,402986.9226936446,1.7431533282970055,1.7431533282970055,1.721685761317272,,False,356711.90588348656
2017-09-06 00:00:00+00:00,404015.5751402138,1.7393297005035462,1.7393297005035462,1.721685761317272,,False,356738.26292986574
2017-09-07 00:00:00+00:00,402773.166349719,1.7364238292993301,1.7364238292993301,1.721685761317272,,False,356764.6219237378
2017-09-08 00:00:00+00:00,396265.2102607358,1.7477654036090449,1.7477654036090449,1.721685761317272,,False,356790.9828652466
2017-09-11 00:00:00+00:00,406817.0470450476,1.7331121393317193,1.7331121393317193,1.721685761317272,,False,356817.3457545361
2017-09-12 00:00:00+00:00,408350.23107651714,1.730169453675687,1.730169453675687,1.721685761317272,,False,356843.71059175016
2017-09-13 00:00:00+00:00,411702.5777291298,1.7285386291984914,1.7285386291984914,1.721685761317272,,False,356870.0773770328
2017-09-14 00:00:00+00:00,407911.9710665434,1.7361054727887497,1.7361054727887497,1.721685761317272,,False,356896.44611052785
2017-09-15 00:00:00+00:00,407817.6982059308,1.7318353386848604,1.7318353386848604,1.721685761317272,,False,356922.81679237937
2017-09-18 00:00:00+00:00,407201.5063448931,1.7314402600606802,1.7314402600606802,1.721685761317272,,False,355565.66066828347
2017-09-19 00:00:00+00:00,406958.74749687384,1.7293646220015826,1.7293646220015826,1.721685761317272,,False,355591.9330198773
2017-09-20 00:00:00+00:00,404157.4215828348,1.7333724185592627,1.7333724185592627,1.721685761317272,,False,355618.207312706
2017-09-21 00:00:00+00:00,401586.4160150686,1.741335081382293,1.741335081382293,1.721685761317272,,False,355644.48354691296
2017-09-22 00:00:00+00:00,400116.35852748016,1.742683867690977,1.742683867690977,1.721685761317272,,False,355670.7617226417
2017-09-25 00:00:00+00:00,396627.6980605066,1.756668354415837,1.756668354415837,1.721685761317272,,False,355697.04184003564
2017-09-26 00:00:00+00:00,401118.3010039193,1.7533375428729854,1.7533375428729854,1.721685761317272,,False,355723.32389923825
2017-09-27 00:00:00+00:00,408299.9984831199,1.7417167437501306,1.7417167437501306,1.721685761317272,,False,355749.607900393
2017-09-28 00:00:00+00:00,407026.635454807,1.7422597165746752,1.7422597165746752,1.721685761317272,,False,355775.8938436434
2017-09-29 00:00:00+00:00,410820.5574258057,1.733155733604131,1.733155733604131,1.721685761317272,,False,355802.181729133
2017-10-02 00:00:00+00:00,413817.6346492571,1.7321119129334224,1.7321119129334224,1.75,1.75,False,355827.4832176115
2017-10-03 00:00:00+00:00,414827.0823345446,1.7295147628205279,1.7295147628205279,1.75,,False,355853.77491498255
2017-10-04 00:00:00+00:00,415457.8718975229,1.7283990180086781,1.7283990180086781,1.75,,False,355880.06855501793
2017-10-05 00:00:00+00:00,424416.17539760534,1.7163665631768459,1.7163665631768459,1.75,,False,355906.3641378612
2017-10-06 00:00:00+00:00,424438.9827903748,1.714793382051761,1.714793382051761,1.75,,False,355932.66166365583
2017-10-09 00:00:00+00:00,423578.6345858334,1.7162981512215685,1.7162981512215685,1.75,,False,355958.96113254543
2017-10-10 00:00:00+00:00,421511.57352419157,1.7154731073910279,1.7154731073910279,1.75,,False,355985.2625446736
2017-10-11 00:00:00+00:00,422107.1196169902,1.7119230288582261,1.7119230288582261,1.75,,False,356011.5659001838
2017-10-12 00:00:00+00:00,421015.80555581755,1.7142431650252148,1.7142431650252148,1.75,,False,356037.8711992198
2017-10-13 00:00:00+00:00,423884.8880713967,1.7096410055352524,1.7096410055352524,1.75,,False,356064.17844192503
2017-10-16 00:00:00+00:00,427328.96206245787,1.7055830621220647,1.7055830621220647,1.75,,False,356090.4876284432
2017-10-17 00:00:00+00:00,430277.2214265574,1.7041390319896825,1.7041390319896825,1.75,,False,356116.798758918
2017-10-18 00:00:00+00:00,428603.5464697389,1.7056801038603504,1.7056801038603504,1.75,,False,356143.111833493
2017-10-19 00:00:00+00:00,423470.54334519367,1.7102453098709796,1.7102453098709796,1.75,,False,356169.4268523118
2017-10-20 00:00:00+00:00,428003.96188135643,1.707073358208039,1.707073358208039,1.75,,False,356195.74381551816
2017-10-23 00:00:00+00:00,423503.695021004,1.7151257812147758,1.7151257812147758,1.75,,False,356222.06272325566
2017-10-24 00:00:00+00:00,424566.0537222572,1.7131465594683093,1.7131465594683093,1.75,,False,356248.383575668
2017-10-25 00:00:00+00:00,420504.71807907015,1.7178909980533426,1.7178909980533426,1.75,,False,356274.7063728988
2017-10-26 00:00:00+00:00,421825.2314415174,1.7219359420112963,1.7219359420112963,1.75,,False,356301.03111509193
2017-10-27 00:00:00+00:00,447547.03031173075,1.6875462669710137,1.6875462669710137,1.75,,False,356327.357802391
2017-10-30 00:00:00+00:00,447444.7398570379,1.6850330586072573,1.6850330586072573,1.75,,False,356353.68643493974
2017-10-31 00:00:00+00:00,449406.8161526268,1.6808043581108811,1.6808043581108811,1.75,,False,356380.0170128819
2017-11-01 00:00:00+00:00,450296.5654639238,1.6812622746998105,1.6812622746998105,1.75,1.75,False,356405.45858631865
2017-11-02 00:00:00+00:00,446753.9079750319,1.683538209102045,1.683538209102045,1.75,,False,356431.79298964754
2017-11-03 00:00:00+00:00,456153.3353662612,1.6727304187015222,1.6727304187015222,1.75,,False,356458.1293387962
2017-11-06 00:00:00+00:00,459352.0303256694,1.6690167365065303,1.6690167365065303,1.75,,False,356484.46763390844
2017-11-07 00:00:00+00:00,460691.48456917325,1.668446236133291,1.668446236133291,1.75,,False,356510.80787512806
2017-11-08 00:00:00+00:00,463205.4881686485,1.6640643813744422,1.6640643813744422,1.75,,False,356537.1500625988
2017-11-09 00:00:00+00:00,456894.835273673,1.6699914587665239,1.6699914587665239,1.75,,False,356563.49419646454
2017-11-10 00:00:00+00:00,456822.5221761949,1.670147028377304,1.670147028377304,1.75,,False,356589.8402768691
2017-11-13 00:00:00+00:00,457429.0211404991,1.6688485662295807,1.6688485662295807,1.75,,False,356616.1883039562
2017-11-14 00:00:00+00:00,450454.41819970007,1.6730189229992884,1.6730189229992884,1.75,,False,356642.53827786975
2017-11-15 00:00:00+00:00,445755.9954931698,1.6784329207616244,1.6784329207616244,1.75,,False,356668.8901987536
2017-11-16 00:00:00+00:00,456145.65025473945,1.6642682997597156,1.6642682997597156,1.75,,False,356695.2440667516
2017-11-17 00:00:00+00:00,452187.8871064931,1.6685983206532746,1.6685983206532746,1.75,,False,356721.59988200763
2017-11-20 00:00:00+00:00,453808.2152737456,1.6695516024769466,1.6695516024769466,1.75,,False,356747.95764466556
2017-11-21 00:00:00+00:00,462010.97722278466,1.6577126599302294,1.6577126599302294,1.75,,False,356774.3173548693
2017-11-22 00:00:00+00:00,461039.50117651944,1.6564634756636183,1.6564634756636183,1.75,,False,356800.67901276273
2017-11-24 00:00:00+00:00,458100.90466320486,1.6525860727345159,1.6525860727345159,1.75,,False,356827.04261848977
2017-11-27 00:00:00+00:00,458700.46674015437,1.653149264618374,1.653149264618374,1.75,,False,356853.4081721944
2017-11-28 00:00:00+00:00,461900.01082877844,1.6504750510673465,1.6504750510673465,1.75,,False,356879.77567402046
2017-11-29 00:00:00+00:00,449343.4932061102,1.669829271698828,1.669829271698828,1.75,,False,356906.1451241119
2017-11-30 00:00:00+00:00,454080.4193012548,1.660662071198937,1.660662071198937,1.75,,False,356932.5165226128
2017-12-01 00:00:00+00:00,450397.0091377825,1.665441462088097,1.665441462088097,1.75,1.75,False,356957.9975383756
2017-12-04 00:00:00+00:00,444043.8313932532,1.67854447434036,1.67854447434036,1.75,,False,356984.3727681937
2017-12-05 00:00:00+00:00,445562.5877703197,1.6778835563235706,1.6778835563235706,1.75,,False,357010.74994684826
2017-12-06 00:00:00+00:00,450134.6521981121,1.6728694450961619,1.6728694450961619,1.75,,False,357037.12907448324
2017-12-07 00:00:00+00:00,452586.44129257713,1.6691602362989768,1.6691602362989768,1.75,,False,357063.5101512426
2017-12-08 00:00:00+00:00,457023.44650678884,1.6643467692241602,1.6643467692241602,1.75,,False,357089.8931772704
2017-12-11 00:00:00+00:00,461293.1723347577,1.655959475358634,1.655959475358634,1.75,,False,357116.27815271076
2017-12-12 00:00:00+00:00,463264.37686315895,1.65750638971045,1.65750638971045,1.75,,False,357142.6650777076
2017-12-13 00:00:00+00:00,463259.5168616441,1.6554935446881178,1.6554935446881178,1.75,,False,357169.15315870085
2017-12-14 00:00:00+00:00,462067.6218230224,1.6563402914097916,1.6563402914097916,1.75,,False,357195.6432042268
2017-12-15 00:00:00+00:00,470733.4171095941,1.6443097115060814,1.6443097115060814,1.75,,False,357224.51651871915
2017-12-18 00:00:00+00:00,475730.9563884407,1.6336474136516757,1.6336474136516757,1.75,,False,355826.49260534055
2017-12-19 00:00:00+00:00,470384.1460549572,1.6399261737698316,1.6399261737698316,1.75,,False,355855.3540875185
2017-12-20 00:00:00+00:00,467196.54288218764,1.6411447830646164,1.6411447830646164,1.75,,False,355884.2179106834
2017-12-21 00:00:00+00:00,467623.8431830593,1.6410965194088838,1.6410965194088838,1.75,,False,355913.08407502505
2017-12-22 00:00:00+00:00,468023.6615094208,1.6423864149911958,1.6423864149911958,1.75,,False,355941.95258073334
2017-12-26 00:00:00+00:00,462753.043558057,1.6482226127693282,1.6482226127693282,1.75,,False,355970.8234279982
2017-12-27 00:00:00+00:00,461465.09456910106,1.648172834735663,1.648172834735663,1.75,,False,355999.6966170096
2017-12-28 00:00:00+00:00,460429.7366656771,1.6469651742443745,1.6469651742443745,1.75,,False,356028.5721479574
2017-12-29 00:00:00+00:00,453058.9296679662,1.653715314047594,1.653715314047594,1.75,,False,356057.4500210316
2018-01-02 00:00:00+00:00,465084.22620889865,1.6353829535295779,1.6353829535295779,1.75,1.75,False,356085.44009279716
2018-01-03 00:00:00+00:00,473236.1128126934,1.6255268200491135,1.6255268200491135,1.75,,False,356114.32257849356
2018-01-04 00:00:00+00:00,473220.5973424618,1.623834943489483,1.623834943489483,1.75,,False,356143.2074068805
2018-01-05 00:00:00+00:00,481912.710056113,1.6139048935336378,1.6139048935336378,1.75,,False,356172.094578148
2018-01-08 00:00:00+00:00,487587.9045984914,1.6101536431922223,1.6101536431922223,1.75,,False,356200.984092486
2018-01-09 00:00:00+00:00,489697.9552890284,1.6101729230114117,1.6101729230114117,1.75,,False,356229.8759500846
2018-01-10 00:00:00+00:00,486361.87123205257,1.612558392716922,1.612558392716922,1.75,,False,356258.7701511339
2018-01-11 00:00:00+00:00,488559.62782870285,1.6059504582521142,1.6059504582521142,1.75,,False,356287.6666958239
2018-01-12 00:00:00+00:00,490430.3486972327,1.5989600764777243,1.5989600764777243,1.75,,False,356316.5655843448
2018-01-16 00:00:00+00:00,483620.7127988551,1.6017873088644365,1.6017873088644365,1.75,,False,356345.4668168866
2018-01-17 00:00:00+00:00,492560.09827228845,1.591638314055935,1.591638314055935,1.75,,False,356374.37039363955
2018-01-18 00:00:00+00:00,492316.0668936985,1.5915442394985582,1.5915442394985582,1.75,,False,356403.2763147937
2018-01-19 00:00:00+00:00,494749.5289346318,1.5886824303494493,1.5886824303494493,1.75,,False,356432.18458053924
2018-01-22 00:00:00+00:00,503465.98047279625,1.5789159960433181,1.5789159960433181,1.75,,False,356461.0951910663
2018-01-23 00:00:00+00:00,508062.2578224639,1.5715288686382458,1.5715288686382458,1.75,,False,356490.0081465652
2018-01-24 00:00:00+00:00,498271.2831527608,1.5774912680302207,1.5774912680302207,1.75,,False,356518.92344722594
2018-01-25 00:00:00+00:00,494060.09756531345,1.5778899493234264,1.5778899493234264,1.75,,False,356547.8410932389
2018-01-26 00:00:00+00:00,508672.3634895065,1.5643173048167376,1.5643173048167376,1.75,,False,356576.76108479424
2018-01-29 00:00:00+00:00,507645.9379524996,1.5687089488177393,1.5687089488177393,1.75,,False,356605.6834220822
2018-01-30 00:00:00+00:00,499531.3970090965,1.5762214071654488,1.5762214071654488,1.75,,False,356634.6081052931
2018-01-31 00:00:00+00:00,501237.84859720216,1.5725502491807388,1.5725502491807388,1.75,,False,356663.53513461724
2018-02-01 00:00:00+00:00,492375.5332122613,1.5803798516213516,1.5803798516213516,1.75,1.75,False,356691.6719246112
2018-02-02 00:00:00+00:00,478211.3768705061,1.599347217678064,1.599347217678064,1.75,,False,356720.60358244507
2018-02-05 00:00:00+00:00,449043.8948218109,1.6397686681182835,1.6397686681182835,1.75,,False,356749.53758695786
2018-02-06 00:00:00+00:00,469932.6473863251,1.6132072802808848,1.6132072802808848,1.75,,False,356778.4739383399
2018-02-07 00:00:00+00:00,463847.32425339846,1.626361537067718,1.626361537067718,1.75,,False,356807.4126367816
2018-02-08 00:00:00+00:00,433510.6610882945,1.6726030955127753,1.6726030955127753,1.75,,False,356836.35368247324
2018-02-09 00:00:00+00:00,446446.759790402,1.6538080308870104,1.6538080308870104,1.75,,False,356865.29707560525
2018-02-12 00:00:00+00:00,457988.98189880216,1.635252154881362,1.635252154881362,1.75,,False,356894.24281636806
2018-02-13 00:00:00+00:00,458244.805708853,1.6300185645304626,1.6300185645304626,1.75,,False,356923.19090495206
2018-02-14 00:00:00+00:00,470949.93674209854,1.6114397670984422,1.6114397670984422,1.75,,False,356952.1413415477
2018-02-15 00:00:00+00:00,481673.2830743746,1.593756640889149,1.593756640889149,1.75,,False,356981.0941263454
2018-02-16 00:00:00+00:00,479759.23507541884,1.598090495030712,1.598090495030712,1.75,,False,357010.0492595357
2018-02-20 00:00:00+00:00,484933.3662721749,1.5962617874758613,1.5962617874758613,1.75,,False,357039.00674130896
2018-02-21 00:00:00+00:00,484041.69083497213,1.5990581372622688,1.5990581372622688,1.75,,False,357067.96657185577
2018-02-22 00:00:00+00:00,483453.1037820308,1.599252147224191,1.599252147224191,1.75,,False,357096.9287513666
2018-02-23 00:00:00+00:00,500376.6892117043,1.5803497233406674,1.5803497233406674,1.75,,False,357125.89328003203
2018-02-26 00:00:00+00:00,510922.1271360108,1.5685098560093673,1.5685098560093673,1.75,,False,357154.8601580425
2018-02-27 00:00:00+00:00,503308.4573644791,1.5798446121799883,1.5798446121799883,1.75,,False,357183.82938558864
2018-02-28 00:00:00+00:00,499324.3229730151,1.5858589388898943,1.5858589388898943,1.75,,False,357212.80096286105
2018-03-01 00:00:00+00:00,459941.32613519946,1.601507488464722,0.8753683431839604,0.828136522430502,0.828136522430502,True,0.0
2018-03-02 00:00:00+00:00,459947.7411680315,0.8763619388595276,0.8763619388595276,0.828136522430502,,False,0.0
2018-03-05 00:00:00+00:00,463813.2353382119,0.8775514599274618,0.8775514599274618,0.828136522430502,,False,0.0
2018-03-06 00:00:00+00:00,462347.7885412066,0.8780043579585393,0.8780043579585393,0.828136522430502,,False,0.0
2018-03-07 00:00:00+00:00,463959.81264605117,0.8782517128406433,0.8782517128406433,0.828136522430502,,False,0.0
2018-03-08 00:00:00+00:00,469345.4173344075,0.8788375366123206,0.8788375366123206,0.828136522430502,,False,0.0
2018-03-09 00:00:00+00:00,476894.2234764072,0.8808715200793679,0.8808715200793679,0.828136522430502,,False,0.0
2018-03-12 00:00:00+00:00,479437.29112345347,0.8814264520683539,0.8814264520683539,0.828136522430502,,False,0.0
2018-03-13 00:00:00+00:00,470627.4797731246,0.8799862760988232,0.8799862760988232,0.828136522430502,,False,0.0
2018-03-14 00:00:00+00:00,471925.4162693785,0.8799678130914997,0.8799678130914997,0.828136522430502,,False,0.0
2018-03-15 00:00:00+00:00,473131.790096991,0.8798754597897642,0.8798754597897642,0.828136522430502,,False,0.0
2018-03-16 00:00:00+00:00,473469.5940587447,0.8795603833107193,0.8795603833107193,0.828136522430502,,False,0.0
2018-03-19 00:00:00+00:00,462584.2061325355,0.8761269110371557,0.8761269110371557,0.828136522430502,,False,0.0
2018-03-20 00:00:00+00:00,466110.8917036617,0.8764830914380032,0.8764830914380032,0.828136522430502,,False,0.0
2018-03-21 00:00:00+00:00,464445.5468671224,0.8760098885690196,0.8760098885690196,0.828136522430502,,False,0.0
2018-03-22 00:00:00+00:00,452852.91066121537,0.8732697170812633,0.8732697170812633,0.828136522430502,,False,0.0
2018-03-23 00:00:00+00:00,440642.1395621076,0.8702847243949487,0.8702847243949487,0.828136522430502,,False,0.0
2018-03-26 00:00:00+00:00,451966.49877167115,0.8743481185850326,0.8743481185850326,0.828136522430502,,False,0.0
2018-03-27 00:00:00+00:00,440240.2543161836,0.8706894113772082,0.8706894113772082,0.828136522430502,,False,0.0
2018-03-28 00:00:00+00:00,437912.6962192036,0.8693811179416098,0.8693811179416098,0.828136522430502,,False,0.0
2018-03-29 00:00:00+00:00,446839.01730960904,0.8714283078555827,0.8714283078555827,0.828136522430502,,False,0.0
2018-04-02 00:00:00+00:00,435923.5833353799,0.8681123732972168,0.8681123732972168,0.9416739442896902,0.9416739442896902,False,0.0
2018-04-03 00:00:00+00:00,441151.5025625921,0.8693883350442929,0.8693883350442929,0.9416739442896902,,False,0.0
2018-04-04 00:00:00+00:00,446072.03003760544,0.8711548496556358,0.8711548496556358,0.9416739442896902,,False,0.0
2018-04-05 00:00:00+00:00,450558.3343022453,0.8717911111741625,0.8717911111741625,0.9416739442896902,,False,0.0
2018-04-06 00:00:00+00:00,439149.44061159156,0.8689318504584624,0.8689318504584624,0.9416739442896902,,False,0.0
2018-04-09 00:00:00+00:00,440179.6136136054,0.86972682791545,0.86972682791545,0.9416739442896902,,False,0.0
2018-04-10 00:00:00+00:00,447971.654861087,0.8721795565985118,0.8721795565985118,0.9416739442896902,,False,0.0
2018-04-11 00:00:00+00:00,444062.0644374429,0.8715331711597257,0.8715331711597257,0.9416739442896902,,False,0.0
2018-04-12 00:00:00+00:00,451053.31942615745,0.8728673704799466,0.8728673704799466,0.9416739442896902,,False,0.0
2018-04-13 00:00:00+00:00,448941.5963098263,0.8722900985127283,0.8722900985127283,0.9416739442896902,,False,0.0
2018-04-16 00:00:00+00:00,450063.7596350339,0.8731336152639053,0.8731336152639053,0.9416739442896902,,False,0.0
2018-04-17 00:00:00+00:00,459562.41877309536,0.8754740051651422,0.8754740051651422,0.9416739442896902,,False,0.0
2018-04-18 00:00:00+00:00,459084.3974353492,0.8756967616158439,0.8756967616158439,0.9416739442896902,,False,0.0
2018-04-19 00:00:00+00:00,457013.12189858657,0.8746880205420297,0.8746880205420297,0.9416739442896902,,False,0.0
2018-04-20 00:00:00+00:00,452667.97112949664,0.8729289083152786,0.8729289083152786,0.9416739442896902,,False,0.0
2018-04-23 00:00:00+00:00,454110.0064397194,0.8726480717784757,0.8726480717784757,0.9416739442896902,,False,0.0
2018-04-24 00:00:00+00:00,445349.4257424449,0.8702491138184169,0.8702491138184169,0.9416739442896902,,False,0.0
2018-04-25 00:00:00+00:00,447571.2919369457,0.8703843539706698,0.8703843539706698,0.9416739442896902,,False,0.0
2018-04-26 00:00:00+00:00,458218.3012419816,0.8727166864661862,0.8727166864661862,0.9416739442896902,,False,0.0
2018-04-27 00:00:00+00:00,458654.4657204244,0.8727852168050249,0.8727852168050249,0.9416739442896902,,False,0.0
2018-04-30 00:00:00+00:00,457097.93300908565,0.8719925660157988,0.8719925660157988,0.9416739442896902,,False,0.0
2018-05-01 00:00:00+00:00,464501.76251072605,0.8732561169293007,0.8732561169293007,1.0398349628604395,1.0398349628604395,False,0.0
2018-05-02 00:00:00+00:00,463345.16148865665,0.8726000058507016,0.8726000058507016,1.0398349628604395,,False,0.0
2018-05-03 00:00:00+00:00,463217.7704749703,0.8725862615700516,0.8725862615700516,1.0398349628604395,,False,0.0
2018-05-04 00:00:00+00:00,471833.0413125117,0.8746614228658547,0.8746614228658547,1.0398349628604395,,False,0.0
2018-05-07 00:00:00+00:00,476019.48587023857,0.8755658256157888,0.8755658256157888,1.0398349628604395,,False,0.0
2018-05-08 00:00:00+00:00,478159.06749780464,0.87545431243705,0.87545431243705,1.0398349628604395,,False,0.0
2018-05-09 00:00:00+00:00,483169.4804822866,0.8766314433215057,0.8766314433215057,1.0398349628604395,,False,0.0
2018-05-10 00:00:00+00:00,485756.13192472793,0.8777422570930523,0.8777422570930523,1.0398349628604395,,False,0.0
2018-05-11 00:00:00+00:00,483120.31405932346,0.8776409559046248,0.8776409559046248,1.0398349628604395,,False,0.0
2018-05-14 00:00:00+00:00,482835.87438881764,0.8778244499218982,0.8778244499218982,1.0398349628604395,,False,0.0
2018-05-15 00:00:00+00:00,482655.54319637304,0.876624994666193,0.876624994666193,1.0398349628604395,,False,0.0
2018-05-16 00:00:00+00:00,488583.07501942693,0.8773360134336629,0.8773360134336629,1.0398349628604395,,False,0.0
2018-05-17 00:00:00+00:00,486521.50952406257,0.8769206530000819,0.8769206530000819,1.0398349628604395,,False,0.0
2018-05-18 00:00:00+00:00,485262.4745659991,0.8763602846707024,0.8763602846707024,1.0398349628604395,,False,0.0
2018-05-21 00:00:00+00:00,487939.64270362497,0.8769655145668664,0.8769655145668664,1.0398349628604395,,False,0.0
2018-05-22 00:00:00+00:00,486760.17168379226,0.8768243940227347,0.8768243940227347,1.0398349628604395,,False,0.0
2018-05-23 00:00:00+00:00,494138.1357687034,0.87772960965315,0.87772960965315,1.0398349628604395,,False,0.0
2018-05-24 00:00:00+00:00,492493.98920668365,0.8776979602811783,0.8776979602811783,1.0398349628604395,,False,0.0
2018-05-25 00:00:00+00:00,495589.3527904229,0.8778054936401855,0.8778054936401855,1.0398349628604395,,False,0.0
2018-05-29 00:00:00+00:00,498581.8047279411,0.8773296479465513,0.8773296479465513,1.0398349628604395,,False,0.0
2018-05-30 00:00:00+00:00,496853.59552970325,0.8780955181525898,0.8780955181525898,1.0398349628604395,,False,0.0
2018-05-31 00:00:00+00:00,496316.32290857984,0.8780262977193068,0.8780262977193068,1.0398349628604395,,False,0.0
2018-06-01 00:00:00+00:00,501894.9138986699,0.879684781847309,1.7530514146487457,1.75,1.75,True,441410.929034868
2018-06-04 00:00:00+00:00,509066.1341557505,1.7414299375588875,1.7414299375588875,1.75,,False,441450.1655618934
2018-06-05 00:00:00+00:00,512831.35244716,1.737565236540296,1.737565236540296,1.75,,False,441489.40557661
2018-06-06 00:00:00+00:00,513334.3386690999,1.7302759895251651,1.7302759895251651,1.75,,False,441528.64907932794
2018-06-07 00:00:00+00:00,504493.68253195443,1.740812040861177,1.740812040861177,1.75,,False,441567.89607035724
2018-06-08 00:00:00+00:00,506310.6941862781,1.7408526666075488,1.7408526666075488,1.75,,False,441607.1465500079
2018-06-11 00:00:00+00:00,507402.3134991136,1.7375078407996443,1.7375078407996443,1.75,,False,441646.4005185901
2018-06-12 00:00:00+00:00,512440.40215871035,1.730941236555204,1.730941236555204,1.75,,False,441685.657976414
2018-06-13 00:00:00+00:00,512704.52071799675,1.731125647621924,1.731125647621924,1.75,,False,441724.9189237897
2018-06-14 00:00:00+00:00,528382.6503667143,1.7186424934218953,1.7186424934218953,1.75,,False,441764.1833610274
2018-06-15 00:00:00+00:00,525990.3698263825,1.7230979336283578,1.7230979336283578,1.75,,False,441805.90553390037
2018-06-18 00:00:00+00:00,525400.4811556741,1.721836281998744,1.721836281998744,1.75,,False,440161.1825361317
2018-06-19 00:00:00+00:00,524111.5060847936,1.7254926671448336,1.7254926671448336,1.75,,False,440202.75331448234
2018-06-20 00:00:00+00:00,529811.9705423923,1.7168260029350706,1.7168260029350706,1.75,,False,440244.4502975046
2018-06-21 00:00:00+00:00,521513.18520204193,1.7277996858277425,1.7277996858277425,1.75,,False,440286.2735202829
2018-06-22 00:00:00+00:00,518137.1353095876,1.7307216377511154,1.7307216377511154,1.75,,False,440328.1007162673
2018-06-25 00:00:00+00:00,495172.15822901804,1.7604984805084112,1.7604984805084112,1.75,,False,440369.93188583537
2018-06-26 00:00:00+00:00,499508.89180669666,1.7551944702156084,1.7551944702156084,1.75,,False,440411.76702936454
2018-06-27 00:00:00+00:00,491210.584791927,1.7737915217491749,1.7737915217491749,1.75,,False,440453.60614723235
2018-06-28 00:00:00+00:00,498927.826848805,1.7622896412789149,1.7622896412789149,1.75,,False,440495.3268915924
2018-06-29 00:00:00+00:00,497176.3497654561,1.7588233725917328,1.7588233725917328,1.75,,False,440537.0515878341
2018-07-02 00:00:00+00:00,506163.4993661236,1.7501101328066724,1.7501101328066724,1.75,1.75,False,440578.7802363317
2018-07-03 00:00:00+00:00,493789.61970057915,1.7657464799532965,1.7657464799532965,1.75,,False,440620.5128374596
2018-07-05 00:00:00+00:00,502678.0091959503,1.749447940808092,1.749447940808092,1.75,,False,440662.2493915923
2018-07-06 00:00:00+00:00,514519.232183004,1.72971162385809,1.72971162385809,1.75,,False,440703.9898991041
2018-07-09 00:00:00+00:00,522223.98353731213,1.7186464125886183,1.7186464125886183,1.75,,False,440745.73436036956
2018-07-10 00:00:00+00:00,523560.2443142834,1.717858148019258,1.717858148019258,1.75,,False,440787.48277576314
2018-07-11 00:00:00+00:00,519225.25251522835,1.724290627417806,1.724290627417806,1.75,,False,440829.2351456594
2018-07-12 00:00:00+00:00,535988.7998703495,1.7035046989637777,1.7035046989637777,1.75,,False,440870.99147043296
2018-07-13 00:00:00+00:00,537866.2975379529,1.7026177694367142,1.7026177694367142,1.75,,False,440912.7517504583
2018-07-16 00:00:00+00:00,533671.1084825479,1.7056075315803467,1.7056075315803467,1.75,,False,440954.51598611026
2018-07-17 00:00:00+00:00,541299.0600219291,1.6984738418336007,1.6984738418336007,1.75,,False,440996.2841777634
2018-07-18 00:00:00+00:00,540409.4746914731,1.7008315069904967,1.7008315069904967,1.75,,False,441038.05632579245
2018-07-19 00:00:00+00:00,537669.1544118057,1.7069592132358482,1.7069592132358482,1.75,,False,441079.8324305722
2018-07-20 00:00:00+00:00,532654.2532385014,1.707343265977214,1.707343265977214,1.75,,False,441121.6124924774
2018-07-23 00:00:00+00:00,535789.1922035007,1.7036317518074713,1.7036317518074713,1.75,,False,441163.39651188295
2018-07-24 00:00:00+00:00,540346.4363745345,1.6988384103792806,1.6988384103792806,1.75,,False,441205.1844891637
2018-07-25 00:00:00+00:00,553472.3546330492,1.6827387128830034,1.6827387128830034,1.75,,False,441246.97642469447
2018-07-26 00:00:00+00:00,540389.5828917454,1.7007141629058369,1.7007141629058369,1.75,,False,441288.7723188503
2018-07-27 00:00:00+00:00,527678.2973875073,1.717292401363755,1.717292401363755,1.75,,False,441330.572172006
2018-07-30 00:00:00+00:00,512288.7451735946,1.735253059428434,1.735253059428434,1.75,,False,441372.3759845368
2018-07-31 00:00:00+00:00,519587.68610030814,1.725736413627857,1.725736413627857,1.75,,False,441414.18375681754
2018-08-01 00:00:00+00:00,524749.8151723442,1.7211293189732715,1.7211293189732715,1.5903277401767693,1.5903277401767693,False,441455.9954892234
2018-08-02 00:00:00+00:00,539500.2110613688,1.7047416010169303,1.7047416010169303,1.5903277401767693,,False,441497.81118212943
2018-08-03 00:00:00+00:00,542983.197677682,1.7011931136088623,1.7011931136088623,1.5903277401767693,,False,441539.63083591085
2018-08-06 00:00:00+00:00,549949.3002149353,1.6943526364145314,1.6943526364145314,1.5903277401767693,,False,441581.4544509428
2018-08-07 00:00:00+00:00,551733.801751528,1.6902027926493686,1.6902027926493686,1.5903277401767693,,False,441623.2820276005
2018-08-08 00:00:00+00:00,552778.5600267628,1.6889041512107876,1.6889041512107876,1.5903277401767693,,False,441665.1135662592
2018-08-09 00:00:00+00:00,553706.0181867359,1.6897183807657694,1.6897183807657694,1.5903277401767693,,False,441706.94906729425
2018-08-10 00:00:00+00:00,554527.4916962368,1.6988525135865455,1.6988525135865455,1.5903277401767693,,False,441748.7885310809
2018-08-13 00:00:00+00:00,553592.7761397995,1.700283103255141,1.700283103255141,1.5903277401767693,,False,441790.63195799454
2018-08-14 00:00:00+00:00,561672.4696705313,1.6930113967754377,1.6930113967754377,1.5903277401767693,,False,441832.47934841056
2018-08-15 00:00:00+00:00,550923.495566571,1.7077842807005628,1.7077842807005628,1.5903277401767693,,False,441874.3307027044
2018-08-16 00:00:00+00:00,551259.6035907088,1.703941034038282,1.703941034038282,1.5903277401767693,,False,441916.1860212515
2018-08-17 00:00:00+00:00,550368.4150371115,1.7037882599473053,1.7037882599473053,1.5903277401767693,,False,441958.1680589235
2018-08-20 00:00:00+00:00,548152.2695301488,1.7049707726451677,1.7049707726451677,1.5903277401767693,,False,442000.1540848891
2018-08-21 00:00:00+00:00,546957.4497774404,1.7006968864639789,1.7006968864639789,1.5903277401767693,,False,442042.14409952716
2018-08-22 00:00:00+00:00,547634.9998230964,1.696214370577873,1.696214370577873,1.5903277401767693,,False,442084.1381032166
2018-08-23 00:00:00+00:00,547587.241038638,1.6980268572465753,1.6980268572465753,1.5903277401767693,,False,442126.1360963364
2018-08-24 00:00:00+00:00,553415.8182082684,1.6872945733676052,1.6872945733676052,1.5903277401767693,,False,442168.13807926554
2018-08-27 00:00:00+00:00,560438.8662000493,1.6757816092867093,1.6757816092867093,1.5903277401767693,,False,442210.1440523831
2018-08-28 00:00:00+00:00,559669.4348442937,1.6742341653603148,1.6742341653603148,1.5903277401767693,,False,442252.15401606803
2018-08-29 00:00:00+00:00,571468.7311651281,1.6615611593884965,1.6615611593884965,1.5903277401767693,,False,442294.16797069955
2018-08-30 00:00:00+00:00,572347.7393907346,1.6636142623598489,1.6636142623598489,1.5903277401767693,,False,442336.18591665674
2018-08-31 00:00:00+00:00,576010.502803911,1.6623005503302506,1.6623005503302506,1.5903277401767693,,False,442378.20785431884
2018-09-04 00:00:00+00:00,573353.8036742697,1.667158424342437,1.667158424342437,1.75,1.75,False,442420.1109012295
2018-09-05 00:00:00+00:00,558366.7014508628,1.681946770893835,1.681946770893835,1.75,,False,442462.1408117651
2018-09-06 00:00:00+00:00,549745.5706020247,1.6924685156114734,1.6924685156114734,1.75,,False,442504.17471514223
2018-09-07 00:00:00+00:00,548581.1956843463,1.6971227994778435,1.6971227994778435,1.75,,False,442546.21261174016
2018-09-10 00:00:00+00:00,550159.2662836195,1.6932721147613883,1.6932721147613883,1.75,,False,442588.2545019383
2018-09-11 00:00:00+00:00,557925.0057474548,1.6844542239130469,1.6844542239130469,1.75,,False,442630.30038611597
2018-09-12 00:00:00+00:00,553446.2241535026,1.6879813238570665,1.6879813238570665,1.75,,False,442672.35026465263
2018-09-13 00:00:00+00:00,561167.2572774634,1.6759056089620816,1.6759056089620816,1.75,,False,442714.40413792775
2018-09-14 00:00:00+00:00,559145.6080502628,1.6793451069136345,1.6793451069136345,1.75,,False,442756.4620063208
2018-09-17 00:00:00+00:00,544137.9464516074,1.6962963315758373,1.6962963315758373,1.75,,False,442798.52387021144
2018-09-18 00:00:00+00:00,551453.8299220932,1.68677157776313,1.68677157776313,1.75,,False,442840.5897299791
2018-09-19 00:00:00+00:00,551082.6553075098,1.6877699827452501,1.6877699827452501,1.75,,False,442882.65958600346
2018-09-20 00:00:00+00:00,558510.1805161288,1.6752783033154393,1.6752783033154393,1.75,,False,442924.7334386641
2018-09-21 00:00:00+00:00,553594.1306510422,1.6816298626534976,1.6816298626534976,1.75,,False,442966.8112883408
2018-09-24 00:00:00+00:00,554119.6659629267,1.6768243855712928,1.6768243855712928,1.75,,False,441536.59629241633
2018-09-25 00:00:00+00:00,555488.68533622,1.675392761756307,1.675392761756307,1.75,,False,441578.6649181186
2018-09-26 00:00:00+00:00,556677.552889768,1.6747024597032527,1.6747024597032527,1.75,,False,441620.7375520261
2018-09-27 00:00:00+00:00,568791.180067377,1.6653759908521528,1.6653759908521528,1.75,,False,441662.81419452064
2018-09-28 00:00:00+00:00,570896.7144973405,1.6657279838532086,1.6657279838532086,1.75,,False,441707.96194886055
2018-10-01 00:00:00+00:00,575526.5275599642,1.6635803820005417,1.6635803820005417,1.75,1.75,False,441753.11431830423
2018-10-02 00:00:00+00:00,573674.6930868765,1.6661936459616866,1.6661936459616866,1.75,,False,441798.27130332345
2018-10-03 00:00:00+00:00,576409.9785475694,1.665113832301469,1.665113832301469,1.75,,False,441843.43290439004
2018-10-04 00:00:00+00:00,558768.347823104,1.6871968286384513,1.6871968286384513,1.75,,False,441888.5991219758
2018-10-05 00:00:00+00:00,547487.2502294482,1.7017942666621435,1.7017942666621435,1.75,,False,441933.7699565527
2018-10-08 00:00:00+00:00,541758.9746993384,1.709287169014671,1.709287169014671,1.75,,False,441978.9454085927
2018-10-09 00:00:00+00:00,545668.2063291763,1.7055044882220873,1.7055044882220873,1.75,,False,442024.1254785678
2018-10-10 00:00:00+00:00,502119.8075239618,1.7628507387994135,1.7628507387994135,1.75,,False,442069.31016695005
2018-10-11 00:00:00+00:00,490082.72063856764,1.7800451315108197,1.7800451315108197,1.75,,False,442114.49947421154
2018-10-12 00:00:00+00:00,514588.8239184834,1.7433588853921276,1.7433588853921276,1.75,,False,442159.69340082444
2018-10-15 00:00:00+00:00,502170.36140372243,1.7595199224527143,1.7595199224527143,1.75,,False,442204.891947261
2018-10-16 00:00:00+00:00,527882.2897217493,1.722661648331739,1.722661648331739,1.75,,False,442250.0951139934
2018-10-17 00:00:00+00:00,530628.3281409609,1.7222974587975912,1.7222974587975912,1.75,,False,442295.3029014939
2018-10-18 00:00:00+00:00,511441.3617282251,1.7524710564933117,1.7524710564933117,1.75,,False,442340.6381700413
2018-10-19 00:00:00+00:00,509731.2971265343,1.753826757025832,1.753826757025832,1.75,,False,442385.97808545374
2018-10-22 00:00:00+00:00,516353.5485732258,1.747220687894029,1.747220687894029,1.75,,False,442431.3226482075
2018-10-23 00:00:00+00:00,512412.9940215447,1.7521913875895232,1.7521913875895232,1.75,,False,442476.6718587789
2018-10-24 00:00:00+00:00,475047.5085174104,1.817922913437799,1.817922913437799,1.75,,False,442522.1486278311
2018-10-25 00:00:00+00:00,505549.98170918593,1.7696660371841875,1.7696660371841875,1.75,,False,442567.6300708845
2018-10-26 00:00:00+00:00,481904.57787899295,1.8065211655261235,1.8065211655261235,1.75,,False,442613.1161884195
2018-10-29 00:00:00+00:00,463866.06065665564,1.8378236027569024,1.8378236027569024,1.75,,False,442658.60698091664
2018-10-30 00:00:00+00:00,478968.58105192694,1.8133459258450833,1.8133459258450833,1.75,,False,442704.10244885634
2018-10-31 00:00:00+00:00,500753.86416029575,1.7802383717630266,1.7802383717630266,1.75,,False,442749.60259271914
2018-11-01 00:00:00+00:00,481388.70482308674,1.762475248748697,0.7632148015460685,0.7209714338219859,0.7209714338219859,True,0.0
2018-11-02 00:00:00+00:00,476418.56938043656,0.7603660881594008,0.7603660881594008,0.7209714338219859,,False,0.0
2018-11-05 00:00:00+00:00,474852.5721301701,0.759913424246882,0.759913424246882,0.7209714338219859,,False,0.0
2018-11-06 00:00:00+00:00,476832.96700020035,0.7612876706363613,0.7612876706363613,0.7209714338219859,,False,0.0
2018-11-07 00:00:00+00:00,486217.1044894767,0.7668550916734435,0.7668550916734435,0.7209714338219859,,False,0.0
2018-11-08 00:00:00+00:00,485661.1538355278,0.7657090248370991,0.7657090248370991,0.7209714338219859,,False,0.0
2018-11-09 00:00:00+00:00,483246.3957581823,0.7626462742965379,0.7626462742965379,0.7209714338219859,,False,0.0
2018-11-12 00:00:00+00:00,472094.6063423029,0.7570395193568293,0.7570395193568293,0.7209714338219859,,False,0.0
2018-11-13 00:00:00+00:00,473943.8496940464,0.7571942345971173,0.7571942345971173,0.7209714338219859,,False,0.0
2018-11-14 00:00:00+00:00,470206.309235789,0.75578347979731,0.75578347979731,0.7209714338219859,,False,0.0
2018-11-15 00:00:00+00:00,475918.340803839,0.7589702863073285,0.7589702863073285,0.7209714338219859,,False,0.0
2018-11-16 00:00:00+00:00,471403.46114915365,0.7583264709889198,0.7583264709889198,0.7209714338219859,,False,0.0
2018-11-19 00:00:00+00:00,457945.90539910394,0.752224086241502,0.752224086241502,0.7209714338219859,,False,0.0
2018-11-20 00:00:00+00:00,454042.31380366406,0.7488433351366127,0.7488433351366127,0.7209714338219859,,False,0.0
2018-11-21 00:00:00+00:00,456547.0064230968,0.7502650700297833,0.7502650700297833,0.7209714338219859,,False,0.0
2018-11-23 00:00:00+00:00,456513.65827524516,0.7489024090966839,0.7489024090966839,0.7209714338219859,,False,0.0
2018-11-26 00:00:00+00:00,464252.12322193565,0.7531749966681427,0.7531749966681427,0.7209714338219859,,False,0.0
2018-11-27 00:00:00+00:00,467701.9675240804,0.7538011095844042,0.7538011095844042,0.7209714338219859,,False,0.0
2018-11-28 00:00:00+00:00,478836.00074246665,0.7596323339171988,0.7596323339171988,0.7209714338219859,,False,0.0
2018-11-29 00:00:00+00:00,473621.44417362404,0.75903556469706,0.75903556469706,0.7209714338219859,,False,0.0
2018-11-30 00:00:00+00:00,478711.19878281374,0.7603553197316179,0.7603553197316179,0.7209714338219859,,False,0.0
2018-12-03 00:00:00+00:00,483662.9085874915,0.7634980530527208,0.7634980530527208,0.8748890506635686,0.8748890506635686,False,0.0
2018-12-04 00:00:00+00:00,469953.95361038117,0.756363091774579,0.756363091774579,0.8748890506635686,,False,0.0
2018-12-06 00:00:00+00:00,471258.87558518065,0.7576572003154841,0.7576572003154841,0.8748890506635686,,False,0.0
2018-12-07 00:00:00+00:00,458825.0850119968,0.7514395596800556,0.7514395596800556,0.8748890506635686,,False,0.0
2018-12-10 00:00:00+00:00,463330.6121672452,0.7533802645254353,0.7533802645254353,0.8748890506635686,,False,0.0
2018-12-11 00:00:00+00:00,466703.43356193445,0.7539939901064723,0.7539939901064723,0.8748890506635686,,False,0.0
2018-12-12 00:00:00+00:00,467815.8602597651,0.7556157793936686,0.7556157793936686,0.8748890506635686,,False,0.0
2018-12-13 00:00:00+00:00,468087.74285164586,0.7556717108009587,0.7556717108009587,0.8748890506635686,,False,0.0
2018-12-14 00:00:00+00:00,461833.39959028584,0.7510918561423955,0.7510918561423955,0.8748890506635686,,False,0.0
2018-12-17 00:00:00+00:00,452411.8303160219,0.7467822303654545,0.7467822303654545,0.8748890506635686,,False,0.0
2018-12-18 00:00:00+00:00,453536.4864647036,0.7479658264930065,0.7479658264930065,0.8748890506635686,,False,0.0
2018-12-19 00:00:00+00:00,442945.9827947791,0.7432502884864438,0.7432502884864438,0.8748890506635686,,False,0.0
2018-12-20 00:00:00+00:00,437790.45730021683,0.740453975694404,0.740453975694404,0.8748890506635686,,False,0.0
2018-12-21 00:00:00+00:00,428868.96321935306,0.7343576994036657,0.7343576994036657,0.8748890506635686,,False,0.0
2018-12-24 00:00:00+00:00,420856.6446509188,0.7276991781263094,0.7276991781263094,0.8748890506635686,,False,0.0
2018-12-26 00:00:00+00:00,439747.64389064704,0.739533938308845,0.739533938308845,0.8748890506635686,,False,0.0
2018-12-27 00:00:00+00:00,440851.5727956997,0.7402772338204393,0.7402772338204393,0.8748890506635686,,False,0.0
2018-12-28 00:00:00+00:00,439410.34307961777,0.7401766937736978,0.7401766937736978,0.8748890506635686,,False,0.0
2018-12-31 00:00:00+00:00,441728.54367888696,0.7417884237923859,0.7417884237923859,0.8748890506635686,,False,0.0
2019-01-02 00:00:00+00:00,446907.5977894639,0.7425559770351722,0.7425559770351722,0.6789057040582529,0.6789057040582529,False,0.0
2019-01-03 00:00:00+00:00,434459.0862528245,0.7361552001226633,0.7361552001226633,0.6789057040582529,,False,0.0
2019-01-04 00:00:00+00:00,447710.8145710396,0.744211539668123,0.744211539668123,0.6789057040582529,,False,0.0
2019-01-07 00:00:00+00:00,449393.25311882945,0.7464579806362008,0.7464579806362008,0.6789057040582529,,False,0.0
2019-01-08 00:00:00+00:00,453376.42226795584,0.7481584422024223,0.7481584422024223,0.6789057040582529,,False,0.0
2019-01-09 00:00:00+00:00,452974.15609739645,0.7496846381747785,0.7496846381747785,0.6789057040582529,,False,0.0
2019-01-10 00:00:00+00:00,454221.38151172874,0.7502202442999215,0.7502202442999215,0.6789057040582529,,False,0.0
2019-01-11 00:00:00+00:00,454474.31166744116,0.7495328461412586,0.7495328461412586,0.6789057040582529,,False,0.0
2019-01-14 00:00:00+00:00,451464.08681554254,0.7478628075420689,0.7478628075420689,0.6789057040582529,,False,0.0
2019-01-15 00:00:00+00:00,461555.0653494695,0.7514918253349226,0.7514918253349226,0.6789057040582529,,False,0.0
2019-01-16 00:00:00+00:00,460843.73345901107,0.7514573192035194,0.7514573192035194,0.6789057040582529,,False,0.0
2019-01-17 00:00:00+00:00,464469.7807707294,0.752921170964389,0.752921170964389,0.6789057040582529,,False,0.0
2019-01-18 00:00:00+00:00,468920.4400432849,0.7547493153775567,0.7547493153775567,0.6789057040582529,,False,0.0
2019-01-22 00:00:00+00:00,461953.36235803564,0.7509847497013215,0.7509847497013215,0.6789057040582529,,False,0.0
2019-01-23 00:00:00+00:00,461144.70545656147,0.7512270097642144,0.7512270097642144,0.6789057040582529,,False,0.0
2019-01-24 00:00:00+00:00,466171.0890039985,0.7524313259122308,0.7524313259122308,0.6789057040582529,,False,0.0
2019-01-25 00:00:00+00:00,466857.2351798651,0.7546372435618951,0.7546372435618951,0.6789057040582529,,False,0.0
2019-01-28 00:00:00+00:00,461251.8875870778,0.7523285603771083,0.7523285603771083,0.6789057040582529,,False,0.0
2019-01-29 00:00:00+00:00,458536.8300510345,0.7505567487566563,0.7505567487566563,0.6789057040582529,,False,0.0
2019-01-30 00:00:00+00:00,467537.0049584189,0.7552300223991744,0.7552300223991744,0.6789057040582529,,False,0.0
2019-01-31 00:00:00+00:00,471336.3320094303,0.7579661658614473,0.7579661658614473,0.6789057040582529,,False,0.0
2019-02-01 00:00:00+00:00,468812.8795021709,0.7571891001501561,0.9666459678589906,0.966241807944871,0.966241807944871,True,0.0
2019-02-04 00:00:00+00:00,475935.32545115176,0.9670417085492453,0.9670417085492453,0.966241807944871,,False,0.0
2019-02-05 00:00:00+00:00,481354.288464348,0.9673213196543781,0.9673213196543781,0.966241807944871,,False,0.0
2019-02-06 00:00:00+00:00,481062.42581881257,0.9672267867525911,0.9672267867525911,0.966241807944871,,False,0.0
2019-02-07 00:00:00+00:00,475775.28375392593,0.9667954789611068,0.9667954789611068,0.966241807944871,,False,0.0
2019-02-08 00:00:00+00:00,477982.27812372195,0.9668583313656722,0.9668583313656722,0.966241807944871,,False,0.0
2019-02-11 00:00:00+00:00,479618.58358269866,0.9668278866872893,0.9668278866872893,0.966241807944871,,False,0.0
2019-02-12 00:00:00+00:00,484798.4872820773,0.967295423627487,0.967295423627487,0.966241807944871,,False,0.0
2019-02-13 00:00:00+00:00,486331.1331854659,0.9673176219270941,0.9673176219270941,0.966241807944871,,False,0.0
2019-02-14 00:00:00+00:00,487081.4486458635,0.9673563993409806,0.9673563993409806,0.966241807944871,,False,0.0
2019-02-15 00:00:00+00:00,489757.2692623869,0.9674886507292698,0.9674886507292698,0.966241807944871,,False,0.0
2019-02-19 00:00:00+00:00,488095.21971981705,0.9675507302160723,0.9675507302160723,0.966241807944871,,False,0.0
2019-02-20 00:00:00+00:00,488012.9865517037,0.9675452623159737,0.9675452623159737,0.966241807944871,,False,0.0
2019-02-21 00:00:00+00:00,485857.1070836314,0.9674300036242196,0.9674300036242196,0.966241807944871,,False,0.0
2019-02-22 00:00:00+00:00,489162.81940599193,0.9676615172142091,0.9676615172142091,0.966241807944871,,False,0.0
2019-02-25 00:00:00+00:00,490757.86066516064,0.967775146027407,0.967775146027407,0.966241807944871,,False,0.0
2019-02-26 00:00:00+00:00,489997.99131497956,0.9678074633182941,0.9678074633182941,0.966241807944871,,False,0.0
2019-02-27 00:00:00+00:00,489869.95236627955,0.9677877206564195,0.9677877206564195,0.966241807944871,,False,0.0
2019-02-28 00:00:00+00:00,488390.943387847,0.9677157260765888,0.9677157260765888,0.966241807944871,,False,0.0
2019-03-01 00:00:00+00:00,491026.07515336986,0.9679307535131931,1.7527415304960823,1.75,1.75,True,420474.84230347374
2019-03-04 00:00:00+00:00,493215.158715269,1.7526575216479074,1.7526575216479074,1.75,,False,420520.3937447233
2019-03-05 00:00:00+00:00,495042.8788777068,1.7518182214594293,1.7518182214594293,1.75,,False,420565.9501207123
2019-03-06 00:00:00+00:00,489217.9948940539,1.7595079152965478,1.7595079152965478,1.75,,False,420611.51143197535
2019-03-07 00:00:00+00:00,483137.91695637605,1.776419664261056,1.776419664261056,1.75,,False,420657.0776790471
2019-03-08 00:00:00+00:00,480552.8943587844,1.7786671234037028,1.7786671234037028,1.75,,False,420702.6488624624
2019-03-11 00:00:00+00:00,499043.9151134524,1.7510320833582314,1.7510320833582314,1.75,,False,420748.2249827558
2019-03-12 00:00:00+00:00,501570.43234276265,1.744016118804103,1.744016118804103,1.75,,False,420793.8060404622
2019-03-13 00:00:00+00:00,506574.69199671247,1.7345312725831228,1.7345312725831228,1.75,,False,420839.3920361166
2019-03-14 00:00:00+00:00,505313.3265391162,1.7368354799439658,1.7368354799439658,1.75,,False,420884.98297025386
2019-03-15 00:00:00+00:00,512420.91408268263,1.7252822891314659,1.7252822891314659,1.75,,False,420930.57884340896
2019-03-18 00:00:00+00:00,513582.03848273755,1.7206756433407173,1.7206756433407173,1.75,,False,419611.9210148854
2019-03-19 00:00:00+00:00,516103.53709785105,1.7166634387965298,1.7166634387965298,1.75,,False,419657.3789729954
2019-03-20 00:00:00+00:00,519302.03297240415,1.7119500168681216,1.7119500168681216,1.75,,False,419702.8418557175
2019-03-21 00:00:00+00:00,532736.6872503643,1.693521470671872,1.693521470671872,1.75,,False,419748.4262477079
2019-03-22 00:00:00+00:00,516471.7528087349,1.7204495492457035,1.7204495492457035,1.75,,False,419794.0155906698
2019-03-25 00:00:00+00:00,512830.2883549747,1.7229526965013513,1.7229526965013513,1.75,,False,419839.6098851409
2019-03-26 00:00:00+00:00,518921.4181335746,1.7173312647763863,1.7173312647763863,1.75,,False,419885.09250954515
2019-03-27 00:00:00+00:00,514525.7356870518,1.7254673592228829,1.7254673592228829,1.75,,False,419930.58006123366
2019-03-28 00:00:00+00:00,517174.8839876193,1.7227290513147286,1.7227290513147286,1.75,,False,419976.1891881236
2019-03-29 00:00:00+00:00,524253.05887781375,1.713556650224431,1.713556650224431,1.75,,False,420021.80326867156
2019-04-01 00:00:00+00:00,536973.504578421,1.6978478956600214,1.6978478956600214,1.704125102664542,1.704125102664542,False,420067.6556488617
2019-04-02 00:00:00+00:00,541547.9252255841,1.693513146888491,1.693513146888491,1.704125102664542,,False,420113.27966368356
2019-04-03 00:00:00+00:00,544053.4087053762,1.686955270185118,1.686955270185118,1.704125102664542,,False,420158.9086337804
2019-04-04 00:00:00+00:00,544923.55239907,1.6875228920474268,1.6875228920474268,1.704125102664542,,False,420204.5425596903
2019-04-05 00:00:00+00:00,549589.1252493266,1.6816996311543952,1.6816996311543952,1.704125102664542,,False,420250.18144195166
2019-04-08 00:00:00+00:00,549695.5908003283,1.6789179634925164,1.6789179634925164,1.704125102664542,,False,420295.82528110273
2019-04-09 00:00:00+00:00,545639.4951706369,1.6830686511412511,1.6830686511412511,1.704125102664542,,False,420341.4740776819
2019-04-10 00:00:00+00:00,551113.6965199495,1.6770776188636765,1.6770776188636765,1.704125102664542,,False,420387.12783222756
2019-04-11 00:00:00+00:00,549075.4355526958,1.6799062578640536,1.6799062578640536,1.704125102664542,,False,420432.7865452782
2019-04-12 00:00:00+00:00,550968.2373087597,1.675126306928655,1.675126306928655,1.704125102664542,,False,420478.45021737245
2019-04-15 00:00:00+00:00,551076.8285222738,1.6750665831914624,1.6750665831914624,1.704125102664542,,False,420524.11884904886
2019-04-16 00:00:00+00:00,554754.873923384,1.6713169634578755,1.6713169634578755,1.704125102664542,,False,420569.7924408461
2019-04-17 00:00:00+00:00,557748.2675153833,1.6675501288594425,1.6675501288594425,1.704125102664542,,False,420615.4709933029
2019-04-18 00:00:00+00:00,561684.7827085697,1.6662464749083914,1.6662464749083914,1.704125102664542,,False,420661.27134458884
2019-04-22 00:00:00+00:00,563438.8690167808,1.6632418010710697,1.6632418010710697,1.704125102664542,,False,420707.1935333773
2019-04-23 00:00:00+00:00,577625.4778703487,1.6496198748329942,1.6496198748329942,1.704125102664542,,False,420753.23759844736
2019-04-24 00:00:00+00:00,575658.4263551029,1.6531342031108023,1.6531342031108023,1.704125102664542,,False,420799.28670278454
2019-04-25 00:00:00+00:00,582184.6987729928,1.6488981645242216,1.6488981645242216,1.704125102664542,,False,420845.34084694035
2019-04-26 00:00:00+00:00,582268.3383487299,1.6480615220721262,1.6480615220721262,1.704125102664542,,False,420891.4000314664
2019-04-29 00:00:00+00:00,583461.727445573,1.6461116673746474,1.6461116673746474,1.704125102664542,,False,420937.4642569143
2019-04-30 00:00:00+00:00,574179.1375917534,1.6545774256879042,1.6545774256879042,1.704125102664542,,False,420983.6504509091
2019-05-01 00:00:00+00:00,568795.28289384,1.6582014179777471,1.6582014179777471,1.75,1.75,False,421029.8417125558
2019-05-02 00:00:00+00:00,567790.9086409736,1.6630937510095538,1.6630937510095538,1.75,,False,421076.03804241034
2019-05-03 00:00:00+00:00,582705.4514233642,1.6460762827293431,1.6460762827293431,1.75,,False,421121.77157876437
2019-05-06 00:00:00+00:00,576225.8229881644,1.6527702384602068,1.6527702384602068,1.75,,False,421167.39310401876
2019-05-07 00:00:00+00:00,558580.9467051666,1.6746081188807735,1.6746081188807735,1.75,,False,421213.019571605
2019-05-08 00:00:00+00:00,554789.8040427185,1.6775942992748074,1.6775942992748074,1.75,,False,421258.6509820586
2019-05-09 00:00:00+00:00,548662.0074645687,1.6838934840589808,1.6838934840589808,1.75,,False,421304.1703196231
2019-05-10 00:00:00+00:00,549135.7925259522,1.6825867648410244,1.6825867648410244,1.75,,False,421349.57754686865
2019-05-13 00:00:00+00:00,517445.48262989835,1.7250495260014453,1.7250495260014453,1.75,,False,421394.9896680043
2019-05-14 00:00:00+00:00,528377.9762295726,1.7117084027158842,1.7117084027158842,1.75,,False,421440.4066835574
2019-05-15 00:00:00+00:00,541063.6041814402,1.6950347739077816,1.6950347739077816,1.75,,False,421485.8285940555
2019-05-16 00:00:00+00:00,551716.402692965,1.6835181040512854,1.6835181040512854,1.75,,False,421531.48955881986
2019-05-17 00:00:00+00:00,542765.6716771013,1.6956118200016959,1.6956118200016959,1.75,,False,421577.0383781083
2019-05-20 00:00:00+00:00,526999.6737339279,1.7162429405584656,1.7162429405584656,1.75,,False,421622.5921191997
2019-05-21 00:00:00+00:00,536984.9995721602,1.703756287941277,1.703756287941277,1.75,,False,421668.1507826259
2019-05-22 00:00:00+00:00,532964.1303682699,1.7092694238496724,1.7092694238496724,1.75,,False,421713.7143689188
2019-05-23 00:00:00+00:00,518240.1385802319,1.7284547100147123,1.7284547100147123,1.75,,False,421759.16573591187
2019-05-24 00:00:00+00:00,516591.1995515732,1.729226852912013,1.729226852912013,1.75,,False,421804.6220015523
2019-05-28 00:00:00+00:00,514109.49188668834,1.7341372588767914,1.7341372588767914,1.75,,False,421850.083166368
2019-05-29 00:00:00+00:00,508600.7344018193,1.744901517902065,1.744901517902065,1.75,,False,421895.66641146573
2019-05-30 00:00:00+00:00,512106.60052679526,1.7396162178577568,1.7396162178577568,1.75,,False,421941.2545820863
2019-05-31 00:00:00+00:00,497451.7727619578,1.7608727261750097,1.7608727261750097,1.75,,False,421986.847678762
2019-06-03 00:00:00+00:00,473538.0804358654,1.7917157065345597,1.2602782710307234,1.2545710898201596,1.2545710898201596,True,138115.82458792714
2019-06-04 00:00:00+00:00,489019.2231144423,1.251392654329136,1.251392654329136,1.2545710898201596,,False,138130.71040457717
2019-06-05 00:00:00+00:00,493290.8587021298,1.2491095640426362,1.2491095640426362,1.2545710898201596,,False,138145.59782558744
2019-06-06 00:00:00+00:00,495879.44244993856,1.246694784136043,1.246694784136043,1.2545710898201596,,False,138160.48685113087
2019-06-07 00:00:00+00:00,506459.83096331416,1.2409271108501172,1.2409271108501172,1.2545710898201596,,False,138175.33910346738
2019-06-10 00:00:00+00:00,514362.0637569457,1.2375238864276228,1.2375238864276228,1.2545710898201596,,False,138190.192952421
2019-06-11 00:00:00+00:00,514990.1516247187,1.2371548685287463,1.2371548685287463,1.2545710898201596,,False,138205.04839816337
2019-06-12 00:00:00+00:00,511565.88676217105,1.2388946425097942,1.2388946425097942,1.2545710898201596,,False,138219.90544086616
2019-06-13 00:00:00+00:00,516906.2342778414,1.2371859475502027,1.2371859475502027,1.2545710898201596,,False,138234.76408070105
2019-06-14 00:00:00+00:00,516832.17250461626,1.238472167754122,1.238472167754122,1.2545710898201596,,False,138249.6243178397
2019-06-17 00:00:00+00:00,519839.86077333783,1.2367379425441694,1.2367379425441694,1.2545710898201596,,False,138264.44774978046
2019-06-18 00:00:00+00:00,531012.2119647433,1.2325894059258355,1.2325894059258355,1.2545710898201596,,False,138279.3495847046
2019-06-19 00:00:00+00:00,532600.4828548521,1.2315484641392676,1.2315484641392676,1.2545710898201596,,False,138294.21461478496
2019-06-20 00:00:00+00:00,535345.1703056188,1.2289568966754556,1.2289568966754556,1.2545710898201596,,False,138309.08124285605
2019-06-21 00:00:00+00:00,532280.9960730162,1.229405158443076,1.229405158443076,1.2545710898201596,,False,138323.94946908965
2019-06-24 00:00:00+00:00,528892.9515224936,1.2275467775085176,1.2275467775085176,1.2545710898201596,,False,137112.34739240352
2019-06-25 00:00:00+00:00,518053.21628250595,1.2324758354378738,1.2324758354378738,1.2545710898201596,,False,137127.12505651137
2019-06-26 00:00:00+00:00,520826.49766467407,1.2311816612528625,1.2311816612528625,1.2545710898201596,,False,137141.90431332303
2019-06-27 00:00:00+00:00,524092.2648578831,1.2301295453535892,1.2301295453535892,1.2545710898201596,,False,137156.68516301014
2019-06-28 00:00:00+00:00,524816.6275966188,1.2297962700255503,1.2297962700255503,1.2545710898201596,,False,137171.46760574437
2019-07-01 00:00:00+00:00,536674.5894950879,1.2260749306478649,1.2260749306478649,1.3054940497296712,1.3054940497296712,False,137186.32784806832
2019-07-02 00:00:00+00:00,539555.3284873938,1.2250115937892692,1.2250115937892692,1.3054940497296712,,False,137201.15159293858
2019-07-03 00:00:00+00:00,545772.1952209134,1.2229856141925595,1.2229856141925595,1.3054940497296712,,False,137216.01505102782
2019-07-05 00:00:00+00:00,547262.9381431644,1.2235722671904266,1.2235722671904266,1.3054940497296712,,False,137230.91823488474
2019-07-08 00:00:00+00:00,542940.2911279781,1.2255376561488316,1.2255376561488316,1.3054940497296712,,False,137245.86115709253
2019-07-09 00:00:00+00:00,546161.5758852274,1.2241917709800327,1.2241917709800327,1.3054940497296712,,False,137260.7675825682
2019-07-10 00:00:00+00:00,550356.4191083624,1.2215190922515682,1.2215190922515682,1.3054940497296712,,False,137275.6756270473
2019-07-11 00:00:00+00:00,549805.5798373153,1.2217454181632055,1.2217454181632055,1.3054940497296712,,False,137290.5852907057
2019-07-12 00:00:00+00:00,554011.6750084126,1.2202226451375109,1.2202226451375109,1.3054940497296712,,False,137305.45843744552
2019-07-15 00:00:00+00:00,555867.8663766882,1.2193939501996935,1.2193939501996935,1.3054940497296712,,False,137320.25691463266
2019-07-16 00:00:00+00:00,554728.1647732911,1.2208098016810445,1.2208098016810445,1.3054940497296712,,False,137335.1332757984
2019-07-17 00:00:00+00:00,550402.1968712757,1.2221731468981545,1.2221731468981545,1.3054940497296712,,False,137350.04939721807
2019-07-18 00:00:00+00:00,551355.256151418,1.2218922140071005,1.2218922140071005,1.3054940497296712,,False,137364.96713869428
2019-07-19 00:00:00+00:00,546794.8882810253,1.2239266847625871,1.2239266847625871,1.3054940497296712,,False,137379.88650040296
2019-07-22 00:00:00+00:00,552402.5924507063,1.2217961789939344,1.2217961789939344,1.3054940497296712,,False,137394.8074825201
2019-07-23 00:00:00+00:00,559701.1257751503,1.220065863307323,1.220065863307323,1.3054940497296712,,False,137409.69191999736
2019-07-24 00:00:00+00:00,565240.1214612684,1.2182263840825203,1.2182263840825203,1.3054940497296712,,False,137424.57796995537
2019-07-25 00:00:00+00:00,557947.8221610109,1.220805234941721,1.220805234941721,1.3054940497296712,,False,137439.46563256878
2019-07-26 00:00:00+00:00,566724.7524318848,1.2180933792837765,1.2180933792837765,1.3054940497296712,,False,137454.35490801232
2019-07-29 00:00:00+00:00,563279.3584541259,1.2190375429826235,1.2190375429826235,1.3054940497296712,,False,137469.2457964607
2019-07-30 00:00:00+00:00,560000.7534110309,1.2202252058831211,1.2202252058831211,1.3054940497296712,,False,137484.13829808863
2019-07-31 00:00:00+00:00,551427.3167761174,1.2240351078175948,1.2240351078175948,1.3054940497296712,,False,137498.9942230325
2019-08-01 00:00:00+00:00,550848.9760502962,1.2254366372905428,1.7518378999594488,1.75,1.75,True,458131.77573487477
2019-08-02 00:00:00+00:00,534182.8609619138,1.7718841844276614,1.7718841844276614,1.75,,False,458178.0979477546
2019-08-05 00:00:00+00:00,496895.2990780822,1.8235911448282511,1.8235911448282511,1.75,,False,458224.4248443249
2019-08-06 00:00:00+00:00,509584.3102769194,1.803235854714494,1.803235854714494,1.75,,False,458270.62914049666
2019-08-07 00:00:00+00:00,512675.47662800166,1.795630711627819,1.795630711627819,1.75,,False,458316.83809560165
2019-08-08 00:00:00+00:00,533905.2117002096,1.7658429323340652,1.7658429323340652,1.75,,False,458362.9243998768
2019-08-09 00:00:00+00:00,524438.7185457548,1.7789115400658215,1.7789115400658215,1.75,,False,458409.0153383859
2019-08-12 00:00:00+00:00,514150.2995571465,1.7952865476822084,1.7952865476822084,1.75,,False,458455.11091159494
2019-08-13 00:00:00+00:00,535771.1398192892,1.7653175690340008,1.7653175690340008,1.75,,False,458501.21111996996
2019-08-14 00:00:00+00:00,509195.0489802863,1.8080884138954145,1.8080884138954145,1.75,,False,458547.315963977
2019-08-15 00:00:00+00:00,509834.3097736511,1.8099180852223467,1.8099180852223467,1.75,,False,458593.4254440823
2019-08-16 00:00:00+00:00,525312.7724046988,1.7871961253180355,1.7871961253180355,1.75,,False,458639.6669478146
2019-08-19 00:00:00+00:00,539959.5389429327,1.765574988741714,1.765574988741714,1.75,,False,458685.91311423184
2019-08-20 00:00:00+00:00,532723.2455510981,1.7763323487371285,1.7763323487371285,1.75,,False,458732.16394380416
2019-08-21 00:00:00+00:00,540790.6328787121,1.764414822749773,1.764414822749773,1.75,,False,458778.4194370018
2019-08-22 00:00:00+00:00,538099.771017417,1.7689382388763315,1.7689382388763315,1.75,,False,458824.5521558452
2019-08-23 00:00:00+00:00,505247.64778118004,1.8146837570791159,1.8146837570791159,1.75,,False,458870.6895135898
2019-08-26 00:00:00+00:00,520736.2579494683,1.7930926696312146,1.7930926696312146,1.75,,False,458916.831510702
2019-08-27 00:00:00+00:00,519565.96750156913,1.7962488115799102,1.7962488115799102,1.75,,False,458962.97814764833
2019-08-28 00:00:00+00:00,523335.90780210454,1.7913056601958006,1.7913056601958006,1.75,,False,459009.1294248954
2019-08-29 00:00:00+00:00,538843.1863223672,1.7703476080054814,1.7703476080054814,1.75,,False,459055.2853429098
2019-08-30 00:00:00+00:00,539934.7405458655,1.7737652389830032,1.7737652389830032,1.75,,False,459101.44590215816
2019-09-03 00:00:00+00:00,517211.9313811501,1.7874649820645252,0.9189203880233815,0.8940311780536184,0.8940311780536184,True,0.0
2019-09-04 00:00:00+00:00,521363.4409287497,0.9199818574597225,0.9199818574597225,0.8940311780536184,,False,0.0
2019-09-05 00:00:00+00:00,529525.6201835962,0.9213080565761609,0.9213080565761609,0.8940311780536184,,False,0.0
2019-09-06 00:00:00+00:00,528850.6385031267,0.9212361634114866,0.9212361634114866,0.8940311780536184,,False,0.0
2019-09-09 00:00:00+00:00,527165.1041852143,0.9210843834398595,0.9210843834398595,0.8940311780536184,,False,0.0
2019-09-10 00:00:00+00:00,526434.8806941999,0.9208747239243295,0.9208747239243295,0.8940311780536184,,False,0.0
2019-09-11 00:00:00+00:00,532965.6267819671,0.921553012027699,0.921553012027699,0.8940311780536184,,False,0.0
2019-09-12 00:00:00+00:00,531480.7662666499,0.9218524140779151,0.9218524140779151,0.8940311780536184,,False,0.0
2019-09-13 00:00:00+00:00,529731.2216071606,0.9215943158461606,0.9215943158461606,0.8940311780536184,,False,0.0
2019-09-16 00:00:00+00:00,530810.0801146785,0.921270232612977,0.921270232612977,0.8940311780536184,,False,0.0
2019-09-17 00:00:00+00:00,530410.2537696502,0.9216168315571628,0.9216168315571628,0.8940311780536184,,False,0.0
2019-09-18 00:00:00+00:00,530303.0720611074,0.9215868134619197,0.9215868134619197,0.8940311780536184,,False,0.0
2019-09-19 00:00:00+00:00,531836.6178853861,0.9217067423928896,0.9217067423928896,0.8940311780536184,,False,0.0
2019-09-20 00:00:00+00:00,528661.0930022557,0.9209358316548182,0.9209358316548182,0.8940311780536184,,False,0.0
2019-09-23 00:00:00+00:00,529255.7215732207,0.9195410784502389,0.9195410784502389,0.8940311780536184,,False,0.0
2019-09-24 00:00:00+00:00,522412.0596169496,0.9185463442551678,0.9185463442551678,0.8940311780536184,,False,0.0
2019-09-25 00:00:00+00:00,530208.8392431109,0.9193776306389483,0.9193776306389483,0.8940311780536184,,False,0.0
2019-09-26 00:00:00+00:00,528945.0986751455,0.919103736895172,0.919103736895172,0.8940311780536184,,False,0.0
2019-09-27 00:00:00+00:00,522721.2648515402,0.9181704621862748,0.9181704621862748,0.8940311780536184,,False,0.0
2019-09-30 00:00:00+00:00,529078.0700232667,0.9188793267996177,0.9188793267996177,0.8940311780536184,,False,0.0
2019-10-01 00:00:00+00:00,522944.525462304,0.918266763436418,1.7529159168579043,1.75,1.75,True,430429.1963930904
2019-10-02 00:00:00+00:00,506265.9064767494,1.7764438156419127,1.7764438156419127,1.75,,False,430469.6089120851
2019-10-03 00:00:00+00:00,514221.73316669,1.7617198473673625,1.7617198473673625,1.75,,False,430509.6665006922
2019-10-04 00:00:00+00:00,528342.825505331,1.7425783916353244,1.7425783916353244,1.75,,False,430549.4886448435
2019-10-07 00:00:00+00:00,525048.7896341092,1.7466257115194495,1.7466257115194495,1.75,,False,430589.19487546297
2019-10-08 00:00:00+00:00,512908.54351264075,1.766811801749913,1.766811801749913,1.75,,False,430628.9047678793
2019-10-09 00:00:00+00:00,520340.17225022556,1.7539328111238373,1.7539328111238373,1.75,,False,430668.6183224301
2019-10-10 00:00:00+00:00,525457.335824672,1.7439488027976684,1.7439488027976684,1.75,,False,430708.3355394532
2019-10-11 00:00:00+00:00,536201.2302960341,1.7277224736354546,1.7277224736354546,1.75,,False,430748.0564192863
2019-10-14 00:00:00+00:00,536068.2738254684,1.7279700933017996,1.7279700933017996,1.75,,False,430787.7809622672
2019-10-15 00:00:00+00:00,547960.679287305,1.7124302293477571,1.7124302293477571,1.75,,False,430827.5091687337
2019-10-16 00:00:00+00:00,543675.0336733182,1.715585144195438,1.715585144195438,1.75,,False,430868.19843348855
2019-10-17 00:00:00+00:00,543452.737550789,1.712471558787851,1.712471558787851,1.75,,False,430908.8915411184
2019-10-18 00:00:00+00:00,533227.5108552704,1.724508933178726,1.724508933178726,1.75,,False,430948.9900074146
2019-10-21 00:00:00+00:00,541832.3422357924,1.7137091774684523,1.7137091774684523,1.75,,False,430989.09220509586
2019-10-22 00:00:00+00:00,534738.0910095748,1.723699638385104,1.723699638385104,1.75,,False,431029.1981345094
2019-10-23 00:00:00+00:00,537444.7562131607,1.7214173827183215,1.7214173827183215,1.75,,False,431069.3077960025
2019-10-24 00:00:00+00:00,547393.776883318,1.7096479254391785,1.7096479254391785,1.75,,False,431109.4211899224
2019-10-25 00:00:00+00:00,555682.532319186,1.7002001918139389,1.7002001918139389,1.75,,False,431149.53831661644
2019-10-28 00:00:00+00:00,564304.7756142598,1.688757290001744,1.688757290001744,1.75,,False,431189.4196489107
2019-10-29 00:00:00+00:00,555736.691457486,1.6979938390767262,1.6979938390767262,1.75,,False,431229.3046702282
2019-10-30 00:00:00+00:00,559971.5726845167,1.6924053236628263,1.6924053236628263,1.75,,False,431269.0735949922
2019-10-31 00:00:00+00:00,558761.2664260056,1.6919783359554317,1.6919783359554317,1.75,,False,431308.84618733486
2019-11-01 00:00:00+00:00,566603.8464358844,1.6816033417306375,1.6816033417306375,1.75,1.75,False,431345.7470552864
2019-11-04 00:00:00+00:00,573748.2412645353,1.6746834915281426,1.6746834915281426,1.75,,False,431382.5312620492
2019-11-05 00:00:00+00:00,578082.2074512027,1.6741588567586347,1.6741588567586347,1.75,,False,431419.1987772065
2019-11-06 00:00:00+00:00,575561.7955437507,1.6768017540075157,1.6768017540075157,1.75,,False,431455.86940910254
2019-11-07 00:00:00+00:00,580390.1852975693,1.6731120949544682,1.6731120949544682,1.75,,False,431492.4233091497
2019-11-08 00:00:00+00:00,585611.5334281346,1.668741326896511,1.668741326896511,1.75,,False,431528.9803061245
2019-11-11 00:00:00+00:00,584267.2053812554,1.6703368072744713,1.6703368072744713,1.75,,False,431565.5404002893
2019-11-12 00:00:00+00:00,587157.1867015742,1.6672150323006467,1.6672150323006467,1.75,,False,431602.10359190655
2019-11-13 00:00:00+00:00,588060.7785676635,1.6670333518173786,1.6670333518173786,1.75,,False,431638.66988123866
2019-11-14 00:00:00+00:00,586609.7547331541,1.6680114869666856,1.6680114869666856,1.75,,False,431675.23926854803
2019-11-15 00:00:00+00:00,592153.2790551186,1.6600164408010667,1.6600164408010667,1.75,,False,431711.8117540972
2019-11-18 00:00:00+00:00,591129.2914475473,1.6592462708404294,1.6592462708404294,1.75,,False,431748.38733814855
2019-11-19 00:00:00+00:00,592759.2294571567,1.6577266773913981,1.6577266773913981,1.75,,False,431784.96602096467
2019-11-20 00:00:00+00:00,587467.9928887293,1.6644268701756841,1.6644268701756841,1.75,,False,431821.5478028081
2019-11-21 00:00:00+00:00,585046.7597647011,1.6669919835511768,1.6669919835511768,1.75,,False,431858.1326839414
2019-11-22 00:00:00+00:00,587660.1126613709,1.6663701653404452,1.6663701653404452,1.75,,False,431894.7206646271
2019-11-25 00:00:00+00:00,600311.5826650684,1.6535669669027178,1.6535669669027178,1.75,,False,431931.31174512784
2019-11-26 00:00:00+00:00,602009.9683373525,1.6516007804491386,1.6516007804491386,1.75,,False,431967.90592570626
2019-11-27 00:00:00+00:00,609479.0969638667,1.6442550298853675,1.6442550298853675,1.75,,False,432004.50320662494
2019-11-29 00:00:00+00:00,603940.7190311996,1.6492150394921128,1.6492150394921128,1.75,,False,432041.1035881466
2019-12-02 00:00:00+00:00,590707.0715214389,1.66045932351152,1.66045932351152,1.75,1.75,False,432077.8270819516
2019-12-03 00:00:00+00:00,582255.4125103385,1.6692570825219097,1.6692570825219097,1.75,,False,432114.5536972536
2019-12-04 00:00:00+00:00,587833.6437273104,1.6637404735264465,1.6637404735264465,1.75,,False,432151.16340249736
2019-12-05 00:00:00+00:00,588246.0778293695,1.6616586371599844,1.6616586371599844,1.75,,False,432187.7762093967
2019-12-06 00:00:00+00:00,601487.3696148045,1.6501923924354225,1.6501923924354225,1.75,,False,432224.39211821445
2019-12-09 00:00:00+00:00,596142.2972042544,1.6551884280319462,1.6551884280319462,1.75,,False,432261.0111292134
2019-12-10 00:00:00+00:00,594052.5597740625,1.6561852140292088,1.6561852140292088,1.75,,False,432297.63324265624
2019-12-11 00:00:00+00:00,599122.726697452,1.650569944646887,1.650569944646887,1.75,,False,432334.25845880597
2019-12-12 00:00:00+00:00,605215.9888738601,1.6427418575752222,1.6427418575752222,1.75,,False,432370.8867779254
2019-12-13 00:00:00+00:00,607746.0216628892,1.6393725615816264,1.6393725615816264,1.75,,False,432407.51820027747
2019-12-16 00:00:00+00:00,617105.2745959414,1.62910707127704,1.62910707127704,1.75,,False,432444.152726125
2019-12-17 00:00:00+00:00,617150.0905491471,1.6286069604376454,1.6286069604376454,1.75,,False,432480.9104791067
2019-12-18 00:00:00+00:00,619831.2658462069,1.6279122296804576,1.6279122296804576,1.75,,False,432517.55122291116
2019-12-19 00:00:00+00:00,625262.2674240838,1.6216718323612291,1.6216718323612291,1.75,,False,432554.1950710009
2019-12-20 00:00:00+00:00,632271.3296255133,1.6177188936316789,1.6177188936316789,1.75,,False,432590.84202363883
2019-12-23 00:00:00+00:00,633522.9159148957,1.6131008835042413,1.6131008835042413,1.75,,False,430789.3678955214
2019-12-24 00:00:00+00:00,634421.1473358839,1.6126713905149352,1.6126713905149352,1.75,,False,430825.8653280792
2019-12-26 00:00:00+00:00,642373.0374739923,1.604157310484668,1.604157310484668,1.75,,False,430862.36585278064
2019-12-27 00:00:00+00:00,637339.2452115552,1.6050566324766529,1.6050566324766529,1.75,,False,430898.86946988764
2019-12-30 00:00:00+00:00,628184.6942973459,1.61157268070269,1.61157268070269,1.75,,False,430935.3761796622
2019-12-31 00:00:00+00:00,629499.1484587489,1.6098037218800312,1.6098037218800312,1.75,,False,430971.8859823663
2020-01-02 00:00:00+00:00,649918.3439976454,1.5939218657559253,1.5939218657559253,1.75,1.75,False,431008.398878262
2020-01-03 00:00:00+00:00,639995.477621492,1.6028035788644903,1.6028035788644903,1.75,,False,431044.9148676114
2020-01-06 00:00:00+00:00,645762.9908886112,1.5967226585774164,1.5967226585774164,1.75,,False,431081.4339506766
2020-01-07 00:00:00+00:00,648427.0132868184,1.5969360383029423,1.5969360383029423,1.75,,False,431117.9561277196
2020-01-08 00:00:00+00:00,657416.8738155442,1.5899353925356001,1.5899353925356001,1.75,,False,431154.48139900266
2020-01-09 00:00:00+00:00,666900.783898123,1.5821713115267055,1.5821713115267055,1.75,,False,431191.00976478786
2020-01-10 00:00:00+00:00,663393.0747063028,1.5846148279140164,1.5846148279140164,1.75,,False,431227.54122533737
2020-01-13 00:00:00+00:00,674335.8739283138,1.5741953677258378,1.5741953677258378,1.75,,False,431263.9559954853
2020-01-14 00:00:00+00:00,670605.0257207768,1.577853657414125,1.577853657414125,1.75,,False,431300.3738406582
2020-01-15 00:00:00+00:00,669201.2165773571,1.5775579821014187,1.5775579821014187,1.75,,False,431336.79476111586
2020-01-16 00:00:00+00:00,681055.6904387029,1.5690315811036009,1.5690315811036009,1.75,,False,431373.2187571179
2020-01-17 00:00:00+00:00,688662.1950238157,1.5647218553333124,1.5647218553333124,1.75,,False,431409.6458289241
2020-01-21 00:00:00+00:00,687960.7733272413,1.565192668871729,1.565192668871729,1.75,,False,431446.19581280684
2020-01-22 00:00:00+00:00,691458.626119197,1.5629392633819361,1.5629392633819361,1.75,,False,431482.7488932854
2020-01-23 00:00:00+00:00,697670.6585715171,1.5601977514209477,1.5601977514209477,1.75,,False,431519.3050706222
2020-01-24 00:00:00+00:00,689414.0411103246,1.567726164881054,1.567726164881054,1.75,,False,431555.8643450796
2020-01-27 00:00:00+00:00,667479.8644444033,1.58680453729809,1.58680453729809,1.75,,False,431592.42671691993
2020-01-28 00:00:00+00:00,684398.4749696341,1.5729189062966995,1.5729189062966995,1.75,,False,431628.9921864057
2020-01-29 00:00:00+00:00,686364.6803941195,1.5715337644363379,1.5715337644363379,1.75,,False,431665.5607537993
2020-01-30 00:00:00+00:00,688421.4887908676,1.568428078510115,1.568428078510115,1.75,,False,431702.13241936313
2020-01-31 00:00:00+00:00,668236.6146540703,1.583006203355826,1.583006203355826,1.75,,False,431739.3067696548
2020-02-03 00:00:00+00:00,685423.1533746893,1.5694642177389824,1.5694642177389824,1.75,1.75,False,431776.3643934859
2020-02-04 00:00:00+00:00,711233.747182299,1.5497898441339402,1.5497898441339402,1.75,,False,431813.4251980963
2020-02-05 00:00:00+00:00,717237.6291222575,1.5470674067749708,1.5470674067749708,1.75,,False,431850.48918375914
2020-02-06 00:00:00+00:00,728569.5084600887,1.5399293235380542,1.5399293235380542,1.75,,False,431887.5563507474
2020-02-07 00:00:00+00:00,725627.1352545941,1.54360110684432,1.54360110684432,1.75,,False,431924.6266993342
2020-02-10 00:00:00+00:00,741432.3025522351,1.533715838336798,1.533715838336798,1.75,,False,431961.5802507296
2020-02-11 00:00:00+00:00,741526.5689388496,1.5336447599146483,1.5336447599146483,1.75,,False,431998.5369637066
2020-02-12 00:00:00+00:00,754228.6551610193,1.5258585005229277,1.5258585005229277,1.75,,False,432035.4968385357
2020-02-13 00:00:00+00:00,755843.4237332345,1.52695686910426,1.52695686910426,1.75,,False,432072.45987548743
2020-02-14 00:00:00+00:00,759744.6708030466,1.524731168291533,1.524731168291533,1.75,,False,432109.4260748323
2020-02-18 00:00:00+00:00,761841.7608090406,1.524492878784498,1.524492878784498,1.75,,False,432146.39543684095
2020-02-19 00:00:00+00:00,774444.0304817393,1.5170061627777522,1.5170061627777522,1.75,,False,432183.4880024493
2020-02-20 00:00:00+00:00,763290.9608558366,1.5244598239444151,1.5244598239444151,1.75,,False,432220.58375183615
2020-02-21 00:00:00+00:00,736945.5916822264,1.540352876607554,1.540352876607554,1.75,,False,432257.68268527486
2020-02-24 00:00:00+00:00,693008.3006715878,1.574554990581874,1.574554990581874,1.75,,False,432294.66473146016
2020-02-25 00:00:00+00:00,662631.6783680604,1.6003371321936501,1.6003371321936501,1.75,,False,432331.64994166495
2020-02-26 00:00:00+00:00,666897.1368481942,1.595507326885867,1.595507326885867,1.75,,False,432368.63831615995
2020-02-27 00:00:00+00:00,608551.8298688591,1.6473067009929234,1.6473067009929234,1.75,,False,432405.6298552159
2020-02-28 00:00:00+00:00,607968.8705369184,1.646569161562118,1.646569161562118,1.75,,False,432442.6245591035
2020-03-02 00:00:00+00:00,630165.999636992,1.5960148489097585,0.8838287210983873,0.8569082735666832,0.8569082735666832,True,0.0
2020-03-03 00:00:00+00:00,611703.1238482407,0.8804401571970553,0.8804401571970553,0.8569082735666832,,False,0.0
2020-03-04 00:00:00+00:00,636737.50991514,0.8846764596417006,0.8846764596417006,0.8569082735666832,,False,0.0
2020-03-05 00:00:00+00:00,615640.4309141355,0.8814911281932808,0.8814911281932808,0.8569082735666832,,False,0.0
2020-03-06 00:00:00+00:00,600215.2044558797,0.8797019706720383,0.8797019706720383,0.8569082735666832,,False,0.0
2020-03-09 00:00:00+00:00,558553.242764217,0.8718723431236834,0.8718723431236834,0.8569082735666832,,False,0.0
2020-03-10 00:00:00+00:00,589093.5404454166,0.8776793833065041,0.8776793833065041,0.8569082735666832,,False,0.0
2020-03-11 00:00:00+00:00,569688.2479250353,0.8728175445713171,0.8728175445713171,0.8569082735666832,,False,0.0
2020-03-12 00:00:00+00:00,533508.2483612027,0.8617537141249105,0.8617537141249105,0.8569082735666832,,False,0.0
2020-03-13 00:00:00+00:00,573227.8160077166,0.8711585383160008,0.8711585383160008,0.8569082735666832,,False,0.0
2020-03-16 00:00:00+00:00,510044.43216647086,0.8561468584967512,0.8561468584967512,0.8569082735666832,,False,0.0
2020-03-17 00:00:00+00:00,551479.9403720704,0.8649179538397427,0.8649179538397427,0.8569082735666832,,False,0.0
2020-03-18 00:00:00+00:00,543812.313664473,0.8612682753744247,0.8612682753744247,0.8569082735666832,,False,0.0
2020-03-19 00:00:00+00:00,553469.7838429417,0.861981767300786,0.861981767300786,0.8569082735666832,,False,0.0
2020-03-20 00:00:00+00:00,535630.7499116146,0.8571581420268436,0.8571581420268436,0.8569082735666832,,False,0.0
2020-03-23 00:00:00+00:00,531834.0627072158,0.8558144142663723,0.8558144142663723,0.8569082735666832,,False,0.0
2020-03-24 00:00:00+00:00,565293.5949352357,0.8647759969233165,0.8647759969233165,0.8569082735666832,,False,0.0
2020-03-25 00:00:00+00:00,559548.2562395337,0.8639044877841111,0.8639044877841111,0.8569082735666832,,False,0.0
2020-03-26 00:00:00+00:00,574922.3922485604,0.8698265411633257,0.8698265411633257,0.8569082735666832,,False,0.0
2020-03-27 00:00:00+00:00,556008.4383070107,0.8658122020828364,0.8658122020828364,0.8569082735666832,,False,0.0
2020-03-30 00:00:00+00:00,575652.7181526353,0.8699090937670744,0.8699090937670744,0.8569082735666832,,False,0.0
2020-03-31 00:00:00+00:00,571479.9739560129,0.8689354250912474,0.8689354250912474,0.8569082735666832,,False,0.0
2020-04-01 00:00:00+00:00,554104.6027577086,0.8639109333886865,0.5003641759886366,0.5,0.5,True,0.0
2020-04-02 00:00:00+00:00,563441.7419932423,0.5053869387946549,0.5053869387946549,0.5,,False,0.0
2020-04-03 00:00:00+00:00,562767.9569476391,0.5018135234776406,0.5018135234776406,0.5,,False,0.0
2020-04-06 00:00:00+00:00,582365.100053222,0.5190679496219928,0.5190679496219928,0.5,,False,0.0
2020-04-07 00:00:00+00:00,578070.1553290787,0.5189662823150306,0.5189662823150306,0.5,,False,0.0
2020-04-08 00:00:00+00:00,585623.3189899803,0.5242089388240292,0.5242089388240292,0.5,,False,0.0
2020-04-09 00:00:00+00:00,582474.9628052298,0.5245692797711514,0.5245692797711514,0.5,,False,0.0
2020-04-13 00:00:00+00:00,587118.7503118357,0.5272484586739222,0.5272484586739222,0.5,,False,0.0
2020-04-14 00:00:00+00:00,597023.4774016981,0.5378459403131327,0.5378459403131327,0.5,,False,0.0
2020-04-15 00:00:00+00:00,596712.6034156239,0.5349772024739496,0.5349772024739496,0.5,,False,0.0
2020-04-16 00:00:00+00:00,606370.6483576237,0.5394710417685095,0.5394710417685095,0.5,,False,0.0
2020-04-17 00:00:00+00:00,607091.734536021,0.5418354871338266,0.5418354871338266,0.5,,False,0.0
2020-04-20 00:00:00+00:00,603694.823610324,0.5388761167783395,0.5388761167783395,0.5,,False,0.0
2020-04-21 00:00:00+00:00,592781.0619507568,0.5295209825404162,0.5295209825404162,0.5,,False,0.0
2020-04-22 00:00:00+00:00,603485.5885168667,0.5367993715349695,0.5367993715349695,0.5,,False,0.0
2020-04-23 00:00:00+00:00,603574.9215170213,0.5362684045124847,0.5362684045124847,0.5,,False,0.0
2020-04-24 00:00:00+00:00,609637.7509647611,0.5401573791209024,0.5401573791209024,0.5,,False,0.0
2020-04-27 00:00:00+00:00,610533.6638241612,0.5421466162574946,0.5421466162574946,0.5,,False,0.0
2020-04-28 00:00:00+00:00,603909.0430375219,0.5374231782285646,0.5374231782285646,0.5,,False,0.0
2020-04-29 00:00:00+00:00,614454.0925845883,0.5460739018578012,0.5460739018578012,0.5,,False,0.0
2020-04-30 00:00:00+00:00,609765.2995424746,0.5459720157984288,0.5459720157984288,0.5,,False,0.0
2020-05-01 00:00:00+00:00,596888.2989578707,0.5388761167783395,0.5388761167783395,0.5848724803309423,0.5848724803309423,False,0.0
2020-05-04 00:00:00+00:00,605427.1378773582,0.5417547654211003,0.5417547654211003,0.5848724803309423,,False,0.0
2020-05-05 00:00:00+00:00,612909.3021443279,0.5445521298430083,0.5445521298430083,0.5848724803309423,,False,0.0
2020-05-06 00:00:00+00:00,617126.6210272568,0.5460739018578012,0.5460739018578012,0.5848724803309423,,False,0.0
2020-05-07 00:00:00+00:00,620948.872321838,0.5492434662055888,0.5492434662055888,0.5848724803309423,,False,0.0
2020-05-08 00:00:00+00:00,623374.9606702611,0.5526110780975653,0.5526110780975653,0.5848724803309423,,False,0.0
2020-05-11 00:00:00+00:00,628538.9641954317,0.5548101906850377,0.5548101906850377,0.5848724803309423,,False,0.0
2020-05-12 00:00:00+00:00,618607.3569806467,0.5495780364597991,0.5495780364597991,0.5848724803309423,,False,0.0
2020-05-13 00:00:00+00:00,615882.9760074302,0.546458403916637,0.546458403916637,0.5848724803309423,,False,0.0
2020-05-14 00:00:00+00:00,621826.6893815672,0.5492546208784113,0.5492546208784113,0.5848724803309423,,False,0.0
2020-05-15 00:00:00+00:00,623120.6514606789,0.5508560297812086,0.5508560297812086,0.5848724803309423,,False,0.0
2020-05-18 00:00:00+00:00,624435.6469350079,0.5554190323546437,0.5554190323546437,0.5848724803309423,,False,0.0
2020-05-19 00:00:00+00:00,621684.9523183628,0.5547993092902639,0.5547993092902639,0.5848724803309423,,False,0.0
2020-05-20 00:00:00+00:00,626110.5898536622,0.559677368589134,0.559677368589134,0.5848724803309423,,False,0.0
2020-05-21 00:00:00+00:00,623828.2676031318,0.5569770146131938,0.5569770146131938,0.5848724803309423,,False,0.0
2020-05-22 00:00:00+00:00,628412.6560307154,0.5578271190926122,0.5578271190926122,0.5848724803309423,,False,0.0
2020-05-26 00:00:00+00:00,623119.2148717497,0.5571602204400177,0.5571602204400177,0.5848724803309423,,False,0.0
2020-05-27 00:00:00+00:00,625070.9362646933,0.5585026974180607,0.5585026974180607,0.5848724803309423,,False,0.0
2020-05-28 00:00:00+00:00,618973.2430942588,0.5581812588944975,0.5581812588944975,0.5848724803309423,,False,0.0
2020-05-29 00:00:00+00:00,621900.7787680224,0.561765540169596,0.561765540169596,0.5848724803309423,,False,0.0
2020-06-01 00:00:00+00:00,621216.1049818612,0.5625027653100428,1.2365761425453368,1.2349131692183921,1.2349131692183921,True,163469.06917459733
2020-06-02 00:00:00+00:00,623950.4080980805,1.2346424536711122,1.2346424536711122,1.2349131692183921,,False,163476.1074261868
2020-06-03 00:00:00+00:00,622946.3950646318,1.233358890329088,1.233358890329088,1.2349131692183921,,False,163483.19139084194
2020-06-04 00:00:00+00:00,613406.2048374981,1.2354076710862358,1.2354076710862358,1.2349131692183921,,False,163490.27566246886
2020-06-05 00:00:00+00:00,629815.877913247,1.2297915270440696,1.2297915270440696,1.2349131692183921,,False,163497.3602410809
2020-06-08 00:00:00+00:00,636045.2424983995,1.2276314936478943,1.2276314936478943,1.2349131692183921,,False,163504.49054262476
2020-06-09 00:00:00+00:00,638585.8515865718,1.2256368380602893,1.2256368380602893,1.2349131692183921,,False,163511.621155129
2020-06-10 00:00:00+00:00,647573.4856938603,1.222377767975012,1.222377767975012,1.2349131692183921,,False,163518.75207860715
2020-06-11 00:00:00+00:00,607115.3247645395,1.2367279294163043,1.2367279294163043,1.2349131692183921,,False,163525.9287349484
2020-06-12 00:00:00+00:00,619886.8434392319,1.23443634769344,1.23443634769344,1.2349131692183921,,False,163533.10570626508
2020-06-15 00:00:00+00:00,628241.8354389493,1.2309797865211392,1.2309797865211392,1.2349131692183921,,False,163540.28299257107
2020-06-16 00:00:00+00:00,642142.8218479053,1.226210351472052,1.226210351472052,1.2349131692183921,,False,163547.50602173657
2020-06-17 00:00:00+00:00,646931.3336532797,1.2253464767494742,1.2253464767494742,1.2349131692183921,,False,163554.7293699192
2020-06-18 00:00:00+00:00,649246.0912800704,1.2246130283999412,1.2246130283999412,1.2349131692183921,,False,163561.95303713303
2020-06-19 00:00:00+00:00,650675.8374292498,1.22467022231595,1.22467022231595,1.2349131692183921,,False,163569.17702339217
2020-06-22 00:00:00+00:00,655702.6823436144,1.2199794912209176,1.2199794912209176,1.2349131692183921,,False,162415.5264033609
2020-06-23 00:00:00+00:00,658876.7124426228,1.217730512994415,1.217730512994415,1.2349131692183921,,False,162422.65464035305
2020-06-24 00:00:00+00:00,645179.0287852844,1.2233492210085364,1.2233492210085364,1.2349131692183921,,False,162429.7831901956
2020-06-25 00:00:00+00:00,655652.7222203558,1.220789946287997,1.220789946287997,1.2349131692183921,,False,162436.91205290228
2020-06-26 00:00:00+00:00,637085.2459894792,1.2273562826194182,1.2273562826194182,1.2349131692183921,,False,162444.0412284868
2020-06-29 00:00:00+00:00,644343.1496597223,1.2243650719052614,1.2243650719052614,1.2349131692183921,,False,162451.17071696295
2020-06-30 00:00:00+00:00,659800.5886807877,1.219118388977616,1.219118388977616,1.2349131692183921,,False,162458.30051834442
2020-07-01 00:00:00+00:00,657873.7742928512,1.216055695440935,0.9790563860298573,0.9643947793576035,0.9643947793576035,True,0.0
2020-07-02 00:00:00+00:00,663541.6033976666,0.9791946283209183,0.9791946283209183,0.9643947793576035,,False,0.0
2020-07-06 00:00:00+00:00,675308.3885737227,0.9796837063820314,0.9796837063820314,0.9643947793576035,,False,0.0
2020-07-07 00:00:00+00:00,671225.6643180969,0.9795456607198741,0.9795456607198741,0.9643947793576035,,False,0.0
2020-07-08 00:00:00+00:00,678085.6588922549,0.9798062078789427,0.9798062078789427,0.9643947793576035,,False,0.0
2020-07-09 00:00:00+00:00,685558.0301551687,0.9799715092222453,0.9799715092222453,0.9643947793576035,,False,0.0
2020-07-10 00:00:00+00:00,688925.3136418996,0.9801046224431259,0.9801046224431259,0.9643947793576035,,False,0.0
2020-07-13 00:00:00+00:00,672303.2721016872,0.97969525370501,0.97969525370501,0.9643947793576035,,False,0.0
2020-07-14 00:00:00+00:00,674472.5453984407,0.9798350860117934,0.9798350860117934,0.9643947793576035,,False,0.0
2020-07-15 00:00:00+00:00,675817.7898123239,0.9798752251414641,0.9798752251414641,0.9643947793576035,,False,0.0
2020-07-16 00:00:00+00:00,669714.460389485,0.9797397808984051,0.9797397808984051,0.9643947793576035,,False,0.0
2020-07-17 00:00:00+00:00,670181.0787078587,0.9797627375921037,0.9797627375921037,0.9643947793576035,,False,0.0
2020-07-20 00:00:00+00:00,688569.1499233358,0.9803100545492192,0.9803100545492192,0.9643947793576035,,False,0.0
2020-07-21 00:00:00+00:00,678392.7957121461,0.9801068382160976,0.9801068382160976,0.9643947793576035,,False,0.0
2020-07-22 00:00:00+00:00,675330.0392243625,0.9801752854596376,0.9801752854596376,0.9643947793576035,,False,0.0
2020-07-23 00:00:00+00:00,656001.9380864511,0.9796543927256419,0.9796543927256419,0.9643947793576035,,False,0.0
2020-07-24 00:00:00+00:00,649229.1238246855,0.9794633483663607,0.9794633483663607,0.9643947793576035,,False,0.0
2020-07-27 00:00:00+00:00,654110.312117301,0.9798160967878901,0.9798160967878901,0.9643947793576035,,False,0.0
2020-07-28 00:00:00+00:00,646890.7596421927,0.979561265643032,0.979561265643032,0.9643947793576035,,False,0.0
2020-07-29 00:00:00+00:00,652137.9125799596,0.9797894512460494,0.9797894512460494,0.9643947793576035,,False,0.0
2020-07-30 00:00:00+00:00,654315.7237946853,0.9798925952011109,0.9798925952011109,0.9643947793576035,,False,0.0
2020-07-31 00:00:00+00:00,664011.779886402,0.9802381645664126,0.9802381645664126,0.9643947793576035,,False,0.0
2020-08-03 00:00:00+00:00,676925.9845669708,0.9804963917314178,0.9804963917314178,1.1197281676111555,1.1197281676111555,False,0.0
2020-08-04 00:00:00+00:00,678466.008873637,0.9805671240219814,0.9805671240219814,1.1197281676111555,,False,0.0
2020-08-05 00:00:00+00:00,672569.1345278969,0.9806142271340612,0.9806142271340612,1.1197281676111555,,False,0.0
2020-08-06 00:00:00+00:00,683718.075486193,0.9808627837116694,0.9808627837116694,1.1197281676111555,,False,0.0
2020-08-07 00:00:00+00:00,680569.5705578137,0.9806436398863947,0.9806436398863947,1.1197281676111555,,False,0.0
2020-08-10 00:00:00+00:00,678870.7295375533,0.9805621889488634,0.9805621889488634,1.1197281676111555,,False,0.0
2020-08-11 00:00:00+00:00,665808.9629436038,0.9801943379453469,0.9801943379453469,1.1197281676111555,,False,0.0
2020-08-12 00:00:00+00:00,680372.8037255079,0.9806708699474074,0.9806708699474074,1.1197281676111555,,False,0.0
2020-08-13 00:00:00+00:00,680625.1307136284,0.9807140049355388,0.9807140049355388,1.1197281676111555,,False,0.0
2020-08-14 00:00:00+00:00,678979.4088881599,0.9806917661945553,0.9806917661945553,1.1197281676111555,,False,0.0
2020-08-17 00:00:00+00:00,684627.8368278326,0.98090914697665,0.98090914697665,1.1197281676111555,,False,0.0
2020-08-18 00:00:00+00:00,687673.2968002432,0.9810877053052632,0.9810877053052632,1.1197281676111555,,False,0.0
2020-08-19 00:00:00+00:00,684857.0632484976,0.9809620529913877,0.9809620529913877,1.1197281676111555,,False,0.0
2020-08-20 00:00:00+00:00,696283.1133596591,0.981217636764953,0.981217636764953,1.1197281676111555,,False,0.0
2020-08-21 00:00:00+00:00,706197.435272925,0.9813444968958297,0.9813444968958297,1.1197281676111555,,False,0.0
2020-08-24 00:00:00+00:00,708839.1416192931,0.9814581134569923,0.9814581134569923,1.1197281676111555,,False,0.0
2020-08-25 00:00:00+00:00,713402.2657962746,0.9816000964097865,0.9816000964097865,1.1197281676111555,,False,0.0
2020-08-26 00:00:00+00:00,728653.8287080373,0.9819776025822724,0.9819776025822724,1.1197281676111555,,False,0.0
2020-08-27 00:00:00+00:00,725747.8347022188,0.9819222720016371,0.9819222720016371,1.1197281676111555,,False,0.0
2020-08-28 00:00:00+00:00,724652.534523522,0.98201208831221,0.98201208831221,1.1197281676111555,,False,0.0
2020-08-31 00:00:00+00:00,727374.4128173396,0.9821528821046495,0.9821528821046495,1.1197281676111555,,False,0.0
2020-09-01 00:00:00+00:00,738914.9022919928,0.9824475299594463,1.4784797441954467,1.4770173213580993,1.4770173213580993,True,422463.84146855405
2020-09-02 00:00:00+00:00,756141.689655926,1.4719041959141401,1.4719041959141401,1.4770173213580993,,False,422482.5002882189
2020-09-03 00:00:00+00:00,700171.2639501182,1.5099944640512846,1.5099944640512846,1.4770173213580993,,False,422501.15993198165
2020-09-04 00:00:00+00:00,686763.0621661089,1.5205023343285067,1.5205023343285067,1.4770173213580993,,False,422519.82039987866
2020-09-08 00:00:00+00:00,638231.5765578423,1.561579198375614,1.561579198375614,1.4770173213580993,,False,422538.48169194633
2020-09-09 00:00:00+00:00,666306.1890059437,1.5369844424674026,1.5369844424674026,1.4770173213580993,,False,422557.14380822104
2020-09-10 00:00:00+00:00,642067.5235217626,1.5539970922111837,1.5539970922111837,1.4770173213580993,,False,422575.8067487392
2020-09-11 00:00:00+00:00,637757.9684260966,1.5600753542403045,1.5600753542403045,1.4770173213580993,,False,422594.4705135373
2020-09-14 00:00:00+00:00,652697.3981848577,1.545298201134319,1.545298201134319,1.4770173213580993,,False,422613.13510265166
2020-09-15 00:00:00+00:00,668553.8044851332,1.5336470084195197,1.5336470084195197,1.4770173213580993,,False,422631.8005161187
2020-09-16 00:00:00+00:00,652793.9332729484,1.547062544328151,1.547062544328151,1.4770173213580993,,False,422650.46675397485
2020-09-17 00:00:00+00:00,637647.7599743326,1.5606502315919428,1.5606502315919428,1.4770173213580993,,False,422669.1338162565
2020-09-18 00:00:00+00:00,623139.2422443646,1.5720839887008726,1.5720839887008726,1.4770173213580993,,False,422687.80170300003
2020-09-21 00:00:00+00:00,631867.7483366802,1.569974731058396,1.569974731058396,1.4770173213580993,,False,422706.4704142419
2020-09-22 00:00:00+00:00,652171.4897760997,1.5538588023192381,1.5538588023192381,1.4770173213580993,,False,422725.1399500185
2020-09-23 00:00:00+00:00,622595.7273466986,1.5814867743514154,1.5814867743514154,1.4770173213580993,,False,422743.8103103663
2020-09-24 00:00:00+00:00,627755.8264916239,1.57727628148687,1.57727628148687,1.4770173213580993,,False,422762.48149532167
2020-09-25 00:00:00+00:00,653448.0537676889,1.556894820147708,1.556894820147708,1.4770173213580993,,False,422781.15350492107
2020-09-28 00:00:00+00:00,672131.4563143555,1.5394882976728683,1.5394882976728683,1.4770173213580993,,False,422799.82633920084
2020-09-29 00:00:00+00:00,664202.4539108796,1.543296710441618,1.543296710441618,1.4770173213580993,,False,422818.4999981975
2020-09-30 00:00:00+00:00,670863.6377188164,1.537650611762879,1.537650611762879,1.4770173213580993,,False,422837.1744819474
2020-10-01 00:00:00+00:00,657687.6950102521,1.5248765305561636,0.7146590805307278,0.6856385481677454,0.6856385481677454,True,0.0
2020-10-02 00:00:00+00:00,646997.9434720658,0.708804851118991,0.708804851118991,0.6856385481677454,,False,0.0
2020-10-05 00:00:00+00:00,652430.756307036,0.7131410556609409,0.7131410556609409,0.6856385481677454,,False,0.0
2020-10-06 00:00:00+00:00,644455.1504272136,0.7094430240748401,0.7094430240748401,0.6856385481677454,,False,0.0
2020-10-07 00:00:00+00:00,653029.6925420308,0.7129657093400292,0.7129657093400292,0.6856385481677454,,False,0.0
2020-10-08 00:00:00+00:00,656233.0341163711,0.7140509019940705,0.7140509019940705,0.6856385481677454,,False,0.0
2020-10-09 00:00:00+00:00,659688.5272681903,0.717137163731979,0.717137163731979,0.6856385481677454,,False,0.0
2020-10-12 00:00:00+00:00,674292.9595093502,0.7232636567756325,0.7232636567756325,0.6856385481677454,,False,0.0
2020-10-13 00:00:00+00:00,678987.1853782113,0.7232568542859902,0.7232568542859902,0.6856385481677454,,False,0.0
2020-10-14 00:00:00+00:00,673851.9725121129,0.7215748782677198,0.7215748782677198,0.6856385481677454,,False,0.0
2020-10-15 00:00:00+00:00,673683.6514857488,0.7202200630269889,0.7202200630269889,0.6856385481677454,,False,0.0
2020-10-16 00:00:00+00:00,670108.0288175654,0.7191112765879409,0.7191112765879409,0.6856385481677454,,False,0.0
2020-10-19 00:00:00+00:00,658252.4131955209,0.7157745462091448,0.7157745462091448,0.6856385481677454,,False,0.0
2020-10-20 00:00:00+00:00,657257.9171451237,0.716211162885444,0.716211162885444,0.6856385481677454,,False,0.0
2020-10-21 00:00:00+00:00,654348.1156300333,0.7160538525384935,0.7160538525384935,0.6856385481677454,,False,0.0
2020-10-22 00:00:00+00:00,656877.2191197185,0.7160466909768788,0.7160466909768788,0.6856385481677454,,False,0.0
2020-10-23 00:00:00+00:00,656693.3074467017,0.7164467909697612,0.7164467909697612,0.6856385481677454,,False,0.0
2020-10-26 00:00:00+00:00,651177.2819329532,0.7133672352503948,0.7133672352503948,0.6856385481677454,,False,0.0
2020-10-27 00:00:00+00:00,653808.4897428855,0.7149549949559053,0.7149549949559053,0.6856385481677454,,False,0.0
2020-10-28 00:00:00+00:00,640073.6688146814,0.7067819050991136,0.7067819050991136,0.6856385481677454,,False,0.0
2020-10-29 00:00:00+00:00,653153.5760252351,0.7103615626554786,0.7103615626554786,0.6856385481677454,,False,0.0
2020-10-30 00:00:00+00:00,641991.6473614409,0.7050474858082658,0.7050474858082658,0.6856385481677454,,False,0.0
2020-11-02 00:00:00+00:00,643445.0331703651,0.7055099512700045,0.9181754195555023,0.9177856069770218,0.9177856069770218,True,0.0
2020-11-03 00:00:00+00:00,648646.4308646471,0.9194546529837178,0.9194546529837178,0.9177856069770218,,False,0.0
2020-11-04 00:00:00+00:00,674923.5697571053,0.922630161119785,0.922630161119785,0.9177856069770218,,False,0.0
2020-11-05 00:00:00+00:00,686534.3467853059,0.924447488207061,0.924447488207061,0.9177856069770218,,False,0.0
2020-11-06 00:00:00+00:00,682557.9882151672,0.9244996404552036,0.9244996404552036,0.9177856069770218,,False,0.0
2020-11-09 00:00:00+00:00,673916.1577624598,0.9230459004441506,0.9230459004441506,0.9177856069770218,,False,0.0
2020-11-10 00:00:00+00:00,662828.3825932564,0.9217519893468078,0.9217519893468078,0.9177856069770218,,False,0.0
2020-11-11 00:00:00+00:00,676495.3976587377,0.9233328082912414,0.9233328082912414,0.9177856069770218,,False,0.0
2020-11-12 00:00:00+00:00,673335.5800460045,0.9229991057109376,0.9229991057109376,0.9177856069770218,,False,0.0
2020-11-13 00:00:00+00:00,678213.5298065017,0.9236175773284596,0.9236175773284596,0.9177856069770218,,False,0.0
2020-11-16 00:00:00+00:00,681947.6783023339,0.9241640999373232,0.9241640999373232,0.9177856069770218,,False,0.0
2020-11-17 00:00:00+00:00,678916.8108941002,0.923941139038525,0.923941139038525,0.9177856069770218,,False,0.0
2020-11-18 00:00:00+00:00,673883.2703470256,0.923418213245396,0.923418213245396,0.9177856069770218,,False,0.0
2020-11-19 00:00:00+00:00,680242.5112834261,0.9239675822511086,0.9239675822511086,0.9177856069770218,,False,0.0
2020-11-20 00:00:00+00:00,675145.0498201719,0.9234839765048084,0.9234839765048084,0.9177856069770218,,False,0.0
2020-11-23 00:00:00+00:00,676936.3851144938,0.9234864122122992,0.9234864122122992,0.9177856069770218,,False,0.0
2020-11-24 00:00:00+00:00,682947.6543332319,0.9244664603371872,0.9244664603371872,0.9177856069770218,,False,0.0
2020-11-25 00:00:00+00:00,684867.354408441,0.9248932433243253,0.9248932433243253,0.9177856069770218,,False,0.0
2020-11-27 00:00:00+00:00,690703.957119536,0.9255279121938407,0.9255279121938407,0.9177856069770218,,False,0.0
2020-11-30 00:00:00+00:00,689691.3371360307,0.9256682573777307,0.9256682573777307,0.9177856069770218,,False,0.0
2020-12-01 00:00:00+00:00,692598.4747287842,0.9265397580834873,0.9265397580834873,0.9537283770046401,0.9537283770046401,False,0.0
2020-12-02 00:00:00+00:00,690326.8225621344,0.9266271314432176,0.9266271314432176,0.9537283770046401,,False,0.0
2020-12-03 00:00:00+00:00,687876.010363978,0.9267232203374662,0.9267232203374662,0.9537283770046401,,False,0.0
2020-12-04 00:00:00+00:00,691042.4721363229,0.9269989123822963,0.9269989123822963,0.9537283770046401,,False,0.0
2020-12-07 00:00:00+00:00,694898.7773156231,0.9273801046430796,0.9273801046430796,0.9537283770046401,,False,0.0
2020-12-08 00:00:00+00:00,698634.1774760927,0.9276073511719746,0.9276073511719746,0.9537283770046401,,False,0.0
2020-12-09 00:00:00+00:00,685716.6553666465,0.9260543438435146,0.9260543438435146,0.9537283770046401,,False,0.0
2020-12-10 00:00:00+00:00,686108.4245388247,0.9263283156251809,0.9263283156251809,0.9537283770046401,,False,0.0
2020-12-11 00:00:00+00:00,685040.0478725276,0.9261768663969736,0.9261768663969736,0.9537283770046401,,False,0.0
2020-12-14 00:00:00+00:00,687769.4081443234,0.926669621652465,0.926669621652465,0.9537283770046401,,False,0.0
2020-12-15 00:00:00+00:00,693839.4407556376,0.9273888730726271,0.9273888730726271,0.9537283770046401,,False,0.0
2020-12-16 00:00:00+00:00,696404.5192143602,0.9277573366142694,0.9277573366142694,0.9537283770046401,,False,0.0
2020-12-17 00:00:00+00:00,695884.411747775,0.9281928691410064,0.9281928691410064,0.9537283770046401,,False,0.0
2020-12-18 00:00:00+00:00,695179.7949089467,0.9279908490742614,0.9279908490742614,0.9537283770046401,,False,0.0
2020-12-21 00:00:00+00:00,694023.652863106,0.9265735100841122,0.9265735100841122,0.9537283770046401,,False,0.0
2020-12-22 00:00:00+00:00,699087.6115311017,0.9267580418655222,0.9267580418655222,0.9537283770046401,,False,0.0
2020-12-23 00:00:00+00:00,694569.3824413753,0.9264145973358944,0.9264145973358944,0.9537283770046401,,False,0.0
2020-12-24 00:00:00+00:00,697408.7564573912,0.9267141870361211,0.9267141870361211,0.9537283770046401,,False,0.0
2020-12-28 00:00:00+00:00,702827.5683594784,0.9273923549567971,0.9273923549567971,0.9537283770046401,,False,0.0
2020-12-29 00:00:00+00:00,701172.1735271441,0.9274526027844369,0.9274526027844369,0.9537283770046401,,False,0.0
2020-12-30 00:00:00+00:00,699594.1616205861,0.9274547547522191,0.9274547547522191,0.9537283770046401,,False,0.0
2020-12-31 00:00:00+00:00,704057.1667283557,0.927619910489453,0.927619910489453,0.9537283770046401,,False,0.0
2021-01-04 00:00:00+00:00,692332.6664115469,0.926659297943846,1.7528864455133473,1.75,1.75,True,638737.1525531563
2021-01-05 00:00:00+00:00,699972.544068274,1.7422185773160848,1.7422185773160848,1.75,,False,638765.3634440607
2021-01-06 00:00:00+00:00,683334.5427726362,1.7606332076148279,1.7606332076148279,1.75,,False,638793.5755809462
2021-01-07 00:00:00+00:00,713869.1304066615,1.729614683845905,1.729614683845905,1.75,,False,638821.7889638677
2021-01-08 00:00:00+00:00,730496.3108355191,1.7137956327164603,1.7137956327164603,1.75,,False,638850.0035928803
2021-01-11 00:00:00+00:00,717241.8963474502,1.731977179114664,1.731977179114664,1.75,,False,638878.219468039
2021-01-12 00:00:00+00:00,715302.0320547813,1.7340550039806546,1.7340550039806546,1.75,,False,638906.4365893989
2021-01-13 00:00:00+00:00,724191.0935641123,1.7256135874589442,1.7256135874589442,1.75,,False,638934.654957015
2021-01-14 00:00:00+00:00,717662.4075328147,1.7324276585578604,1.7324276585578604,1.75,,False,638962.8745709423
2021-01-15 00:00:00+00:00,711125.3086575483,1.7426756656458007,1.7426756656458007,1.75,,False,638991.0954312359
2021-01-19 00:00:00+00:00,727559.1091234135,1.7243161032044811,1.7243161032044811,1.75,,False,639019.3175379507
2021-01-20 00:00:00+00:00,756717.622903625,1.6964368714207188,1.6964368714207188,1.75,,False,639047.540891142
2021-01-21 00:00:00+00:00,765889.7514068792,1.6871635200710515,1.6871635200710515,1.75,,False,639075.7654908646
2021-01-22 00:00:00+00:00,759892.1224962622,1.6905702046447997,1.6905702046447997,1.75,,False,639103.8138161278
2021-01-25 00:00:00+00:00,773090.7859947415,1.6811030720141709,1.6811030720141709,1.75,,False,639131.8633724009
2021-01-26 00:00:00+00:00,774394.8091346876,1.6794821700021692,1.6794821700021692,1.75,,False,639159.9141597378
2021-01-27 00:00:00+00:00,740921.605864924,1.7129105961158138,1.7129105961158138,1.75,,False,639187.9661781925
2021-01-28 00:00:00+00:00,747111.1390256861,1.705810571884275,1.705810571884275,1.75,,False,639216.0194278192
2021-01-29 00:00:00+00:00,719504.7482414007,1.7321383311663585,1.7321383311663585,1.75,,False,639243.8963486664
2021-02-01 00:00:00+00:00,743217.4152711806,1.7018169642514243,1.225746146952415,1.207152162065382,1.207152162065382,True,202508.6106894001
2021-02-02 00:00:00+00:00,761225.4706921942,1.2213322889644587,1.2213322889644587,1.207152162065382,,False,202517.4985673137
2021-02-03 00:00:00+00:00,757214.7078253211,1.2224218705379464,1.2224218705379464,1.207152162065382,,False,202526.3868353064
2021-02-04 00:00:00+00:00,771426.2415301926,1.2192638386876433,1.2192638386876433,1.207152162065382,,False,202535.27549339528
2021-02-05 00:00:00+00:00,770682.5857989439,1.2183725748130696,1.2183725748130696,1.207152162065382,,False,202544.16454159748
2021-02-08 00:00:00+00:00,776320.9892119019,1.2166160653823985,1.2166160653823985,1.207152162065382,,False,202553.05397993015
2021-02-09 00:00:00+00:00,772204.8166476467,1.21668286012902,1.21668286012902,1.207152162065382,,False,202561.88754367316
2021-02-10 00:00:00+00:00,768406.1532794938,1.217296914664763,1.217296914664763,1.207152162065382,,False,202570.7777598487
2021-02-11 00:00:00+00:00,773861.9515447959,1.2158633854896743,1.2158633854896743,1.207152162065382,,False,202579.66836620594
2021-02-12 00:00:00+00:00,779177.7831158345,1.214417778092229,1.214417778092229,1.207152162065382,,False,202588.559362762
2021-02-16 00:00:00+00:00,777829.881761067,1.2151358618243766,1.2151358618243766,1.207152162065382,,False,202597.45074953404
2021-02-17 00:00:00+00:00,777461.3800083065,1.2164091349000359,1.2164091349000359,1.207152162065382,,False,202606.34252653914
2021-02-18 00:00:00+00:00,771014.2311330447,1.2175778482737996,1.2175778482737996,1.207152162065382,,False,202615.23469379448
2021-02-19 00:00:00+00:00,763247.4223418274,1.2187510380512918,1.2187510380512918,1.207152162065382,,False,202624.0709693075
2021-02-22 00:00:00+00:00,737973.9146478424,1.2258988406827813,1.2258988406827813,1.207152162065382,,False,202632.90763018033
2021-02-23 00:00:00+00:00,736060.3925971043,1.2267384839186846,1.2267384839186846,1.207152162065382,,False,202641.74467642975
2021-02-24 00:00:00+00:00,743435.0283864174,1.2244806135458932,1.2244806135458932,1.207152162065382,,False,202650.5821080726
2021-02-25 00:00:00+00:00,706686.6109600794,1.234503315369565,1.234503315369565,1.207152162065382,,False,202659.41992512564
2021-02-26 00:00:00+00:00,718321.260878653,1.2333097891208744,1.2333097891208744,1.207152162065382,,False,202668.25812760572
2021-03-01 00:00:00+00:00,747374.3243741478,1.224975545525405,1.224975545525405,1.1344890893097745,1.1344890893097745,False,202677.09671552962
2021-03-02 00:00:00+00:00,731166.7647304819,1.229496565554879,1.229496565554879,1.1344890893097745,,False,202685.93568891415
2021-03-03 00:00:00+00:00,705421.7644568324,1.2380008446433701,1.2380008446433701,1.1344890893097745,,False,202694.77504777614
2021-03-04 00:00:00+00:00,692727.5922995241,1.242936182456617,1.242936182456617,1.1344890893097745,,False,202703.6147921324
2021-03-05 00:00:00+00:00,713447.2054372765,1.2384849603576136,1.2384849603576136,1.1344890893097745,,False,202712.4549219997
2021-03-08 00:00:00+00:00,692198.1148381126,1.247165164466633,1.247165164466633,1.1344890893097745,,False,202721.29543739493
2021-03-09 00:00:00+00:00,724039.8440436904,1.2355898958739393,1.2355898958739393,1.1344890893097745,,False,202730.13633833485
2021-03-10 00:00:00+00:00,720569.19061114,1.2364365434717945,1.2364365434717945,1.1344890893097745,,False,202738.97762483626
2021-03-11 00:00:00+00:00,736255.4414090436,1.2299023261468707,1.2299023261468707,1.1344890893097745,,False,202747.81929691602
2021-03-12 00:00:00+00:00,730487.8755526805,1.232231717947305,1.232231717947305,1.1344890893097745,,False,202756.6613545909
2021-03-15 00:00:00+00:00,742270.0359014947,1.2292267001260968,1.2292267001260968,1.1344890893097745,,False,202765.50379787775
2021-03-16 00:00:00+00:00,748652.8029533373,1.2277026628206926,1.2277026628206926,1.1344890893097745,,False,202774.34662679338
2021-03-17 00:00:00+00:00,751797.8843189472,1.2265695026949806,1.2265695026949806,1.1344890893097745,,False,202783.18984135462
2021-03-18 00:00:00+00:00,722270.94118867,1.2354268233005323,1.2354268233005323,1.1344890893097745,,False,202792.03344157824
2021-03-19 00:00:00+00:00,726444.6300795751,1.2344185723118162,1.2344185723118162,1.1344890893097745,,False,202800.87742748111
2021-03-22 00:00:00+00:00,741517.7844853126,1.2280788700600642,1.2280788700600642,1.1344890893097745,,False,201799.39923660184
2021-03-23 00:00:00+00:00,741265.0416612433,1.2293197193502547,1.2293197193502547,1.1344890893097745,,False,201808.1999326241
2021-03-24 00:00:00+00:00,728404.6555142873,1.234187430236476,1.234187430236476,1.1344890893097745,,False,201817.00101245448
2021-03-25 00:00:00+00:00,730173.3180892644,1.2347016019806507,1.2347016019806507,1.1344890893097745,,False,201825.80247610973
2021-03-26 00:00:00+00:00,742365.4819911168,1.2304461546356589,1.2304461546356589,1.1344890893097745,,False,201834.60432360662
2021-03-29 00:00:00+00:00,743294.9082895116,1.2305393092923533,1.2305393092923533,1.1344890893097745,,False,201843.40655496184
2021-03-30 00:00:00+00:00,742149.2593253719,1.2319884903607448,1.2319884903607448,1.1344890893097745,,False,201852.20917019216
2021-03-31 00:00:00+00:00,754910.0462520791,1.2277079433214915,1.2277079433214915,1.1344890893097745,,False,201861.01216931432
2021-04-01 00:00:00+00:00,759967.5283719163,1.2230519924519947,0.8738452790550265,0.863802935221712,0.863802935221712,True,0.0
2021-04-05 00:00:00+00:00,770738.1020659683,0.8760084554043764,0.8760084554043764,0.863802935221712,,False,0.0
2021-04-06 00:00:00+00:00,767539.4523726567,0.8759329527668698,0.8759329527668698,0.863802935221712,,False,0.0
2021-04-07 00:00:00+00:00,766707.0139381822,0.8761951933875985,0.8761951933875985,0.863802935221712,,False,0.0
2021-04-08 00:00:00+00:00,772806.2036619858,0.8773167480966434,0.8773167480966434,0.863802935221712,,False,0.0
2021-04-09 00:00:00+00:00,777370.7960676624,0.8779653628483147,0.8779653628483147,0.863802935221712,,False,0.0
2021-04-12 00:00:00+00:00,775827.9190346119,0.8778253680920857,0.8778253680920857,0.863802935221712,,False,0.0
2021-04-13 00:00:00+00:00,781677.0508751423,0.8790645895217004,0.8790645895217004,0.863802935221712,,False,0.0
2021-04-14 00:00:00+00:00,771164.9510349679,0.877774376816775,0.877774376816775,0.863802935221712,,False,0.0
2021-04-15 00:00:00+00:00,782076.9850882717,0.8793790104692395,0.8793790104692395,0.863802935221712,,False,0.0
2021-04-16 00:00:00+00:00,781836.743552258,0.8795030922273853,0.8795030922273853,0.863802935221712,,False,0.0
2021-04-19 00:00:00+00:00,772448.7625130621,0.8785253389854165,0.8785253389854165,0.863802935221712,,False,0.0
2021-04-20 00:00:00+00:00,766419.2892613295,0.8777424844327798,0.8777424844327798,0.863802935221712,,False,0.0
2021-04-21 00:00:00+00:00,772948.4931089996,0.8786543184021864,0.8786543184021864,0.863802935221712,,False,0.0
2021-04-22 00:00:00+00:00,766098.570668912,0.8773552897875049,0.8773552897875049,0.863802935221712,,False,0.0
2021-04-23 00:00:00+00:00,770902.3584370533,0.8786951583122181,0.8786951583122181,0.863802935221712,,False,0.0
2021-04-26 00:00:00+00:00,774414.5698534126,0.8793852263109926,0.8793852263109926,0.863802935221712,,False,0.0
2021-04-27 00:00:00+00:00,771719.7737807168,0.8789239657905742,0.8789239657905742,0.863802935221712,,False,0.0
2021-04-28 00:00:00+00:00,768218.2148232738,0.8785631155567672,0.8785631155567672,0.863802935221712,,False,0.0
2021-04-29 00:00:00+00:00,769883.5152915819,0.8789458637653381,0.8789458637653381,0.863802935221712,,False,0.0
2021-04-30 00:00:00+00:00,770538.3614859825,0.8782444113868861,0.8782444113868861,0.863802935221712,,False,0.0
2021-05-03 00:00:00+00:00,763916.925871518,0.8776722664679855,1.6468764007857437,1.64435115006499,1.64435115006499,True,595907.3408143845
2021-05-04 00:00:00+00:00,744031.9592333805,1.6666813959933762,1.6666813959933762,1.64435115006499,,False,595933.1634658198
2021-05-05 00:00:00+00:00,740519.0669022261,1.670486938776579,1.670486938776579,1.64435115006499,,False,595958.9872362367
2021-05-06 00:00:00+00:00,746958.8214283256,1.6621974858312734,1.6621974858312734,1.64435115006499,,False,595984.8121256836
2021-05-07 00:00:00+00:00,749793.6317593837,1.6534316264262707,1.6534316264262707,1.64435115006499,,False,596010.6381342091
2021-05-10 00:00:00+00:00,718168.5903712501,1.681955199960965,1.681955199960965,1.64435115006499,,False,596036.4652618616
2021-05-11 00:00:00+00:00,716537.5867775795,1.6835932751420848,1.6835932751420848,1.64435115006499,,False,596062.2935086896
2021-05-12 00:00:00+00:00,690684.2389507599,1.714792112040199,1.714792112040199,1.64435115006499,,False,596088.1228747417
2021-05-13 00:00:00+00:00,700051.5991072357,1.7054917922178614,1.7054917922178614,1.64435115006499,,False,596113.9533600663
2021-05-14 00:00:00+00:00,722140.5644775014,1.6799420595023102,1.6799420595023102,1.64435115006499,,False,596139.7849647119
2021-05-17 00:00:00+00:00,713936.5603576186,1.6869930442459198,1.6869930442459198,1.64435115006499,,False,596165.617688727
2021-05-18 00:00:00+00:00,703008.5188057751,1.6949579792220477,1.6949579792220477,1.64435115006499,,False,596191.4515321602
2021-05-19 00:00:00+00:00,703606.030326732,1.693658937954268,1.693658937954268,1.64435115006499,,False,596217.2864950598
2021-05-20 00:00:00+00:00,726100.86825545,1.6717034188624733,1.6717034188624733,1.64435115006499,,False,596243.1225774747
2021-05-21 00:00:00+00:00,722137.8865945739,1.6780256150506796,1.6780256150506796,1.64435115006499,,False,596268.959779453
2021-05-24 00:00:00+00:00,740551.4894579456,1.6594624883789608,1.6594624883789608,1.64435115006499,,False,596294.7981010434
2021-05-25 00:00:00+00:00,740834.8885246157,1.657999308758663,1.657999308758663,1.64435115006499,,False,596320.6375422945
2021-05-26 00:00:00+00:00,746863.4817010333,1.6542673299730637,1.6542673299730637,1.64435115006499,,False,596346.4781032546
2021-05-27 00:00:00+00:00,742828.8609615966,1.6583889269690575,1.6583889269690575,1.64435115006499,,False,596372.3197839723
2021-05-28 00:00:00+00:00,746693.389673186,1.6550098025514985,1.6550098025514985,1.64435115006499,,False,596398.1625844963
2021-06-01 00:00:00+00:00,732510.9041198993,1.6586801529403288,1.2322081876776378,1.2202102381846778,1.2202102381846778,True,208213.32561069267
2021-06-02 00:00:00+00:00,735949.7205998043,1.2316630863598186,1.2316630863598186,1.2202102381846778,,False,208222.3481881358
2021-06-03 00:00:00+00:00,731964.0545350926,1.234683266833037,1.234683266833037,1.2202102381846778,,False,208231.3711565573
2021-06-04 00:00:00+00:00,744162.0271552745,1.2298792918699575,1.2298792918699575,1.2202102381846778,,False,208240.39451597407
2021-06-07 00:00:00+00:00,745228.8229680592,1.2290521236159626,1.2290521236159626,1.2202102381846778,,False,208249.41826640308
2021-06-08 00:00:00+00:00,746881.2088467361,1.2289305726778352,1.2289305726778352,1.2202102381846778,,False,208258.4424078613
2021-06-09 00:00:00+00:00,746846.5392607504,1.2288759561999352,1.2288759561999352,1.2202102381846778,,False,208267.46694036564
2021-06-10 00:00:00+00:00,757086.3064618808,1.2259941726532455,1.2259941726532455,1.2202102381846778,,False,208276.49186393307
2021-06-11 00:00:00+00:00,764025.0080509415,1.225283942590192,1.225283942590192,1.2202102381846778,,False,208285.5171785805
2021-06-14 00:00:00+00:00,771394.7639722812,1.2226812453484521,1.2226812453484521,1.2202102381846778,,False,208294.5428843249
2021-06-15 00:00:00+00:00,765606.289138946,1.2244856574596426,1.2244856574596426,1.2202102381846778,,False,208303.56898118323
2021-06-16 00:00:00+00:00,762237.8957044572,1.2255060552891428,1.2255060552891428,1.2202102381846778,,False,208312.5954691724
2021-06-17 00:00:00+00:00,787609.4039188907,1.2220625034185515,1.2220625034185515,1.2202102381846778,,False,208321.6223483094
2021-06-18 00:00:00+00:00,782611.0195446899,1.2242248819234005,1.2242248819234005,1.2202102381846778,,False,208330.88108708043
2021-06-21 00:00:00+00:00,785824.2554086562,1.2215679002248454,1.2215679002248454,1.2202102381846778,,False,207351.68404500687
2021-06-22 00:00:00+00:00,794698.0414523911,1.2190851616139056,1.2190851616139056,1.2202102381846778,,False,207360.89967540887
2021-06-23 00:00:00+00:00,792502.4706739546,1.2189664815032446,1.2189664815032446,1.2202102381846778,,False,207370.11571539444
2021-06-24 00:00:00+00:00,800007.3648884186,1.217340302491726,1.217340302491726,1.2202102381846778,,False,207379.33216498178
2021-06-25 00:00:00+00:00,797932.9956762204,1.2176777411828459,1.2176777411828459,1.2202102381846778,,False,207388.54902418912
2021-06-28 00:00:00+00:00,809877.4719875857,1.2145127851135757,1.2145127851135757,1.2202102381846778,,False,207397.76629303466
2021-06-29 00:00:00+00:00,815683.9874300614,1.213585634698248,1.213585634698248,1.2202102381846778,,False,207406.98397153657
2021-06-30 00:00:00+00:00,818031.3266944477,1.2140068609574168,1.2140068609574168,1.2202102381846778,,False,207416.20205971308
2021-07-01 00:00:00+00:00,816917.9289003365,1.2139156722815347,1.7518783090110615,1.75,1.75,True,728284.0581238358
2021-07-02 00:00:00+00:00,833951.2912959337,1.7371135149732788,1.7371135149732788,1.75,,False,728316.4263041969
2021-07-06 00:00:00+00:00,842460.2766081404,1.731677149296571,1.731677149296571,1.75,,False,728348.7959231437
2021-07-07 00:00:00+00:00,846442.3891291113,1.7290694436117042,1.7290694436117042,1.75,,False,728381.1669807404
2021-07-08 00:00:00+00:00,834958.115701096,1.7368203584143278,1.7368203584143278,1.75,,False,728413.5394770507
2021-07-09 00:00:00+00:00,842490.8036401221,1.7289719817305227,1.7289719817305227,1.75,,False,728445.9134121385
2021-07-12 00:00:00+00:00,848367.3235897596,1.7241378267022092,1.7241378267022092,1.75,,False,728478.2887860679
2021-07-13 00:00:00+00:00,851571.6545330585,1.7241933179734135,1.7241933179734135,1.75,,False,728510.6655989029
2021-07-14 00:00:00+00:00,853238.5951553419,1.722016045778102,1.722016045778102,1.75,,False,728543.0438507072
2021-07-15 00:00:00+00:00,844319.5724978738,1.730911645723936,1.730911645723936,1.75,,False,728575.423541545
2021-07-16 00:00:00+00:00,832173.4388799482,1.7413615728643983,1.7413615728643983,1.75,,False,728607.8046714802
2021-07-19 00:00:00+00:00,820689.655283997,1.752150867071971,1.752150867071971,1.75,,False,728640.1872405767
2021-07-20 00:00:00+00:00,839357.3257747646,1.737204096524392,1.737204096524392,1.75,,False,728672.5712488985
2021-07-21 00:00:00+00:00,848929.0909220659,1.7275035323523786,1.7275035323523786,1.75,,False,728704.9566965096
2021-07-22 00:00:00+00:00,860638.1755875985,1.7193447182573434,1.7193447182573434,1.75,,False,728737.3435834739
2021-07-23 00:00:00+00:00,878636.5854842324,1.7052397680006848,1.7052397680006848,1.75,,False,728769.7319098554
2021-07-26 00:00:00+00:00,876138.761485496,1.7043472708452587,1.7043472708452587,1.75,,False,728802.121675718
2021-07-27 00:00:00+00:00,858132.9736331375,1.717881704772092,1.717881704772092,1.75,,False,728834.5128811258
2021-07-28 00:00:00+00:00,865377.956763832,1.713229471230092,1.713229471230092,1.75,,False,728866.9055261427
2021-07-29 00:00:00+00:00,862361.8765703938,1.711118960077665,1.711118960077665,1.75,,False,728899.2996108327
2021-07-30 00:00:00+00:00,856228.9463461376,1.7175725066084777,1.7175725066084777,1.75,,False,728931.6951352599
2021-08-02 00:00:00+00:00,855674.0510349844,1.717524846489052,1.717524846489052,1.75,1.75,False,728963.4846564089
2021-08-03 00:00:00+00:00,865575.5081694162,1.710185902668278,1.710185902668278,1.75,,False,728995.8830335047
2021-08-04 00:00:00+00:00,869006.0528874109,1.7084891351937985,1.7084891351937985,1.75,,False,729028.2828505284
2021-08-05 00:00:00+00:00,878618.5827160768,1.7009466408411527,1.7009466408411527,1.75,,False,729060.6841075439
2021-08-06 00:00:00+00:00,877751.1652005465,1.706264399920534,1.706264399920534,1.75,,False,729093.0868046153
2021-08-09 00:00:00+00:00,881390.0766524388,1.7040981795832781,1.7040981795832781,1.75,,False,729125.4909418067
2021-08-10 00:00:00+00:00,875676.1218412915,1.7103565003134262,1.7103565003134262,1.75,,False,729157.8965191819
2021-08-11 00:00:00+00:00,871960.5190295655,1.7125034296205681,1.7125034296205681,1.75,,False,729190.303536805
2021-08-12 00:00:00+00:00,877390.0418425344,1.7081860777641515,1.7081860777641515,1.75,,False,729222.71199474
2021-08-13 00:00:00+00:00,878133.4988279853,1.704018674720757,1.704018674720757,1.75,,False,729255.1218930508
2021-08-16 00:00:00+00:00,880247.6312291434,1.7035518794886313,1.7035518794886313,1.75,,False,729287.5332318017
2021-08-17 00:00:00+00:00,871600.9260644485,1.7143239121173597,1.7143239121173597,1.75,,False,729319.9460110564
2021-08-18 00:00:00+00:00,858071.0786422712,1.726363536817289,1.726363536817289,1.75,,False,729352.3602308792
2021-08-19 00:00:00+00:00,865866.5231591513,1.7204099044349155,1.7204099044349155,1.75,,False,729384.573293456
2021-08-20 00:00:00+00:00,881495.3782344272,1.7078499468269515,1.7078499468269515,1.75,,False,729416.7877787765
2021-08-23 00:00:00+00:00,900748.227165498,1.6902707411340336,1.6902707411340336,1.75,,False,729449.0036869034
2021-08-24 00:00:00+00:00,904291.9690857204,1.686776531291091,1.686776531291091,1.75,,False,729481.2210178996
2021-08-25 00:00:00+00:00,905091.8439532345,1.6854995753123385,1.6854995753123385,1.75,,False,729513.4397718279
2021-08-26 00:00:00+00:00,895148.9429550264,1.6929675929788102,1.6929675929788102,1.75,,False,729545.6599487511
2021-08-27 00:00:00+00:00,907306.2984737259,1.6817993925073293,1.6817993925073293,1.75,,False,729577.8815487322
2021-08-30 00:00:00+00:00,924324.8323167695,1.669218831808419,1.669218831808419,1.75,,False,729609.9019113112
2021-08-31 00:00:00+00:00,922648.7537655695,1.6701798607150042,1.6701798607150042,1.75,,False,729641.9236792284
2021-09-01 00:00:00+00:00,921273.2889410768,1.6683774187934142,1.6683774187934142,1.75,1.75,False,729673.5414959212
2021-09-02 00:00:00+00:00,919898.3071467513,1.6689542131677892,1.6689542131677892,1.75,,False,729705.566056909
2021-09-03 00:00:00+00:00,922570.5529937712,1.6655864739520616,1.6655864739520616,1.75,,False,729737.5920234193
2021-09-07 00:00:00+00:00,927449.6147053883,1.6640698378082033,1.6640698378082033,1.75,,False,729769.6193955137
2021-09-08 00:00:00+00:00,924469.419996215,1.6679874517173212,1.6679874517173212,1.75,,False,729801.6481732538
2021-09-09 00:00:00+00:00,918437.9257595361,1.6718920373028139,1.6718920373028139,1.75,,False,729833.6783567014
2021-09-10 00:00:00+00:00,907217.1182543732,1.6805773740056302,1.6805773740056302,1.75,,False,729865.7099459182
2021-09-13 00:00:00+00:00,907058.1471080587,1.681418263786662,1.681418263786662,1.75,,False,729897.7429409658
2021-09-14 00:00:00+00:00,901549.5847068325,1.6847421186698954,1.6847421186698954,1.75,,False,729929.777341906
2021-09-15 00:00:00+00:00,913819.7355918465,1.6763211026554545,1.6763211026554545,1.75,,False,729961.8131488004
2021-09-16 00:00:00+00:00,918501.197779803,1.6755919385055622,1.6755919385055622,1.75,,False,729993.8503617108
2021-09-17 00:00:00+00:00,902550.1126771223,1.6893199584700622,1.6893199584700622,1.75,,False,730025.8889806989
2021-09-20 00:00:00+00:00,871001.5913728104,1.7131690767031018,1.7131690767031018,1.75,,False,728571.9359118534
2021-09-21 00:00:00+00:00,873182.6303798642,1.7117223450203234,1.7117223450203234,1.75,,False,728603.9121245963
2021-09-22 00:00:00+00:00,885982.5050423838,1.7005744753413568,1.7005744753413568,1.75,,False,728635.8897407396
2021-09-23 00:00:00+00:00,900164.0419860565,1.689802660126096,1.689802660126096,1.75,,False,728667.8687603449
2021-09-24 00:00:00+00:00,903103.2338707576,1.6887617000009683,1.6887617000009683,1.75,,False,728699.8491834739
2021-09-27 00:00:00+00:00,891891.8518793246,1.698225088615003,1.698225088615003,1.75,,False,728731.831010188
2021-09-28 00:00:00+00:00,850530.3922689637,1.7335284104672062,1.7335284104672062,1.75,,False,728763.814240549
2021-09-29 00:00:00+00:00,853125.17906696,1.7356751279439966,1.7356751279439966,1.75,,False,728795.7988746185
2021-09-30 00:00:00+00:00,850219.9805782,1.7404531424768117,1.7404531424768117,1.75,,False,728827.784912458
2021-10-01 00:00:00+00:00,857813.921802433,1.7326010640095069,1.7326010640095069,1.7034313588047847,1.7034313588047847,False,728859.3674498042
2021-10-04 00:00:00+00:00,824883.7617830811,1.7603073249345176,1.7603073249345176,1.7034313588047847,,False,728891.3562775978
2021-10-05 00:00:00+00:00,845403.0545979826,1.7427167809608417,1.7427167809608417,1.7034313588047847,,False,728923.3465093456
2021-10-06 00:00:00+00:00,859480.2992572092,1.734570428642744,1.734570428642744,1.7034313588047847,,False,728955.338145109
2021-10-07 00:00:00+00:00,871998.1536023035,1.7231177372346511,1.7231177372346511,1.7034313588047847,,False,728987.3311849498
2021-10-08 00:00:00+00:00,863656.042024196,1.729440379163827,1.729440379163827,1.7034313588047847,,False,729019.3256289297
2021-10-11 00:00:00+00:00,852172.608873164,1.739302382602894,1.739302382602894,1.7034313588047847,,False,729051.32147711
2021-10-12 00:00:00+00:00,849250.4002280252,1.743871569663994,1.743871569663994,1.7034313588047847,,False,729083.3187295527
2021-10-13 00:00:00+00:00,859072.6368865633,1.7336823237825958,1.7336823237825958,1.7034313588047847,,False,729115.3173863192
2021-10-14 00:00:00+00:00,884714.994827516,1.7110350154840246,1.7110350154840246,1.7034313588047847,,False,729147.3174474711
2021-10-15 00:00:00+00:00,893993.7482121666,1.70350398989168,1.70350398989168,1.7034313588047847,,False,729179.3189130701
2021-10-18 00:00:00+00:00,908105.4803405551,1.6917071981267608,1.6917071981267608,1.7034313588047847,,False,729211.321783178
2021-10-19 00:00:00+00:00,917884.8511269835,1.6830144116435797,1.6830144116435797,1.7034313588047847,,False,729243.3260578563
2021-10-20 00:00:00+00:00,914976.0838492535,1.6845684561412264,1.6845684561412264,1.7034313588047847,,False,729275.3317371666
2021-10-21 00:00:00+00:00,924361.4535478657,1.677647529689082,1.677647529689082,1.7034313588047847,,False,729307.3388211706
2021-10-22 00:00:00+00:00,912165.6682141514,1.6873873383067344,1.6873873383067344,1.7034313588047847,,False,729339.34730993
2021-10-25 00:00:00+00:00,929734.406213378,1.6757639039969139,1.6757639039969139,1.7034313588047847,,False,729371.3572035064
2021-10-26 00:00:00+00:00,936144.7652866417,1.6722662604017158,1.6722662604017158,1.7034313588047847,,False,729403.3685019615
2021-10-27 00:00:00+00:00,938940.7791810725,1.6697159378207274,1.6697159378207274,1.7034313588047847,,False,729435.3812053568
2021-10-28 00:00:00+00:00,949367.052975561,1.6575715463437626,1.6575715463437626,1.7034313588047847,,False,729467.3953137541
2021-10-29 00:00:00+00:00,968099.4505682605,1.652300620440182,1.652300620440182,1.7034313588047847,,False,729499.4108272151
2021-11-01 00:00:00+00:00,970264.8359899282,1.6486832548740835,1.6486832548740835,1.727178954628434,1.727178954628434,False,729531.2251070761
2021-11-02 00:00:00+00:00,977769.5683962202,1.6442884818888612,1.6442884818888612,1.727178954628434,,False,729563.2434219558
2021-11-03 00:00:00+00:00,994551.3846599153,1.633280667766222,1.633280667766222,1.727178954628434,,False,729595.2631420838
2021-11-04 00:00:00+00:00,1018687.6938950884,1.6203380964609149,1.6203380964609149,1.727178954628434,,False,729627.2842675217
2021-11-05 00:00:00+00:00,1019528.6644397731,1.6194244193793317,1.6194244193793317,1.727178954628434,,False,729659.3067983312
2021-11-08 00:00:00+00:00,1014104.4160893171,1.6208305457077419,1.6208305457077419,1.727178954628434,,False,729691.330734574
2021-11-09 00:00:00+00:00,1002849.1917175901,1.6278800080424183,1.6278800080424183,1.727178954628434,,False,729723.3560763118
2021-11-10 00:00:00+00:00,984947.7938397465,1.643316556340747,1.643316556340747,1.727178954628434,,False,729755.3828236063
2021-11-11 00:00:00+00:00,989407.7914222344,1.6404447568132203,1.6404447568132203,1.727178954628434,,False,729787.4109765191
2021-11-12 00:00:00+00:00,1012967.4620379566,1.6296222026166942,1.6296222026166942,1.727178954628434,,False,729819.4405351119
2021-11-15 00:00:00+00:00,1014513.4267443068,1.6299013763354617,1.6299013763354617,1.727178954628434,,False,729851.4714994465
2021-11-16 00:00:00+00:00,1034229.2460398435,1.6227186100104245,1.6227186100104245,1.727178954628434,,False,729883.5038695845
2021-11-17 00:00:00+00:00,1036093.4016520494,1.6222294324365898,1.6222294324365898,1.727178954628434,,False,729915.5376455877
2021-11-18 00:00:00+00:00,1050141.2360556216,1.6119868524794443,1.6119868524794443,1.727178954628434,,False,729947.5728275178
2021-11-19 00:00:00+00:00,1063296.1127543335,1.6065782214050508,1.6065782214050508,1.727178954628434,,False,729979.6094154363
2021-11-22 00:00:00+00:00,1048810.8841900977,1.6181504834126137,1.6181504834126137,1.727178954628434,,False,730011.6474094051
2021-11-23 00:00:00+00:00,1040584.9607961919,1.622787817597864,1.622787817597864,1.727178954628434,,False,730043.6868094859
2021-11-24 00:00:00+00:00,1052440.8223767448,1.6195941874338036,1.6195941874338036,1.727178954628434,,False,730075.7276157403
2021-11-26 00:00:00+00:00,1010529.1212052221,1.6392678063693733,1.6392678063693733,1.727178954628434,,False,730107.76982823
2021-11-29 00:00:00+00:00,1050261.4549513794,1.6173502737642897,1.6173502737642897,1.727178954628434,,False,730139.813447017
2021-11-30 00:00:00+00:00,1022924.3512773642,1.6324162904354012,1.6324162904354012,1.727178954628434,,False,730171.8584721627
2021-12-01 00:00:00+00:00,991325.5373297257,1.6505283518081686,1.6505283518081686,1.6119653091665422,1.6119653091665422,False,730203.7020782128
2021-12-02 00:00:00+00:00,1004597.8247811857,1.642927313290439,1.642927313290439,1.6119653091665422,,False,730235.7499073595
2021-12-03 00:00:00+00:00,975697.2810372539,1.6618830453840632,1.6618830453840632,1.6119653091665422,,False,730267.7991430499
2021-12-06 00:00:00+00:00,990940.3452396295,1.653232231322837,1.653232231322837,1.6119653091665422,,False,730299.8497853456
2021-12-07 00:00:00+00:00,1043483.2923838998,1.6222975292155182,1.6222975292155182,1.6119653091665422,,False,730331.9018343084
2021-12-08 00:00:00+00:00,1043329.5112301814,1.617856941381715,1.617856941381715,1.6119653091665422,,False,730363.9552900001
2021-12-09 00:00:00+00:00,1022525.3509053226,1.6329694430461164,1.6329694430461164,1.6119653091665422,,False,730396.0101524822
2021-12-10 00:00:00+00:00,1038163.9415023649,1.6219738352980888,1.6219738352980888,1.6119653091665422,,False,730428.0664218167
2021-12-13 00:00:00+00:00,1015065.1463286417,1.6369436707179996,1.6369436707179996,1.6119653091665422,,False,730460.1240980652
2021-12-14 00:00:00+00:00,1000584.1645826547,1.6479681411676754,1.6479681411676754,1.6119653091665422,,False,730492.1831812895
2021-12-15 00:00:00+00:00,1038700.2872192072,1.6245503026041404,1.6245503026041404,1.6119653091665422,,False,730524.2436715513
2021-12-16 00:00:00+00:00,991056.0458849911,1.6518253916355514,1.6518253916355514,1.6119653091665422,,False,730556.3055689125
2021-12-17 00:00:00+00:00,985649.2386289412,1.6572896332578166,1.6572896332578166,1.6119653091665422,,False,730588.3688734347
2021-12-20 00:00:00+00:00,967472.8655353569,1.6668107567726829,1.6668107567726829,1.6119653091665422,,False,728858.060133149
2021-12-21 00:00:00+00:00,1005849.7856057052,1.6428770368509278,1.6428770368509278,1.6119653091665422,,False,728890.048903566
2021-12-22 00:00:00+00:00,1021235.1757044855,1.630311825788601,1.630311825788601,1.6119653091665422,,False,728922.0390779345
2021-12-23 00:00:00+00:00,1034124.1821707203,1.6227030902126525,1.6227030902126525,1.6119653091665422,,False,728954.0306563162
2021-12-27 00:00:00+00:00,1060986.3747049472,1.6064818640820724,1.6064818640820724,1.6119653091665422,,False,728986.0236387728
2021-12-28 00:00:00+00:00,1054454.5586179076,1.6110745816864431,1.6110745816864431,1.6119653091665422,,False,729018.0180253658
2021-12-29 00:00:00+00:00,1052033.831780588,1.611264915658171,1.611264915658171,1.6119653091665422,,False,729050.0138161569
2021-12-30 00:00:00+00:00,1048697.5411258386,1.6142659518765659,1.6142659518765659,1.6119653091665422,,False,729082.0110112077
2021-12-31 00:00:00+00:00,1038098.0392136542,1.620565150211917,1.620565150211917,1.6119653091665422,,False,729114.0096105798
2022-01-03 00:00:00+00:00,1015868.7991310629,1.611075539038519,1.0971791675814495,1.054604532453837,1.054604532453837,True,111456.32994255016
2022-01-04 00:00:00+00:00,1000875.7634320053,1.0985868390463083,1.0985868390463083,1.054604532453837,,False,111461.22163703098
2022-01-05 00:00:00+00:00,963764.639810243,1.102035276661533,1.102035276661533,1.054604532453837,,False,111466.11354620282
2022-01-06 00:00:00+00:00,965398.7947512718,1.1021192872171324,1.1021192872171324,1.054604532453837,,False,111471.00567007513
2022-01-07 00:00:00+00:00,949585.4710870746,1.1033582277549714,1.1033582277549714,1.054604532453837,,False,111475.89800865731
2022-01-10 00:00:00+00:00,952787.3223320727,1.1032882286797876,1.1032882286797876,1.054604532453837,,False,111480.7905619588
2022-01-11 00:00:00+00:00,965590.7666873431,1.1016091899771818,1.1016091899771818,1.054604532453837,,False,111485.68332998901
2022-01-12 00:00:00+00:00,964035.547152273,1.1011721286491858,1.1011721286491858,1.054604532453837,,False,111490.57631275739
2022-01-13 00:00:00+00:00,934776.3114921291,1.1040431147055294,1.1040431147055294,1.054604532453837,,False,111495.46951027334
2022-01-14 00:00:00+00:00,945316.8964155851,1.103338223745973,1.103338223745973,1.054604532453837,,False,111500.3629225463
2022-01-18 00:00:00+00:00,925673.7043657479,1.1062619000353449,1.1062619000353449,1.054604532453837,,False,111505.25654958567
2022-01-19 00:00:00+00:00,913615.8155263835,1.1075741723251193,1.1075741723251193,1.054604532453837,,False,111510.1503914009
2022-01-20 00:00:00+00:00,901262.86215581,1.1091496000985754,1.1091496000985754,1.054604532453837,,False,111515.04444800141
2022-01-21 00:00:00+00:00,872770.1195928158,1.1126185350412425,1.1126185350412425,1.054604532453837,,False,111519.93871939662
2022-01-24 00:00:00+00:00,880003.361376826,1.1120532987808895,1.1120532987808895,1.054604532453837,,False,111524.83320559598
2022-01-25 00:00:00+00:00,859364.9642300372,1.1150239852929036,1.1150239852929036,1.054604532453837,,False,111529.7279066089
2022-01-26 00:00:00+00:00,858165.5870934037,1.1152306498714832,1.1152306498714832,1.054604532453837,,False,111534.6228224448
2022-01-27 00:00:00+00:00,859033.6098107923,1.1165452111450098,1.1165452111450098,1.054604532453837,,False,111539.51795311311
2022-01-28 00:00:00+00:00,887603.1023673104,1.1126068519377899,1.1126068519377899,1.054604532453837,,False,111544.41329862327
2022-01-31 00:00:00+00:00,914916.0382165451,1.1087433114516023,1.1087433114516023,1.054604532453837,,False,111549.30885898472
2022-02-01 00:00:00+00:00,919598.6468666695,1.1079344168170622,1.1079344168170622,0.9915999268879496,0.9915999268879496,False,111554.20463420686
2022-02-02 00:00:00+00:00,922945.7143325846,1.1069766116934694,1.1069766116934694,0.9915999268879496,,False,111559.10062429914
2022-02-03 00:00:00+00:00,871796.7889049358,1.112008915133409,1.112008915133409,0.9915999268879496,,False,111563.99682927098
2022-02-04 00:00:00+00:00,881706.8275593579,1.110464778897967,1.110464778897967,0.9915999268879496,,False,111568.89324913183
2022-02-07 00:00:00+00:00,875431.0591427612,1.1114659050413245,1.1114659050413245,0.9915999268879496,,False,111573.78988389109
2022-02-08 00:00:00+00:00,887756.4028884466,1.110096489672011,1.110096489672011,0.9915999268879496,,False,111578.68673355822
2022-02-09 00:00:00+00:00,907125.7228857604,1.1075713588442373,1.1075713588442373,0.9915999268879496,,False,111583.58379814264
2022-02-10 00:00:00+00:00,880378.9450937157,1.1103425706464836,1.1103425706464836,0.9915999268879496,,False,111588.48107765379
2022-02-11 00:00:00+00:00,855547.8638320182,1.1143765273267043,1.1143765273267043,0.9915999268879496,,False,111593.3785721011
2022-02-14 00:00:00+00:00,864150.8540737396,1.114224414873616,1.114224414873616,0.9915999268879496,,False,111598.27628149398
2022-02-15 00:00:00+00:00,883632.1936314165,1.1111506508267175,1.1111506508267175,0.9915999268879496,,False,111603.17420584189
2022-02-16 00:00:00+00:00,881982.6248956056,1.1111872923325954,1.1111872923325954,0.9915999268879496,,False,111608.07234515426
2022-02-17 00:00:00+00:00,854103.7251613108,1.1149933765670867,1.1149933765670867,0.9915999268879496,,False,111612.97069944051
2022-02-18 00:00:00+00:00,845992.2678069897,1.1164802874121484,1.1164802874121484,0.9915999268879496,,False,111617.8692687101
2022-02-22 00:00:00+00:00,835395.0442430385,1.1178070417370864,1.1178070417370864,0.9915999268879496,,False,111622.76805297245
2022-02-23 00:00:00+00:00,813335.4814537974,1.1212855860152064,1.1212855860152064,0.9915999268879496,,False,111627.667052237
2022-02-24 00:00:00+00:00,856235.6600145927,1.1168872005394563,1.1168872005394563,0.9915999268879496,,False,111632.56626651318
2022-02-25 00:00:00+00:00,862784.2935372475,1.1149028444818023,1.1149028444818023,0.9915999268879496,,False,111637.46569581043
2022-02-28 00:00:00+00:00,868498.9714833589,1.114528101793744,1.114528101793744,0.9915999268879496,,False,111642.36534013819
2022-03-01 00:00:00+00:00,853686.9938477242,1.1165221646463568,0.7000995285891586,0.6925629340300988,0.6925629340300988,True,0.0
2022-03-02 00:00:00+00:00,863793.290830371,0.7035816376186074,0.7035816376186074,0.6925629340300988,,False,0.0
2022-03-03 00:00:00+00:00,858902.5446723336,0.7005722177479107,0.7005722177479107,0.6925629340300988,,False,0.0
2022-03-04 00:00:00+00:00,861168.0667802173,0.6975010451000385,0.6975010451000385,0.6925629340300988,,False,0.0
2022-03-07 00:00:00+00:00,843032.2260484126,0.6895139077240114,0.6895139077240114,0.6925629340300988,,False,0.0
2022-03-08 00:00:00+00:00,838708.5593702844,0.6885156238483268,0.6885156238483268,0.6925629340300988,,False,0.0
2022-03-09 00:00:00+00:00,844898.1597284185,0.6960491225192732,0.6960491225192732,0.6925629340300988,,False,0.0
2022-03-10 00:00:00+00:00,843089.8623945427,0.6936814345797774,0.6936814345797774,0.6925629340300988,,False,0.0
2022-03-11 00:00:00+00:00,836279.7250439267,0.6892104746285969,0.6892104746285969,0.6925629340300988,,False,0.0
2022-03-14 00:00:00+00:00,822053.8709963982,0.6850416770654714,0.6850416770654714,0.6925629340300988,,False,0.0
2022-03-15 00:00:00+00:00,840100.4108059691,0.691667005915529,0.691667005915529,0.6925629340300988,,False,0.0
2022-03-16 00:00:00+00:00,859926.4652151077,0.6993784519397627,0.6993784519397627,0.6925629340300988,,False,0.0
2022-03-17 00:00:00+00:00,858308.8899008541,0.7019023973085549,0.7019023973085549,0.6925629340300988,,False,0.0
2022-03-18 00:00:00+00:00,875842.8263041198,0.7061243667451568,0.7061243667451568,0.6925629340300988,,False,0.0
2022-03-21 00:00:00+00:00,873618.2058222627,0.7048273595263342,0.7048273595263342,0.6925629340300988,,False,0.0
2022-03-22 00:00:00+00:00,887808.6746274495,0.708860151942334,0.708860151942334,0.6925629340300988,,False,0.0
2022-03-23 00:00:00+00:00,880441.7959368563,0.7058636992494367,0.7058636992494367,0.6925629340300988,,False,0.0
2022-03-24 00:00:00+00:00,893848.7858965644,0.7104071208105465,0.7104071208105465,0.6925629340300988,,False,0.0
2022-03-25 00:00:00+00:00,895026.8848753832,0.710235418503201,0.710235418503201,0.6925629340300988,,False,0.0
2022-03-28 00:00:00+00:00,905521.8207485348,0.7133850382742575,0.7133850382742575,0.6925629340300988,,False,0.0
2022-03-29 00:00:00+00:00,906155.1596461589,0.7168611778630796,0.7168611778630796,0.6925629340300988,,False,0.0
2022-03-30 00:00:00+00:00,894228.6989959553,0.7146013507887283,0.7146013507887283,0.6925629340300988,,False,0.0
2022-03-31 00:00:00+00:00,891901.10251875,0.712050898269966,0.712050898269966,0.6925629340300988,,False,0.0
2022-04-01 00:00:00+00:00,894725.228706777,0.711660137990381,0.711660137990381,0.7443830481559818,0.7443830481559818,False,0.0
2022-04-04 00:00:00+00:00,912046.9294167745,0.7158239086265642,0.7158239086265642,0.7443830481559818,,False,0.0
2022-04-05 00:00:00+00:00,903385.8245154364,0.711234195385242,0.711234195385242,0.7443830481559818,,False,0.0
2022-04-06 00:00:00+00:00,890087.8419850438,0.7067051631615213,0.7067051631615213,0.7443830481559818,,False,0.0
2022-04-07 00:00:00+00:00,892646.9314518431,0.7071971986274311,0.7071971986274311,0.7443830481559818,,False,0.0
2022-04-08 00:00:00+00:00,885935.4591241127,0.7042736461345901,0.7042736461345901,0.7443830481559818,,False,0.0
2022-04-11 00:00:00+00:00,871094.5326395585,0.6992629825741676,0.6992629825741676,0.7443830481559818,,False,0.0
2022-04-12 00:00:00+00:00,870362.2098919818,0.6983720166032316,0.6983720166032316,0.7443830481559818,,False,0.0
2022-04-13 00:00:00+00:00,880931.8010889501,0.7025939320580874,0.7025939320580874,0.7443830481559818,,False,0.0
2022-04-14 00:00:00+00:00,873040.8976612153,0.6977377038176876,0.6977377038176876,0.7443830481559818,,False,0.0
2022-04-18 00:00:00+00:00,874399.8219215435,0.6978996475852829,0.6978996475852829,0.7443830481559818,,False,0.0
2022-04-19 00:00:00+00:00,887710.0364143844,0.7025396266412789,0.7025396266412789,0.7443830481559818,,False,0.0
2022-04-20 00:00:00+00:00,873111.4377038563,0.6994602460515129,0.6994602460515129,0.7443830481559818,,False,0.0
2022-04-21 00:00:00+00:00,861904.2311097403,0.6950467874200599,0.6950467874200599,0.7443830481559818,,False,0.0
2022-04-22 00:00:00+00:00,850060.1172487014,0.6893936311300319,0.6893936311300319,0.7443830481559818,,False,0.0
2022-04-25 00:00:00+00:00,864558.9929786935,0.6921201375903884,0.6921201375903884,0.7443830481559818,,False,0.0
2022-04-26 00:00:00+00:00,845290.2659275006,0.6838613236041925,0.6838613236041925,0.7443830481559818,,False,0.0
2022-04-27 00:00:00+00:00,853564.8131473236,0.6836020610331763,0.6836020610331763,0.7443830481559818,,False,0.0
2022-04-28 00:00:00+00:00,878368.2742884721,0.691101711792518,0.691101711792518,0.7443830481559818,,False,0.0
2022-04-29 00:00:00+00:00,848063.7927578092,0.6811870602247553,0.6811870602247553,0.7443830481559818,,False,0.0
2022-05-02 00:00:00+00:00,859013.2622703129,0.6847721700423314,0.6847721700423314,0.8007059876172908,0.8007059876172908,False,0.0
2022-05-03 00:00:00+00:00,858743.3907650682,0.6850024442758043,0.6850024442758043,0.8007059876172908,,False,0.0
2022-05-04 00:00:00+00:00,878049.5231375957,0.692133080668856,0.692133080668856,0.8007059876172908,,False,0.0
2022-05-05 00:00:00+00:00,850022.8559306893,0.6810136449195127,0.6810136449195127,0.8007059876172908,,False,0.0
2022-05-06 00:00:00+00:00,837903.8584832075,0.6783895904798395,0.6783895904798395,0.8007059876172908,,False,0.0
2022-05-09 00:00:00+00:00,816667.3436174104,0.6696202179693252,0.6696202179693252,0.8007059876172908,,False,0.0
2022-05-10 00:00:00+00:00,825500.032691373,0.6722861966831438,0.6722861966831438,0.8007059876172908,,False,0.0
2022-05-11 00:00:00+00:00,808579.8445744464,0.66561903230675,0.66561903230675,0.8007059876172908,,False,0.0
2022-05-12 00:00:00+00:00,819834.0008335954,0.6650919758954855,0.6650919758954855,0.8007059876172908,,False,0.0
2022-05-13 00:00:00+00:00,837297.851748981,0.6731483095982913,0.6731483095982913,0.8007059876172908,,False,0.0
2022-05-16 00:00:00+00:00,829967.1898611225,0.67057784901672,0.67057784901672,0.8007059876172908,,False,0.0
2022-05-17 00:00:00+00:00,835403.4216352713,0.6762018659729612,0.6762018659729612,0.8007059876172908,,False,0.0
2022-05-18 00:00:00+00:00,810596.8814964171,0.6650843410861833,0.6650843410861833,0.8007059876172908,,False,0.0
2022-05-19 00:00:00+00:00,800612.9194110977,0.6638865166391756,0.6638865166391756,0.8007059876172908,,False,0.0
2022-05-20 00:00:00+00:00,801079.6631422183,0.6631915758320905,0.6631915758320905,0.8007059876172908,,False,0.0
2022-05-23 00:00:00+00:00,801638.060537816,0.6668651204209395,0.6668651204209395,0.8007059876172908,,False,0.0
2022-05-24 00:00:00+00:00,784681.4801201853,0.6620736639213953,0.6620736639213953,0.8007059876172908,,False,0.0
2022-05-25 00:00:00+00:00,798342.6006109967,0.665176122515988,0.665176122515988,0.8007059876172908,,False,0.0
2022-05-26 00:00:00+00:00,807976.9157847479,0.6712352943082803,0.6712352943082803,0.8007059876172908,,False,0.0
2022-05-27 00:00:00+00:00,826912.3996893938,0.6782837343350657,0.6782837343350657,0.8007059876172908,,False,0.0
2022-05-31 00:00:00+00:00,823732.2136339091,0.6777037913266556,0.6777037913266556,0.8007059876172908,,False,0.0
2022-06-01 00:00:00+00:00,826147.3896821116,0.676080237744803,0.676080237744803,0.5791456221802411,0.5791456221802411,False,0.0
2022-06-02 00:00:00+00:00,834622.8087698558,0.6819685543064148,0.6819685543064148,0.5791456221802411,,False,0.0
2022-06-03 00:00:00+00:00,820730.5081041718,0.6762233177296796,0.6762233177296796,0.5791456221802411,,False,0.0
2022-06-06 00:00:00+00:00,824270.712679693,0.6769510117691985,0.6769510117691985,0.5791456221802411,,False,0.0
2022-06-07 00:00:00+00:00,829238.7986186446,0.6788264055050265,0.6788264055050265,0.5791456221802411,,False,0.0
2022-06-08 00:00:00+00:00,821883.9960979738,0.6772497133814007,0.6772497133814007,0.5791456221802411,,False,0.0
2022-06-09 00:00:00+00:00,813336.4127706273,0.6712868985083814,0.6712868985083814,0.5791456221802411,,False,0.0
2022-06-10 00:00:00+00:00,804268.5465238587,0.6633153344853633,0.6633153344853633,0.5791456221802411,,False,0.0
2022-06-13 00:00:00+00:00,785812.1666639027,0.6526009530053122,0.6526009530053122,0.5791456221802411,,False,0.0
2022-06-14 00:00:00+00:00,788253.8253989113,0.6530120576472094,0.6530120576472094,0.5791456221802411,,False,0.0
2022-06-15 00:00:00+00:00,803267.1387562992,0.6585795736681895,0.6585795736681895,0.5791456221802411,,False,0.0
2022-06-16 00:00:00+00:00,771305.5502256058,0.6492599394982312,0.6492599394982312,0.5791456221802411,,False,0.0
2022-06-17 00:00:00+00:00,781700.0478325966,0.6520072470227593,0.6520072470227593,0.5791456221802411,,False,0.0
2022-06-21 00:00:00+00:00,788642.0435611077,0.6565997130353955,0.6565997130353955,0.5791456221802411,,False,0.0
2022-06-22 00:00:00+00:00,785281.0749901297,0.6562705258299044,0.6562705258299044,0.5791456221802411,,False,0.0
2022-06-23 00:00:00+00:00,798996.0823915083,0.6595975433729206,0.6595975433729206,0.5791456221802411,,False,0.0
2022-06-24 00:00:00+00:00,814262.5690834164,0.6671206724985951,0.6671206724985951,0.5791456221802411,,False,0.0
2022-06-27 00:00:00+00:00,805541.0147656924,0.6654845286028706,0.6654845286028706,0.5791456221802411,,False,0.0
2022-06-28 00:00:00+00:00,794228.1931637824,0.6585618162002338,0.6585618162002338,0.5791456221802411,,False,0.0
2022-06-29 00:00:00+00:00,799031.377497237,0.6587678653394732,0.6587678653394732,0.5791456221802411,,False,0.0
2022-06-30 00:00:00+00:00,793108.3001442822,0.6559567779429648,0.6559567779429648,0.5791456221802411,,False,0.0
2022-07-01 00:00:00+00:00,801133.6715152293,0.6574399549537734,0.6574399549537734,0.6581302805108592,0.6581302805108592,False,0.0
2022-07-05 00:00:00+00:00,822396.8598791508,0.6612526202878006,0.6612526202878006,0.6581302805108592,,False,0.0
2022-07-06 00:00:00+00:00,832459.6955218972,0.6626828357028355,0.6626828357028355,0.6581302805108592,,False,0.0
2022-07-07 00:00:00+00:00,845428.0547796151,0.667399356369189,0.667399356369189,0.6581302805108592,,False,0.0
2022-07-08 00:00:00+00:00,844556.2397740221,0.6676775510797693,0.6676775510797693,0.6581302805108592,,False,0.0
2022-07-11 00:00:00+00:00,839936.2213861581,0.6628685120829827,0.6628685120829827,0.6581302805108592,,False,0.0
2022-07-12 00:00:00+00:00,836117.4129354561,0.6606896617888214,0.6606896617888214,0.6581302805108592,,False,0.0
2022-07-13 00:00:00+00:00,833984.8561283688,0.6602269554592294,0.6602269554592294,0.6581302805108592,,False,0.0
2022-07-14 00:00:00+00:00,840369.2167159347,0.6610261154999227,0.6610261154999227,0.6581302805108592,,False,0.0
2022-07-15 00:00:00+00:00,845303.728767972,0.6650424322789259,0.6650424322789259,0.6581302805108592,,False,0.0
2022-07-18 00:00:00+00:00,834672.4301190319,0.6631466083641987,0.6631466083641987,0.6581302805108592,,False,0.0
2022-07-19 00:00:00+00:00,845205.8887971386,0.6698790687325711,0.6698790687325711,0.6581302805108592,,False,0.0
2022-07-20 00:00:00+00:00,855939.3328287619,0.6733487505126077,0.6733487505126077,0.6581302805108592,,False,0.0
2022-07-21 00:00:00+00:00,865907.8284157935,0.6764759163754805,0.6764759163754805,0.6581302805108592,,False,0.0
2022-07-22 00:00:00+00:00,853293.1602386393,0.6725921259045432,0.6725921259045432,0.6581302805108592,,False,0.0
2022-07-25 00:00:00+00:00,851189.8193110605,0.6713330729687876,0.6713330729687876,0.6581302805108592,,False,0.0
2022-07-26 00:00:00+00:00,847849.9100230251,0.666939674651991,0.666939674651991,0.6581302805108592,,False,0.0
2022-07-27 00:00:00+00:00,872436.2544136222,0.6760695582710031,0.6760695582710031,0.6581302805108592,,False,0.0
2022-07-28 00:00:00+00:00,873450.9597477436,0.6781968809878506,0.6781968809878506,0.6581302805108592,,False,0.0
2022-07-29 00:00:00+00:00,880873.7132016611,0.6821283971942931,0.6821283971942931,0.6581302805108592,,False,0.0
2022-08-01 00:00:00+00:00,874264.1681481799,0.6819977466506276,0.9211366200290371,0.9206968710197866,0.9206968710197866,True,0.0
2022-08-02 00:00:00+00:00,878363.1105772143,0.920919429846708,0.920919429846708,0.9206968710197866,,False,0.0
2022-08-03 00:00:00+00:00,904651.3077079742,0.9228541735722151,0.9228541735722151,0.9206968710197866,,False,0.0
2022-08-04 00:00:00+00:00,901888.6658618246,0.9231856797578186,0.9231856797578186,0.9206968710197866,,False,0.0
2022-08-05 00:00:00+00:00,899575.7827555315,0.9226019888931051,0.9226019888931051,0.9206968710197866,,False,0.0
2022-08-08 00:00:00+00:00,893641.8882241831,0.9223704842982219,0.9223704842982219,0.9206968710197866,,False,0.0
2022-08-09 00:00:00+00:00,882669.214965374,0.921551482496847,0.921551482496847,0.9206968710197866,,False,0.0
2022-08-10 00:00:00+00:00,895650.6839375576,0.9235186877349728,0.9235186877349728,0.9206968710197866,,False,0.0
2022-08-11 00:00:00+00:00,890869.5274180443,0.9231156623517329,0.9231156623517329,0.9206968710197866,,False,0.0
2022-08-12 00:00:00+00:00,914043.3507795994,0.9244731521013873,0.9244731521013873,0.9206968710197866,,False,0.0
2022-08-15 00:00:00+00:00,927290.9259608062,0.9250332251815099,0.9250332251815099,0.9206968710197866,,False,0.0
2022-08-16 00:00:00+00:00,926373.4375704807,0.9248704682616125,0.9248704682616125,0.9206968710197866,,False,0.0
2022-08-17 00:00:00+00:00,917502.8092592251,0.924069466721116,0.924069466721116,0.9206968710197866,,False,0.0
2022-08-18 00:00:00+00:00,924087.7161820816,0.9242378374653197,0.9242378374653197,0.9206968710197866,,False,0.0
2022-08-19 00:00:00+00:00,914215.0012476118,0.922847551813665,0.922847551813665,0.9206968710197866,,False,0.0
2022-08-22 00:00:00+00:00,901250.0522468496,0.9209263796262483,0.9209263796262483,0.9206968710197866,,False,0.0
2022-08-23 00:00:00+00:00,896952.7245569002,0.9208661099509103,0.9208661099509103,0.9206968710197866,,False,0.0
2022-08-24 00:00:00+00:00,900157.8075586179,0.9210766705383346,0.9210766705383346,0.9206968710197866,,False,0.0
2022-08-25 00:00:00+00:00,915552.9956162092,0.9223414479591086,0.9223414479591086,0.9206968710197866,,False,0.0
2022-08-26 00:00:00+00:00,877504.0865207281,0.9192902078214383,0.9192902078214383,0.9206968710197866,,False,0.0
2022-08-29 00:00:00+00:00,869379.8694757167,0.9185522804120868,0.9185522804120868,0.9206968710197866,,False,0.0
2022-08-30 00:00:00+00:00,858940.6162001839,0.9177105153881243,0.9177105153881243,0.9206968710197866,,False,0.0
2022-08-31 00:00:00+00:00,850368.469700992,0.9172691319816312,0.9172691319816312,0.9206968710197866,,False,0.0
2022-09-01 00:00:00+00:00,860539.6097791853,0.9173020844413919,0.9173020844413919,0.9189417037473153,0.9189417037473153,False,0.0
2022-09-02 00:00:00+00:00,842612.3986463685,0.9162162623178589,0.9162162623178589,0.9189417037473153,,False,0.0
2022-09-06 00:00:00+00:00,846861.6989432474,0.915661261048582,0.915661261048582,0.9189417037473153,,False,0.0
2022-09-07 00:00:00+00:00,860097.4601221824,0.917192993488194,0.917192993488194,0.9189417037473153,,False,0.0
2022-09-08 00:00:00+00:00,862972.116750103,0.9175848871600323,0.9175848871600323,0.9189417037473153,,False,0.0
2022-09-09 00:00:00+00:00,872397.372865588,0.9192056509583262,0.9192056509583262,0.9189417037473153,,False,0.0
2022-09-12 00:00:00+00:00,874701.9200727106,0.9200788253949954,0.9200788253949954,0.9189417037473153,,False,0.0
2022-09-13 00:00:00+00:00,841536.3841287787,0.9158322108974124,0.9158322108974124,0.9189417037473153,,False,0.0
2022-09-14 00:00:00+00:00,847989.8624996886,0.9164393208171681,0.9164393208171681,0.9189417037473153,,False,0.0
2022-09-15 00:00:00+00:00,835214.9172882079,0.9151442438689307,0.9151442438689307,0.9189417037473153,,False,0.0
2022-09-16 00:00:00+00:00,828716.3510609161,0.9146667306182756,0.9146667306182756,0.9189417037473153,,False,0.0
2022-09-19 00:00:00+00:00,835102.6130527382,0.9140122433841398,0.9140122433841398,0.9189417037473153,,False,0.0
2022-09-20 00:00:00+00:00,829764.915419518,0.9133811692384582,0.9133811692384582,0.9189417037473153,,False,0.0
2022-09-21 00:00:00+00:00,825611.6950997375,0.9119409594891981,0.9119409594891981,0.9189417037473153,,False,0.0
2022-09-22 00:00:00+00:00,819580.2506492839,0.9109413693032359,0.9109413693032359,0.9189417037473153,,False,0.0
2022-09-23 00:00:00+00:00,817559.9360298082,0.9096006002426084,0.9096006002426084,0.9189417037473153,,False,0.0
2022-09-26 00:00:00+00:00,822608.1846505614,0.9092590716993059,0.9092590716993059,0.9189417037473153,,False,0.0
2022-09-27 00:00:00+00:00,823507.1392381757,0.9092921429993875,0.9092921429993875,0.9189417037473153,,False,0.0
2022-09-28 00:00:00+00:00,832773.3474720786,0.9109036951778051,0.9109036951778051,0.9189417037473153,,False,0.0
2022-09-29 00:00:00+00:00,803189.591492252,0.9085010051045557,0.9085010051045557,0.9189417037473153,,False,0.0
2022-09-30 00:00:00+00:00,790088.8775670384,0.9070694027419082,0.9070694027419082,0.9189417037473153,,False,0.0
2022-10-03 00:00:00+00:00,804763.2381584774,0.9090057675605491,0.9090057675605491,0.8591680285515371,0.8591680285515371,False,0.0
2022-10-04 00:00:00+00:00,813824.7951647205,0.9115341122140884,0.9115341122140884,0.8591680285515371,,False,0.0
2022-10-05 00:00:00+00:00,822582.1135065419,0.9114912194934782,0.9114912194934782,0.8591680285515371,,False,0.0
2022-10-06 00:00:00+00:00,821676.2143048893,0.9108514824406625,0.9108514824406625,0.8591680285515371,,False,0.0
2022-10-07 00:00:00+00:00,794860.382676854,0.9076461407122755,0.9076461407122755,0.8591680285515371,,False,0.0
2022-10-10 00:00:00+00:00,787648.5376885413,0.9068005329502017,0.9068005329502017,0.8591680285515371,,False,0.0
2022-10-11 00:00:00+00:00,780068.3212579152,0.9056248220581449,0.9056248220581449,0.8591680285515371,,False,0.0
2022-10-12 00:00:00+00:00,785056.3042521414,0.9055955385604046,0.9055955385604046,0.8591680285515371,,False,0.0
2022-10-13 00:00:00+00:00,794515.6978760465,0.9075588386729762,0.9075588386729762,0.8591680285515371,,False,0.0
2022-10-14 00:00:00+00:00,776095.8235379098,0.9049664357692193,0.9049664357692193,0.8591680285515371,,False,0.0
2022-10-17 00:00:00+00:00,790842.9537598015,0.907723950075611,0.907723950075611,0.8591680285515371,,False,0.0
2022-10-18 00:00:00+00:00,796600.7375063809,0.908381608017059,0.908381608017059,0.8591680285515371,,False,0.0
2022-10-19 00:00:00+00:00,798995.1790040206,0.9080771001700337,0.9080771001700337,0.8591680285515371,,False,0.0
2022-10-20 00:00:00+00:00,791812.1382544409,0.9076492491423794,0.9076492491423794,0.8591680285515371,,False,0.0
2022-10-21 00:00:00+00:00,806037.96129599,0.9095737323997772,0.9095737323997772,0.8591680285515371,,False,0.0
2022-10-24 00:00:00+00:00,812537.0944752941,0.9104696236159332,0.9104696236159332,0.8591680285515371,,False,0.0
2022-10-25 00:00:00+00:00,820774.685793523,0.9121246548045765,0.9121246548045765,0.8591680285515371,,False,0.0
2022-10-26 00:00:00+00:00,795525.3666864737,0.9103171315087527,0.9103171315087527,0.8591680285515371,,False,0.0
2022-10-27 00:00:00+00:00,788844.1126393694,0.9088057466073144,0.9088057466073144,0.8591680285515371,,False,0.0
2022-10-28 00:00:00+00:00,814944.3822832,0.9112732438627827,0.9112732438627827,0.8591680285515371,,False,0.0
2022-10-31 00:00:00+00:00,810305.9759352189,0.9103230117103924,0.9103230117103924,0.8591680285515371,,False,0.0
2022-11-01 00:00:00+00:00,803907.5087454531,0.909481053059642,0.909481053059642,0.7364136606866425,0.7364136606866425,False,0.0
2022-11-02 00:00:00+00:00,778530.6605497435,0.9065683744769407,0.9065683744769407,0.7364136606866425,,False,0.0
2022-11-03 00:00:00+00:00,773833.2693996306,0.9048839044379996,0.9048839044379996,0.7364136606866425,,False,0.0
2022-11-04 00:00:00+00:00,774305.8994916508,0.90624847017726,0.90624847017726,0.7364136606866425,,False,0.0
2022-11-07 00:00:00+00:00,774041.8283629747,0.9071733649304478,0.9071733649304478,0.7364136606866425,,False,0.0
2022-11-08 00:00:00+00:00,772053.880802982,0.9077829983191584,0.9077829983191584,0.7364136606866425,,False,0.0
2022-11-09 00:00:00+00:00,759796.7359972257,0.9058098730474137,0.9058098730474137,0.7364136606866425,,False,0.0
2022-11-10 00:00:00+00:00,799508.1131770962,0.9117109677567182,0.9117109677567182,0.7364136606866425,,False,0.0
2022-11-11 00:00:00+00:00,812939.3019151256,0.9131696580337954,0.9131696580337954,0.7364136606866425,,False,0.0
2022-11-14 00:00:00+00:00,793882.4091032961,0.9124701801251788,0.9124701801251788,0.7364136606866425,,False,0.0
2022-11-15 00:00:00+00:00,801194.0515903457,0.913561642545784,0.913561642545784,0.7364136606866425,,False,0.0
2022-11-16 00:00:00+00:00,789452.8583839126,0.9124701801251788,0.9124701801251788,0.7364136606866425,,False,0.0
2022-11-17 00:00:00+00:00,791977.109990228,0.9122935440843883,0.9122935440843883,0.7364136606866425,,False,0.0
2022-11-18 00:00:00+00:00,791390.2681002085,0.9122963561206577,0.9122963561206577,0.7364136606866425,,False,0.0
2022-11-21 00:00:00+00:00,792462.807399279,0.9114654638906121,0.9114654638906121,0.7364136606866425,,False,0.0
2022-11-22 00:00:00+00:00,799897.0174961365,0.9126126525752772,0.9126126525752772,0.7364136606866425,,False,0.0
2022-11-23 00:00:00+00:00,800369.6906989954,0.9134058224587056,0.9134058224587056,0.7364136606866425,,False,0.0
2022-11-25 00:00:00+00:00,792654.1222215494,0.9128823487613899,0.9128823487613899,0.7364136606866425,,False,0.0
2022-11-28 00:00:00+00:00,783241.3825947859,0.9116995765401474,0.9116995765401474,0.7364136606866425,,False,0.0
2022-11-29 00:00:00+00:00,780089.4114879314,0.9110859679178983,0.9110859679178983,0.7364136606866425,,False,0.0
2022-11-30 00:00:00+00:00,815085.7815024763,0.9146315324811434,0.9146315324811434,0.7364136606866425,,False,0.0
2022-12-01 00:00:00+00:00,801935.9048000397,0.9147272468685224,0.7013988024671504,0.7009948089081376,0.7009948089081376,True,0.0
2022-12-02 00:00:00+00:00,797947.099696317,0.7005621810164774,0.7005621810164774,0.7009948089081376,,False,0.0
2022-12-05 00:00:00+00:00,790593.9027466876,0.6969995653559189,0.6969995653559189,0.7009948089081376,,False,0.0
2022-12-06 00:00:00+00:00,778953.3623120047,0.6925594711525115,0.6925594711525115,0.7009948089081376,,False,0.0
2022-12-07 00:00:00+00:00,776159.3736085251,0.6916877302657509,0.6916877302657509,0.7009948089081376,,False,0.0
2022-12-08 00:00:00+00:00,779027.5698438806,0.6941910709964306,0.6941910709964306,0.7009948089081376,,False,0.0
2022-12-09 00:00:00+00:00,775726.1728967944,0.6928313651276251,0.6928313651276251,0.7009948089081376,,False,0.0
2022-12-12 00:00:00+00:00,782842.8699804839,0.6954794626504567,0.6954794626504567,0.7009948089081376,,False,0.0
2022-12-13 00:00:00+00:00,782389.1642662148,0.6977393023461572,0.6977393023461572,0.7009948089081376,,False,0.0
2022-12-14 00:00:00+00:00,776515.7246107755,0.6961676146618531,0.6961676146618531,0.7009948089081376,,False,0.0
2022-12-15 00:00:00+00:00,759576.68538814,0.688895595267484,0.688895595267484,0.7009948089081376,,False,0.0
2022-12-16 00:00:00+00:00,756578.9354532968,0.6868386601502849,0.6868386601502849,0.7009948089081376,,False,0.0
2022-12-19 00:00:00+00:00,747996.1856751562,0.6824199799747608,0.6824199799747608,0.7009948089081376,,False,0.0
2022-12-20 00:00:00+00:00,746825.562254197,0.6822511786496872,0.6822511786496872,0.7009948089081376,,False,0.0
2022-12-21 00:00:00+00:00,756778.536508692,0.6853650820776175,0.6853650820776175,0.7009948089081376,,False,0.0
2022-12-22 00:00:00+00:00,744862.2374751674,0.6799994482599737,0.6799994482599737,0.7009948089081376,,False,0.0
2022-12-23 00:00:00+00:00,743683.5653556837,0.6804881101138374,0.6804881101138374,0.7009948089081376,,False,0.0
2022-12-27 00:00:00+00:00,734247.3139983816,0.6773842556443619,0.6773842556443619,0.7009948089081376,,False,0.0
2022-12-28 00:00:00+00:00,729872.9166994257,0.6744729584326358,0.6744729584326358,0.7009948089081376,,False,0.0
2022-12-29 00:00:00+00:00,738673.4170889521,0.67973820030837,0.67973820030837,0.7009948089081376,,False,0.0
2022-12-30 00:00:00+00:00,736301.3025858923,0.6796074163054296,0.6796074163054296,0.7009948089081376,,False,0.0
2023-01-03 00:00:00+00:00,741968.7344802687,0.6781287461245021,1.0818251102145469,1.0809535382642395,1.0809535382642395,True,64105.456021825754
2023-01-04 00:00:00+00:00,741499.1744612493,1.0814198187453359,1.0814198187453359,1.0809535382642395,,False,64115.83754428707
2023-01-05 00:00:00+00:00,735725.7461463339,1.0828364338717544,1.0828364338717544,1.0809535382642395,,False,64126.22074797827
2023-01-06 00:00:00+00:00,750783.8738039226,1.0804465483641155,1.0804465483641155,1.0809535382642395,,False,64136.60563317162
2023-01-09 00:00:00+00:00,746187.4372474418,1.07990178047669,1.07990178047669,1.0809535382642395,,False,64146.99220013944
2023-01-10 00:00:00+00:00,754541.4159335592,1.0791918680365973,1.0791918680365973,1.0809535382642395,,False,64157.38044915407
2023-01-11 00:00:00+00:00,768404.4706044571,1.0777540080019772,1.0777540080019772,1.0809535382642395,,False,64167.77038048792
2023-01-12 00:00:00+00:00,766943.4502458746,1.0773172277524186,1.0773172277524186,1.0809535382642395,,False,64178.16199441343
2023-01-13 00:00:00+00:00,773476.4226330613,1.0767617122810142,1.0767617122810142,1.0809535382642395,,False,64188.55529120308
2023-01-17 00:00:00+00:00,776449.1854224255,1.0766077507128458,1.0766077507128458,1.0809535382642395,,False,64198.95027112941
2023-01-18 00:00:00+00:00,763168.3704129073,1.0777087196223873,1.0777087196223873,1.0809535382642395,,False,64209.346934464986
2023-01-19 00:00:00+00:00,756265.8907216514,1.0785540121446968,1.0785540121446968,1.0809535382642395,,False,64219.74528148243
2023-01-20 00:00:00+00:00,777069.1474325914,1.0763151360053995,1.0763151360053995,1.0809535382642395,,False,64230.1453124544
2023-01-23 00:00:00+00:00,793150.5006528057,1.0745459231179948,1.0745459231179948,1.0809535382642395,,False,64240.54702765361
2023-01-24 00:00:00+00:00,790818.466522612,1.0747228393861457,1.0747228393861457,1.0809535382642395,,False,64250.95042735281
2023-01-25 00:00:00+00:00,786896.2721111572,1.0749145292269378,1.0749145292269378,1.0809535382642395,,False,64261.35551182479
2023-01-26 00:00:00+00:00,805966.2503218106,1.0733894530766455,1.0733894530766455,1.0809535382642395,,False,64271.7622813424
2023-01-27 00:00:00+00:00,815243.5918513627,1.07262619683877,1.07262619683877,1.0809535382642395,,False,64282.17073617852
2023-01-30 00:00:00+00:00,796819.7215394501,1.0742490870990051,1.0742490870990051,1.0809535382642395,,False,64292.58087660607
2023-01-31 00:00:00+00:00,810309.0529092472,1.0730854049232983,1.0730854049232983,1.0809535382642395,,False,64302.99270289803
2023-02-01 00:00:00+00:00,824413.4264310786,1.0714583765329435,1.0714583765329435,1.1456388802624857,1.1456388802624857,False,64313.40621532741
2023-02-02 00:00:00+00:00,856027.9037328614,1.0688241451849259,1.0688241451849259,1.1456388802624857,,False,64323.82141416729
2023-02-03 00:00:00+00:00,846971.7696216443,1.0701694930123349,1.0701694930123349,1.1456388802624857,,False,64334.68499289501
2023-02-06 00:00:00+00:00,847357.019627521,1.0708233206978035,1.0708233206978035,1.1456388802624857,,False,64345.550406360475
2023-02-07 00:00:00+00:00,867521.9369364034,1.069298642026339,1.069298642026339,1.1456388802624857,,False,64356.41765487355
2023-02-08 00:00:00+00:00,848718.1266266365,1.0706545498927287,1.0706545498927287,1.1456388802624857,,False,64367.28673874415
2023-02-09 00:00:00+00:00,838567.7992681873,1.0713424026156133,1.0713424026156133,1.1456388802624857,,False,64378.15765828225
2023-02-10 00:00:00+00:00,839762.8176946095,1.0718605776546413,1.0718605776546413,1.1456388802624857,,False,64389.0125309763
2023-02-13 00:00:00+00:00,850343.3935506063,1.0706605496640629,1.0706605496640629,1.1456388802624857,,False,64399.88711975931
2023-02-14 00:00:00+00:00,856740.8154830561,1.070118592070623,1.070118592070623,1.1456388802624857,,False,64410.76354513954
2023-02-15 00:00:00+00:00,866907.6404840203,1.0695609860678403,1.0695609860678403,1.1456388802624857,,False,64421.641807427164
2023-02-16 00:00:00+00:00,849419.5677584669,1.0709984699037094,1.0709984699037094,1.1456388802624857,,False,64432.521906932416
2023-02-17 00:00:00+00:00,843464.3290251665,1.0715520093575661,1.0715520093575661,1.1456388802624857,,False,64443.403843965585
2023-02-21 00:00:00+00:00,823676.0606393765,1.0734277808619002,1.0734277808619002,1.1456388802624857,,False,64454.287618837014
2023-02-22 00:00:00+00:00,826965.7404927756,1.0733821538385389,1.0733821538385389,1.1456388802624857,,False,64465.17323185709
2023-02-23 00:00:00+00:00,837863.2153638309,1.0727137554408326,1.0727137554408326,1.1456388802624857,,False,64476.06068333625
2023-02-24 00:00:00+00:00,825768.5450219634,1.0740571367093883,1.0740571367093883,1.1456388802624857,,False,64486.94997358499
2023-02-27 00:00:00+00:00,828104.5893655325,1.0735051954759554,1.0735051954759554,1.1456388802624857,,False,64497.84110291386
2023-02-28 00:00:00+00:00,826477.0681386222,1.0736206743033245,1.0736206743033245,1.1456388802624857,,False,64508.716155566486
2023-03-01 00:00:00+00:00,813806.7482819074,1.0742750810071164,1.0742750810071164,0.9365809420790193,0.9365809420790193,False,64519.59304187383
2023-03-02 00:00:00+00:00,827153.7560543019,1.0736338915416157,1.0736338915416157,0.9365809420790193,,False,64530.48968425424
2023-03-03 00:00:00+00:00,843830.458139751,1.0720480240094636,1.0720480240094636,0.9365809420790193,,False,64541.37024182044
2023-03-06 00:00:00+00:00,838684.3848396989,1.0719735070822523,1.0719735070822523,0.9365809420790193,,False,64552.25263396955
2023-03-07 00:00:00+00:00,837118.439224164,1.0729456640841484,1.0729456640841484,0.9365809420790193,,False,64563.136861010884
2023-03-08 00:00:00+00:00,843508.6448985912,1.072569981653967,1.072569981653967,0.9365809420790193,,False,64574.02292325384
2023-03-09 00:00:00+00:00,825631.7298883308,1.0739574936479306,1.0739574936479306,0.9365809420790193,,False,64584.91082100784
2023-03-10 00:00:00+00:00,806913.2858785845,1.0751036348698324,1.0751036348698324,0.9365809420790193,,False,64595.80055458238
2023-03-13 00:00:00+00:00,807729.2941094502,1.074523036534207,1.074523036534207,0.9365809420790193,,False,64606.692124287
2023-03-14 00:00:00+00:00,828512.948998085,1.0727404098274897,1.0727404098274897,0.9365809420790193,,False,64617.60347673466
2023-03-15 00:00:00+00:00,847954.2712274013,1.0723464484748655,1.0723464484748655,0.9365809420790193,,False,64628.51667198851
2023-03-16 00:00:00+00:00,864772.2668305764,1.0703703124177175,1.0703703124177175,0.9365809420790193,,False,64639.43171035978
2023-03-17 00:00:00+00:00,858367.1353314951,1.070740892633848,1.070740892633848,0.9365809420790193,,False,64650.34859215975
2023-03-20 00:00:00+00:00,855233.9552011244,1.0692781894806755,1.0692781894806755,0.9365809420790193,,False,63526.84213063945
2023-03-21 00:00:00+00:00,864495.4633474662,1.068248406115094,1.068248406115094,0.9365809420790193,,False,63537.571108421515
2023-03-22 00:00:00+00:00,850112.1720518816,1.0692669043718692,1.0692669043718692,0.9365809420790193,,False,63548.301898208716
2023-03-23 00:00:00+00:00,853134.0717883038,1.0684119744457787,1.0684119744457787,0.9365809420790193,,False,63559.03450030708
2023-03-24 00:00:00+00:00,866665.219267848,1.0681568157882135,1.0681568157882135,0.9365809420790193,,False,63570.21029720672
2023-03-27 00:00:00+00:00,858159.3631465001,1.0686721850825895,1.0686721850825895,0.9365809420790193,,False,63581.388059183984
2023-03-28 00:00:00+00:00,848950.0010272168,1.0690772022410375,1.0690772022410375,0.9365809420790193,,False,63592.56778658439
2023-03-29 00:00:00+00:00,866927.7001236384,1.0677691152483266,1.0677691152483266,0.9365809420790193,,False,63603.74947975353
2023-03-30 00:00:00+00:00,869814.0253659325,1.0671036303296342,1.0671036303296342,0.9365809420790193,,False,63614.93313903706
2023-03-31 00:00:00+00:00,887438.5788917008,1.0659458823647008,1.0659458823647008,0.9365809420790193,,False,63626.11876478067
2023-04-03 00:00:00+00:00,883585.0320170051,1.066129567173161,1.066129567173161,1.214406749554257,1.214406749554257,False,63637.30635733015
2023-04-04 00:00:00+00:00,875573.3299631118,1.0663807021421583,1.0663807021421583,1.214406749554257,,False,63648.49591703131
2023-04-05 00:00:00+00:00,868963.8397732123,1.0670995654364683,1.0670995654364683,1.214406749554257,,False,63659.687444230054
2023-04-06 00:00:00+00:00,874484.5092782273,1.0666327588234152,1.0666327588234152,1.214406749554257,,False,63670.880939272334
2023-04-10 00:00:00+00:00,880960.5396032383,1.0666855100919705,1.0666855100919705,1.214406749554257,,False,63682.07640250416
2023-04-11 00:00:00+00:00,869624.6420597923,1.0671577660488385,1.0671577660488385,1.214406749554257,,False,63693.2738342716
2023-04-12 00:00:00+00:00,855065.7112637267,1.067809620392521,1.067809620392521,1.214406749554257,,False,63704.47323492079
2023-04-13 00:00:00+00:00,867643.9782942807,1.066433214697237,1.066433214697237,1.214406749554257,,False,63715.67460479793
2023-04-14 00:00:00+00:00,871730.1240013079,1.066579150304733,1.066579150304733,1.214406749554257,,False,63726.877944249274
2023-04-17 00:00:00+00:00,877703.7793740997,1.0665314962661583,1.0665314962661583,1.214406749554257,,False,63738.08325362114
2023-04-18 00:00:00+00:00,874307.8340198772,1.0665395240328082,1.0665395240328082,1.214406749554257,,False,63749.2905332599
2023-04-19 00:00:00+00:00,874257.8710758837,1.0665854093330909,1.0665854093330909,1.214406749554257,,False,63760.499783511994
2023-04-20 00:00:00+00:00,865794.259338426,1.0671439272987229,1.0671439272987229,1.214406749554257,,False,63771.711004723926
2023-04-21 00:00:00+00:00,866511.0373427742,1.0670818371322939,1.0670818371322939,1.214406749554257,,False,63782.92419724225
2023-04-24 00:00:00+00:00,860339.5322055615,1.0672439984129378,1.0672439984129378,1.214406749554257,,False,63794.1393614136
2023-04-25 00:00:00+00:00,847543.5382085046,1.0686384836598175,1.0686384836598175,1.214406749554257,,False,63805.35649758465
2023-04-26 00:00:00+00:00,846542.870234272,1.0682093111642375,1.0682093111642375,1.214406749554257,,False,63816.575606102146
2023-04-27 00:00:00+00:00,873888.4681338469,1.0662964838042235,1.0662964838042235,1.214406749554257,,False,63827.79668731288
2023-04-28 00:00:00+00:00,878472.6638112736,1.0658246994168215,1.0658246994168215,1.214406749554257,,False,63839.01974156374
2023-05-01 00:00:00+00:00,882283.5784289876,1.0659176249880318,1.4654943372607283,1.4643266050523323,1.4643266050523323,True,450535.7165496575
2023-05-02 00:00:00+00:00,868796.2234362335,1.4716430432403609,1.4716430432403609,1.4643266050523323,,False,450614.93574648415
2023-05-03 00:00:00+00:00,856308.289272908,1.4763529043374588,1.4763529043374588,1.4643266050523323,,False,450694.1688726862
2023-05-04 00:00:00+00:00,854868.8751753238,1.4789728746262945,1.4789728746262945,1.4643266050523323,,False,450773.415930713
2023-05-05 00:00:00+00:00,880307.1922198674,1.4644996913676247,1.4644996913676247,1.4643266050523323,,False,450855.8072939581
2023-05-08 00:00:00+00:00,883907.5761899663,1.4629441380314403,1.4629441380314403,1.4643266050523323,,False,450938.2137165135
2023-05-09 00:00:00+00:00,880999.6485664072,1.4673987961095494,1.4673987961095494,1.4643266050523323,,False,451020.63520113163
2023-05-10 00:00:00+00:00,893931.0473941428,1.4601755305495003,1.4601755305495003,1.4643266050523323,,False,451103.0717505656
2023-05-11 00:00:00+00:00,902225.0278113121,1.4581173704339996,1.4581173704339996,1.4643266050523323,,False,451185.5233675689
2023-05-12 00:00:00+00:00,902390.8781283612,1.4606488565129248,1.4606488565129248,1.4643266050523323,,False,451267.9900548955
2023-05-15 00:00:00+00:00,907946.7319187837,1.4571557665883308,1.4571557665883308,1.4643266050523323,,False,451350.4718153
2023-05-16 00:00:00+00:00,910038.317904973,1.4565242936415392,1.4565242936415392,1.4643266050523323,,False,451432.9686515374
2023-05-17 00:00:00+00:00,929084.475221238,1.4487340087968827,1.4487340087968827,1.4643266050523323,,False,451515.48056636314
2023-05-18 00:00:00+00:00,958788.5404825829,1.4370907339109278,1.4370907339109278,1.4643266050523323,,False,451598.0075625333
2023-05-19 00:00:00+00:00,951809.110332319,1.4386260401689956,1.4386260401689956,1.4643266050523323,,False,451680.5496428045
2023-05-22 00:00:00+00:00,957481.4206086532,1.4366318808671739,1.4366318808671739,1.4643266050523323,,False,451763.10680993367
2023-05-23 00:00:00+00:00,943022.5255988082,1.444848408304203,1.444848408304203,1.4643266050523323,,False,451845.6790666784
2023-05-24 00:00:00+00:00,937087.7054442036,1.44828863185165,1.44828863185165,1.4643266050523323,,False,451928.2664157967
2023-05-25 00:00:00+00:00,973019.617062356,1.4331416840832867,1.4331416840832867,1.4643266050523323,,False,452010.86886004714
2023-05-26 00:00:00+00:00,1009701.7581163157,1.4179497141578428,1.4179497141578428,1.4643266050523323,,False,452093.4864021888
2023-05-30 00:00:00+00:00,1015264.5836158493,1.4153866957630818,1.4153866957630818,1.4643266050523323,,False,452176.1190449812
2023-05-31 00:00:00+00:00,1013443.9869820431,1.4188654618621022,1.4188654618621022,1.4643266050523323,,False,452258.76679118443
2023-06-01 00:00:00+00:00,1020589.8337496673,1.412216975656059,1.412216975656059,1.3987510673458536,1.3987510673458536,False,452341.42964355904
2023-06-02 00:00:00+00:00,1034015.0205759626,1.4080018060729884,1.4080018060729884,1.3987510673458536,,False,452424.1076048661
2023-06-05 00:00:00+00:00,1035253.8088094343,1.4077021273380506,1.4077021273380506,1.3987510673458536,,False,452506.8006778672
2023-06-06 00:00:00+00:00,1037446.2539144049,1.407904115338808,1.407904115338808,1.3987510673458536,,False,452589.50886532443
2023-06-07 00:00:00+00:00,1011926.5593176507,1.4179938706993274,1.4179938706993274,1.3987510673458536,,False,452672.2321700004
2023-06-08 00:00:00+00:00,1022210.8390392123,1.4108695764742152,1.4108695764742152,1.3987510673458536,,False,452754.9705946581
2023-06-09 00:00:00+00:00,1030610.9985480175,1.4087707042859638,1.4087707042859638,1.3987510673458536,,False,452837.72414206126
2023-06-12 00:00:00+00:00,1055263.0215907146,1.3993686795860671,1.3993686795860671,1.3987510673458536,,False,452920.49281497387
2023-06-13 00:00:00+00:00,1062085.8475834287,1.3952207926122968,1.3952207926122968,1.3987510673458536,,False,453003.2766161606
2023-06-14 00:00:00+00:00,1066159.3558883297,1.3913530834752454,1.3913530834752454,1.3987510673458536,,False,453086.07554838655
2023-06-15 00:00:00+00:00,1076423.7170108021,1.385068046193481,1.385068046193481,1.3987510673458536,,False,453168.88961441733
2023-06-16 00:00:00+00:00,1067747.13085955,1.3885522966548691,1.3885522966548691,1.3987510673458536,,False,453251.592936772
2023-06-20 00:00:00+00:00,1067486.7466501251,1.3881794879455638,1.3881794879455638,1.3987510673458536,,False,451670.3399866202
2023-06-21 00:00:00+00:00,1042339.7455692857,1.3957653305099913,1.3957653305099913,1.3987510673458536,,False,451752.7698236677
2023-06-22 00:00:00+00:00,1059236.7682769226,1.3894520016060492,1.3894520016060492,1.3987510673458536,,False,451835.2147041605
2023-06-23 00:00:00+00:00,1050903.7698533973,1.3949918676341786,1.3949918676341786,1.3987510673458536,,False,451917.67463084403
2023-06-26 00:00:00+00:00,1029001.6985198017,1.4026222173942209,1.4026222173942209,1.3987510673458536,,False,452000.14960646414
2023-06-27 00:00:00+00:00,1048839.4622875662,1.3932408562962697,1.3932408562962697,1.3987510673458536,,False,452082.6396337673
2023-06-28 00:00:00+00:00,1057113.1801267453,1.392274205159365,1.392274205159365,1.3987510673458536,,False,452165.1447155005
2023-06-29 00:00:00+00:00,1056318.2706406813,1.39347100189233,1.39347100189233,1.3987510673458536,,False,452247.66485441104
2023-06-30 00:00:00+00:00,1075086.777985127,1.3852914977680864,1.3852914977680864,1.3987510673458536,,False,452330.200053247
2023-07-03 00:00:00+00:00,1078617.2078927862,1.3841357668266878,1.3841357668266878,1.5257823322269946,1.5257823322269946,False,452412.8759620345
2023-07-05 00:00:00+00:00,1083562.1747780815,1.384247333989035,1.384247333989035,1.5257823322269946,,False,452495.5669821409
2023-07-06 00:00:00+00:00,1071569.8880331798,1.3884398805191909,1.3884398805191909,1.5257823322269946,,False,452578.2731163282
2023-07-07 00:00:00+00:00,1057701.857611839,1.390337951986905,1.390337951986905,1.5257823322269946,,False,452660.99436735886
2023-07-10 00:00:00+00:00,1055508.9106235516,1.3902593648435655,1.3902593648435655,1.5257823322269946,,False,452743.730737996
2023-07-11 00:00:00+00:00,1062587.0069000036,1.3876952462341912,1.3876952462341912,1.5257823322269946,,False,452826.3564688557
2023-07-12 00:00:00+00:00,1068402.3036530886,1.381113485119913,1.381113485119913,1.5257823322269946,,False,452909.1230640103
2023-07-13 00:00:00+00:00,1086446.3705672023,1.3724747565730564,1.3724747565730564,1.5257823322269946,,False,452991.90478705923
2023-07-14 00:00:00+00:00,1081901.8773470717,1.3726761136076215,1.3726761136076215,1.5257823322269946,,False,453074.7016407675
2023-07-17 00:00:00+00:00,1095794.440950606,1.368051304900456,1.368051304900456,1.5257823322269946,,False,453157.51362790074
2023-07-18 00:00:00+00:00,1109267.8053929843,1.3640685683176401,1.3640685683176401,1.5257823322269946,,False,453240.34075122495
2023-07-19 00:00:00+00:00,1111614.3083668984,1.3642752822306856,1.3642752822306856,1.5257823322269946,,False,453323.1830135067
2023-07-20 00:00:00+00:00,1082381.9741671113,1.3761980406561722,1.3761980406561722,1.5257823322269946,,False,453406.04041751305
2023-07-21 00:00:00+00:00,1079293.841617155,1.377852402124191,1.377852402124191,1.5257823322269946,,False,453488.9129660116
2023-07-24 00:00:00+00:00,1085205.5538113452,1.3771175163238414,1.3771175163238414,1.5257823322269946,,False,453571.8006617704
2023-07-25 00:00:00+00:00,1098530.689329531,1.3737239632730112,1.3737239632730112,1.5257823322269946,,False,453654.70350755804
2023-07-26 00:00:00+00:00,1090672.016448521,1.375533996245362,1.375533996245362,1.5257823322269946,,False,453737.6215061436
2023-07-27 00:00:00+00:00,1094927.6388275283,1.3768643253402788,1.3768643253402788,1.5257823322269946,,False,453820.55466029665
2023-07-28 00:00:00+00:00,1118140.8379133355,1.3677395217276782,1.3677395217276782,1.5257823322269946,,False,453906.6545044169
2023-07-31 00:00:00+00:00,1120789.4273403205,1.3675727582611161,1.3675727582611161,1.5257823322269946,,False,453992.77068359096
2023-08-01 00:00:00+00:00,1121516.3831270193,1.3688382533147236,1.6500599480391471,1.6491349353818527,1.6491349353818527,True,799843.9165576149
2023-08-02 00:00:00+00:00,1083930.5196866582,1.6746966697205221,1.6746966697205221,1.6491349353818527,,False,799995.6647228951
2023-08-03 00:00:00+00:00,1080092.6994714518,1.6767275734617706,1.6767275734617706,1.6491349353818527,,False,800147.4416781745
2023-08-04 00:00:00+00:00,1062834.3064140296,1.6822996562374797,1.6822996562374797,1.6491349353818527,,False,800299.2474289151
2023-08-07 00:00:00+00:00,1081362.9007987177,1.6729311697886484,1.6729311697886484,1.6491349353818527,,False,800451.0819805801
2023-08-08 00:00:00+00:00,1070612.7691152273,1.6828589181279299,1.6828589181279299,1.6491349353818527,,False,800602.9453386336
2023-08-09 00:00:00+00:00,1048367.5968366003,1.6959554704079745,1.6959554704079745,1.6491349353818527,,False,800754.837508541
2023-08-10 00:00:00+00:00,1047601.7551564818,1.6940037447813974,1.6940037447813974,1.6491349353818527,,False,800906.7584957683
2023-08-11 00:00:00+00:00,1041728.6405491219,1.7018076208114596,1.7018076208114596,1.6491349353818527,,False,801058.7083057829
2023-08-14 00:00:00+00:00,1064886.455866187,1.688876322756939,1.688876322756939,1.6491349353818527,,False,801210.6869440532
2023-08-15 00:00:00+00:00,1045088.6720052755,1.7016738545127972,1.7016738545127972,1.6491349353818527,,False,801362.6944160484
2023-08-16 00:00:00+00:00,1028376.662868182,1.7147817461366779,1.7147817461366779,1.6491349353818527,,False,801514.7307272389
2023-08-17 00:00:00+00:00,1011758.7809356825,1.7286644555778852,1.7286644555778852,1.6491349353818527,,False,801666.7958830964
2023-08-18 00:00:00+00:00,1009331.2831861739,1.7304883328369012,1.7304883328369012,1.6491349353818527,,False,801818.8898890931
2023-08-21 00:00:00+00:00,1036093.6673832469,1.7109049521025554,1.7109049521025554,1.6491349353818527,,False,801971.0127507027
2023-08-22 00:00:00+00:00,1037422.728459398,1.7128788004044722,1.7128788004044722,1.6491349353818527,,False,802123.1644733995
2023-08-23 00:00:00+00:00,1063733.6116282532,1.694353718003937,1.694353718003937,1.6491349353818527,,False,802275.3450626594
2023-08-24 00:00:00+00:00,1028475.86629044,1.7206820504723586,1.7206820504723586,1.6491349353818527,,False,802427.5545239587
2023-08-25 00:00:00+00:00,1045820.3769782208,1.7114271627238025,1.7114271627238025,1.6491349353818527,,False,802579.7928627754
2023-08-28 00:00:00+00:00,1056898.0791568407,1.7026059219299077,1.7026059219299077,1.6491349353818527,,False,802732.060084588
2023-08-29 00:00:00+00:00,1091916.164236601,1.6776320479813531,1.6776320479813531,1.6491349353818527,,False,802884.3561948763
2023-08-30 00:00:00+00:00,1094426.9861621321,1.6715639796517843,1.6715639796517843,1.6491349353818527,,False,803036.681199121
2023-08-31 00:00:00+00:00,1108600.3726317545,1.6684263078302217,1.6684263078302217,1.6491349353818527,,False,803189.0351028041
2023-09-01 00:00:00+00:00,1100436.9088220478,1.6698206687614896,1.417534575149165,1.403000654445537,1.403000654445537,True,495630.78218538756
2023-09-05 00:00:00+00:00,1108498.5148949742,1.416895553019005,1.416895553019005,1.403000654445537,,False,495724.8143587855
2023-09-06 00:00:00+00:00,1095904.979462763,1.422278046725004,1.422278046725004,1.403000654445537,,False,495818.86437217635
2023-09-07 00:00:00+00:00,1085683.435741668,1.4267328944974595,1.4267328944974595,1.403000654445537,,False,495912.93222894473
2023-09-08 00:00:00+00:00,1087252.5123115717,1.4259989050930044,1.4259989050930044,1.403000654445537,,False,496007.01793247595
2023-09-11 00:00:00+00:00,1101831.758021759,1.4190722687971544,1.4190722687971544,1.403000654445537,,False,496101.1214861559
2023-09-12 00:00:00+00:00,1086226.3856769537,1.4258870705483553,1.4258870705483553,1.403000654445537,,False,496195.2428933712
2023-09-13 00:00:00+00:00,1090919.4548767768,1.423700858427778,1.423700858427778,1.403000654445537,,False,496289.38215750904
2023-09-14 00:00:00+00:00,1111503.2577359385,1.4189376832328402,1.4189376832328402,1.403000654445537,,False,496383.53928195726
2023-09-15 00:00:00+00:00,1083088.479090195,1.429486298150806,1.429486298150806,1.403000654445537,,False,496477.71427010436
2023-09-18 00:00:00+00:00,1081822.5035437266,1.4276374548121937,1.4276374548121937,1.403000654445537,,False,494780.45560118725
2023-09-19 00:00:00+00:00,1079553.2987870409,1.4290589400039637,1.4290589400039637,1.403000654445537,,False,494874.326448736
2023-09-20 00:00:00+00:00,1054175.0683117171,1.4382000220031983,1.4382000220031983,1.403000654445537,,False,494968.2151056706
2023-09-21 00:00:00+00:00,1031213.5947183133,1.4501849088823002,1.4501849088823002,1.403000654445537,,False,495062.12157536985
2023-09-22 00:00:00+00:00,1031721.531025955,1.4502175160322273,1.4502175160322273,1.403000654445537,,False,495156.0458612132
2023-09-25 00:00:00+00:00,1045507.4293245757,1.4472603325612472,1.4472603325612472,1.403000654445537,,False,495249.9879665807
2023-09-26 00:00:00+00:00,1024438.3916237012,1.4573227257526897,1.4573227257526897,1.403000654445537,,False,495343.94789485325
2023-09-27 00:00:00+00:00,1034009.1131681353,1.4558922046621912,1.4558922046621912,1.403000654445537,,False,495437.9256494122
2023-09-28 00:00:00+00:00,1039785.3456306732,1.4505306908381903,1.4505306908381903,1.403000654445537,,False,495531.9212336396
2023-09-29 00:00:00+00:00,1040201.7034698069,1.4501804508975158,1.4501804508975158,1.403000654445537,,False,495625.93465091806
2023-10-02 00:00:00+00:00,1060476.3731712531,1.4449190939948244,1.7510684350893084,1.75,1.75,True,836314.8465492644
2023-10-03 00:00:00+00:00,1032357.1232910402,1.7751420281265409,1.7751420281265409,1.75,,False,836473.5140604292
2023-10-04 00:00:00+00:00,1050611.245383257,1.7571106757976456,1.7571106757976456,1.75,,False,836632.2116743467
2023-10-05 00:00:00+00:00,1044127.5722329154,1.761305174850335,1.761305174850335,1.75,,False,836790.9393967283
2023-10-06 00:00:00+00:00,1067791.5597423657,1.7397260675460116,1.7397260675460116,1.75,,False,836949.6972332861
2023-10-09 00:00:00+00:00,1077115.8716497144,1.733461578971609,1.733461578971609,1.75,,False,837108.4851897334
2023-10-10 00:00:00+00:00,1085053.301411603,1.7267253971206344,1.7267253971206344,1.75,,False,837267.3032717847
2023-10-11 00:00:00+00:00,1098065.5117518953,1.7181145909474649,1.7181145909474649,1.75,,False,837426.1514851555
2023-10-12 00:00:00+00:00,1098288.8094554213,1.7226639822033176,1.7226639822033176,1.75,,False,837585.0298355622
2023-10-13 00:00:00+00:00,1079573.4481813812,1.7389024141272127,1.7389024141272127,1.75,,False,837743.9383287227
2023-10-16 00:00:00+00:00,1096055.2023262677,1.7248923004411711,1.7248923004411711,1.75,,False,837902.8769703556
2023-10-17 00:00:00+00:00,1084877.0001790002,1.7292502635109552,1.7292502635109552,1.75,,False,838061.8457661809
2023-10-18 00:00:00+00:00,1066257.4421672984,1.7464238895752735,1.7464238895752735,1.75,,False,838220.8447219193
2023-10-19 00:00:00+00:00,1044912.6301078402,1.7590770797494033,1.7590770797494033,1.75,,False,838379.8738432929
2023-10-20 00:00:00+00:00,1015228.774950382,1.7797966064625599,1.7797966064625599,1.75,,False,838538.9331360249
2023-10-23 00:00:00+00:00,1015354.4422042145,1.7758923752397913,1.7758923752397913,1.75,,False,838698.0226058393
2023-10-24 00:00:00+00:00,1037717.5092265253,1.7629707714930245,1.7629707714930245,1.75,,False,838857.1422584614
2023-10-25 00:00:00+00:00,993915.3068823795,1.7976497233649633,1.7976497233649633,1.75,,False,839016.2920996177
2023-10-26 00:00:00+00:00,964344.5845730075,1.8262465996081718,1.8262465996081718,1.75,,False,839175.4721350354
2023-10-27 00:00:00+00:00,967139.3090279194,1.8193475540870703,1.8193475540870703,1.75,,False,839334.6823704432
2023-10-30 00:00:00+00:00,984209.1762400632,1.8031665817268256,1.8031665817268256,1.75,,False,839493.9228115707
2023-10-31 00:00:00+00:00,997430.1763343684,1.7965712655777482,1.7965712655777482,1.75,,False,839653.1934641486
2023-11-01 00:00:00+00:00,1013151.509052891,1.772742880859625,1.3101608239906049,1.2870928570576619,1.2870928570576619,True,331146.01386505377
2023-11-02 00:00:00+00:00,1029373.8920528165,1.3030302953153408,1.3030302953153408,1.2870928570576619,,False,331208.8396226843
2023-11-03 00:00:00+00:00,1033875.8956973162,1.2985346648317149,1.2985346648317149,1.2870928570576619,,False,331271.67729975714
2023-11-06 00:00:00+00:00,1037940.0206908092,1.297034700265047,1.297034700265047,1.2870928570576619,,False,331334.52689853375
2023-11-07 00:00:00+00:00,1056505.5541510722,1.2935090439068875,1.2935090439068875,1.2870928570576619,,False,331397.3884212759
2023-11-08 00:00:00+00:00,1054563.744807683,1.2933367373786326,1.2933367373786326,1.2870928570576619,,False,331460.2618702458
2023-11-09 00:00:00+00:00,1044496.3867756797,1.2963585381298646,1.2963585381298646,1.2870928570576619,,False,331523.1472477062
2023-11-10 00:00:00+00:00,1074879.56889214,1.2880361287648818,1.2880361287648818,1.2870928570576619,,False,331586.0445559201
2023-11-13 00:00:00+00:00,1071503.7369923813,1.2892685135549549,1.2892685135549549,1.2870928570576619,,False,331648.95379715116
2023-11-14 00:00:00+00:00,1084859.205224164,1.281525557410487,1.281525557410487,1.2870928570576619,,False,331711.87497366325
2023-11-15 00:00:00+00:00,1086648.0187548632,1.281322657379337,1.281322657379337,1.2870928570576619,,False,331774.80808772077
2023-11-16 00:00:00+00:00,1087982.0981351035,1.2810828065311586,1.2810828065311586,1.2870928570576619,,False,331837.75314158853
2023-11-17 00:00:00+00:00,1085448.187148533,1.281067161164443,1.281067161164443,1.2870928570576619,,False,331900.7101375318
2023-11-20 00:00:00+00:00,1095672.6790193387,1.2768177731923078,1.2768177731923078,1.2870928570576619,,False,331963.67907781625
2023-11-21 00:00:00+00:00,1089678.155876102,1.2789541186798055,1.2789541186798055,1.2870928570576619,,False,332026.659964708
2023-11-22 00:00:00+00:00,1100563.9894392348,1.2775687373592621,1.2775687373592621,1.2870928570576619,,False,332089.6528004735
2023-11-24 00:00:00+00:00,1092193.9753129415,1.2781370765130842,1.2781370765130842,1.2870928570576619,,False,332152.6575873798
2023-11-27 00:00:00+00:00,1090618.5842502948,1.2785152714066383,1.2785152714066383,1.2870928570576619,,False,332215.6743276943
2023-11-28 00:00:00+00:00,1087256.7527168908,1.277652396592472,1.277652396592472,1.2870928570576619,,False,332278.7030236848
2023-11-29 00:00:00+00:00,1089608.3114945476,1.2780657187361513,1.2780657187361513,1.2870928570576619,,False,332341.74367761955
2023-11-30 00:00:00+00:00,1092123.1882747833,1.2790297590596735,1.2790297590596735,1.2870928570576619,,False,332404.79629176727
2023-12-01 00:00:00+00:00,1098063.3150736864,1.278082051352488,1.7403050159873343,1.7387017783446397,1.7387017783446397,True,884274.556306551
2023-12-04 00:00:00+00:00,1085557.576556177,1.7527120525916116,1.7527120525916116,1.7387017783446397,,False,884442.322840428
2023-12-05 00:00:00+00:00,1093919.2949663517,1.7496627688273123,1.7496627688273123,1.7387017783446397,,False,884610.1212033447
2023-12-06 00:00:00+00:00,1082392.4846025526,1.7575792635815608,1.7575792635815608,1.7387017783446397,,False,884777.9514013396
2023-12-07 00:00:00+00:00,1108406.6397004295,1.739665132288981,1.739665132288981,1.7387017783446397,,False,884945.8134404527
2023-12-08 00:00:00+00:00,1121833.4115256942,1.7342160260967827,1.7342160260967827,1.7387017783446397,,False,885113.7073267249
2023-12-11 00:00:00+00:00,1138189.9938228347,1.7237347769226476,1.7237347769226476,1.7387017783446397,,False,885281.6330661983
2023-12-12 00:00:00+00:00,1149061.5649557167,1.714165881952666,1.714165881952666,1.7387017783446397,,False,885449.5906649162
2023-12-13 00:00:00+00:00,1173628.4584848161,1.6991549230984637,1.6991549230984637,1.7387017783446397,,False,885617.580128923
2023-12-14 00:00:00+00:00,1150007.7058229062,1.7004121014084184,1.7004121014084184,1.7387017783446397,,False,885785.6014642641
2023-12-15 00:00:00+00:00,1168980.9844472948,1.69492520522391,1.69492520522391,1.7387017783446397,,False,885953.6546769864
2023-12-18 00:00:00+00:00,1178781.0587752445,1.6858851423899308,1.6858851423899308,1.7387017783446397,,False,882891.1884643163
2023-12-19 00:00:00+00:00,1182608.9679668925,1.6802440280109316,1.6802440280109316,1.7387017783446397,,False,883058.6925425722
2023-12-20 00:00:00+00:00,1155033.4080783857,1.6978880306583426,1.6978880306583426,1.7387017783446397,,False,883226.228400074
2023-12-21 00:00:00+00:00,1174162.5769965178,1.684586637920408,1.684586637920408,1.7387017783446397,,False,883393.7960428509
2023-12-22 00:00:00+00:00,1175044.5424803842,1.6830837938093774,1.6830837938093774,1.7387017783446397,,False,883561.3954769336
2023-12-26 00:00:00+00:00,1184094.9325016437,1.676332504268777,1.676332504268777,1.7387017783446397,,False,883729.0267083532
2023-12-27 00:00:00+00:00,1179278.2672163725,1.6737368230828997,1.6737368230828997,1.7387017783446397,,False,883033.0770170221
2023-12-28 00:00:00+00:00,1182530.553202256,1.6744995883675808,1.6744995883675808,1.7387017783446397,,False,883200.6080146894
2023-12-29 00:00:00+00:00,1174976.9003656816,1.679639738499477,1.679639738499477,1.7387017783446397,,False,883368.17079671
2024-01-02 00:00:00+00:00,1152366.9420215918,1.6997480252797863,1.6997480252797863,1.75,1.75,False,883535.7653691139
2024-01-03 00:00:00+00:00,1136466.1873800836,1.712795683664094,1.712795683664094,1.75,,False,883703.3917379326
2024-01-04 00:00:00+00:00,1121360.7174147118,1.7193693160997052,1.7193693160997052,1.75,,False,883871.0499091984
2024-01-05 00:00:00+00:00,1123494.385044585,1.7181393577267758,1.7181393577267758,1.75,,False,884038.7398889451
2024-01-08 00:00:00+00:00,1161223.4616941374,1.6937352847453115,1.6937352847453115,1.75,,False,884206.4616832074
2024-01-09 00:00:00+00:00,1169324.0119513043,1.6916436858214416,1.6916436858214416,1.75,,False,884374.2152980212
2024-01-10 00:00:00+00:00,1179879.6662412253,1.684022186651356,1.684022186651356,1.75,,False,884542.0007394236
2024-01-11 00:00:00+00:00,1185700.1103944094,1.6818511657308488,1.6818511657308488,1.75,,False,884709.8180134527
2024-01-12 00:00:00+00:00,1184837.3338057501,1.6814807257345286,1.6814807257345286,1.75,,False,884877.667126148
2024-01-16 00:00:00+00:00,1192870.860041975,1.6818101633229665,1.6818101633229665,1.75,,False,885045.54808355
2024-01-17 00:00:00+00:00,1184011.5051972512,1.6885607286341846,1.6885607286341846,1.75,,False,885213.4608917002
2024-01-18 00:00:00+00:00,1211676.8758978886,1.6726572037519254,1.6726572037519254,1.75,,False,885381.4055566416
2024-01-19 00:00:00+00:00,1248954.760658556,1.651265171772151,1.651265171772151,1.75,,False,885549.3820844181
2024-01-22 00:00:00+00:00,1250574.7183656697,1.6500672581465976,1.6500672581465976,1.75,,False,885717.3904810747
2024-01-23 00:00:00+00:00,1266656.4458463548,1.6458480729722165,1.6458480729722165,1.75,,False,885885.4307526576
2024-01-24 00:00:00+00:00,1269628.2711457603,1.640201994469268,1.640201994469268,1.75,,False,886053.5029052143
2024-01-25 00:00:00+00:00,1279529.2688828842,1.639120924365183,1.639120924365183,1.75,,False,886221.6069447933
2024-01-26 00:00:00+00:00,1263498.1525938818,1.6456251055869102,1.6456251055869102,1.75,,False,886389.7428774441
2024-01-29 00:00:00+00:00,1291649.1133578864,1.635122367324965,1.635122367324965,1.75,,False,886557.9107092178
2024-01-30 00:00:00+00:00,1273076.1505745202,1.6423113638320632,1.6423113638320632,1.75,,False,886726.1104461662
2024-01-31 00:00:00+00:00,1230722.1229644471,1.6638684800566401,1.6638684800566401,1.75,,False,886894.3420943426
2024-02-01 00:00:00+00:00,1253525.5861539373,1.6513153869662511,1.6513153869662511,1.6671603384663682,1.6671603384663682,False,887062.605659801
2024-02-02 00:00:00+00:00,1297670.2528342106,1.6338283075570748,1.6338283075570748,1.6671603384663682,,False,887230.901148597
2024-02-05 00:00:00+00:00,1300897.2237210548,1.635380024643031,1.635380024643031,1.6671603384663682,,False,887399.2285667872
2024-02-06 00:00:00+00:00,1294661.1521416688,1.6376706905071219,1.6376706905071219,1.6671603384663682,,False,887567.5879204292
2024-02-07 00:00:00+00:00,1314121.9509255437,1.6272963710458412,1.6272963710458412,1.6671603384663682,,False,887735.9792155819
2024-02-08 00:00:00+00:00,1317314.2356826956,1.6256044842569881,1.6256044842569881,1.6671603384663682,,False,887904.4024583054
2024-02-09 00:00:00+00:00,1337243.1903468978,1.615940660394157,1.615940660394157,1.6671603384663682,,False,888072.8576546606
2024-02-12 00:00:00+00:00,1329618.761944881,1.6200502378265507,1.6200502378265507,1.6671603384663682,,False,888241.34481071
2024-02-13 00:00:00+00:00,1302393.2725248206,1.6363212726879124,1.6363212726879124,1.6671603384663682,,False,888409.8639325172
2024-02-14 00:00:00+00:00,1323607.4627814172,1.625366342228893,1.625366342228893,1.6671603384663682,,False,888578.4150261467
2024-02-15 00:00:00+00:00,1326643.4252664847,1.6225457984178762,1.6225457984178762,1.6671603384663682,,False,888746.9980976641
2024-02-16 00:00:00+00:00,1305997.2582493292,1.632037566355355,1.632037566355355,1.6671603384663682,,False,888915.6131531366
2024-02-20 00:00:00+00:00,1284385.2750261305,1.6401197672933578,1.6401197672933578,1.6671603384663682,,False,889084.260198632
2024-02-21 00:00:00+00:00,1275327.720583885,1.6445498810462715,1.6445498810462715,1.6671603384663682,,False,889252.9392402197
2024-02-22 00:00:00+00:00,1336943.5792247793,1.615131678484677,1.615131678484677,1.6671603384663682,,False,889421.6502839699
2024-02-23 00:00:00+00:00,1328831.5258355038,1.6182610886253885,1.6182610886253885,1.6671603384663682,,False,889590.3933359544
2024-02-26 00:00:00+00:00,1324241.202862759,1.618978476181342,1.618978476181342,1.6671603384663682,,False,889759.1684022456
2024-02-27 00:00:00+00:00,1328997.518766558,1.6167666059908499,1.6167666059908499,1.6671603384663682,,False,889927.9754889174
2024-02-28 00:00:00+00:00,1319102.2588677676,1.6223136471191208,1.6223136471191208,1.6671603384663682,,False,890096.8146020449
2024-02-29 00:00:00+00:00,1341739.782718549,1.6139686357538408,1.6139686357538408,1.6671603384663682,,False,890265.6857477041
2024-03-01 00:00:00+00:00,1342631.4624057005,1.5995842322461051,1.42151826035636,1.392086095576662,1.392086095576662,True,613030.1923702696
2024-03-04 00:00:00+00:00,1332024.8992282068,1.423781613792966,1.423781613792966,1.392086095576662,,False,613146.4978206553
2024-03-05 00:00:00+00:00,1297995.5747450134,1.4350143805787727,1.4350143805787727,1.392086095576662,,False,613262.8253367697
2024-03-06 00:00:00+00:00,1303352.6354050052,1.4312438725796983,1.4312438725796983,1.392086095576662,,False,613379.1749227989
2024-03-07 00:00:00+00:00,1328151.7817736822,1.4221887798246944,1.4221887798246944,1.392086095576662,,False,613495.54658293
2024-03-08 00:00:00+00:00,1300779.5813083374,1.431154648579747,1.431154648579747,1.392086095576662,,False,613611.9403213512
2024-03-11 00:00:00+00:00,1295300.512845835,1.4335757316984503,1.4335757316984503,1.392086095576662,,False,613728.356142251
2024-03-12 00:00:00+00:00,1323023.4738296303,1.42495988641004,1.42495988641004,1.392086095576662,,False,613844.7940498191
2024-03-13 00:00:00+00:00,1305318.123796622,1.429782286508059,1.429782286508059,1.392086095576662,,False,613961.2540482458
2024-03-14 00:00:00+00:00,1307195.0702925175,1.431454336524624,1.431454336524624,1.392086095576662,,False,614077.7361417222
2024-03-15 00:00:00+00:00,1284845.4709488538,1.439042668474359,1.439042668474359,1.392086095576662,,False,614194.2403344401
2024-03-18 00:00:00+00:00,1301978.0522433154,1.4320204540032644,1.4320204540032644,1.392086095576662,,False,612316.9790544375
2024-03-19 00:00:00+00:00,1309765.2457010222,1.4306013571310567,1.4306013571310567,1.392086095576662,,False,612433.1491924081
2024-03-20 00:00:00+00:00,1332242.767902839,1.4235336014784907,1.4235336014784907,1.392086095576662,,False,612549.3413704354
2024-03-21 00:00:00+00:00,1340492.8914879172,1.4208129882828904,1.4208129882828904,1.392086095576662,,False,612665.555592701
2024-03-22 00:00:00+00:00,1348025.5513733204,1.4202433969537038,1.4202433969537038,1.392086095576662,,False,612781.791863387
2024-03-25 00:00:00+00:00,1338495.1137731816,1.4225346958588134,1.4225346958588134,1.392086095576662,,False,612898.0501866767
2024-03-26 00:00:00+00:00,1333207.2295755362,1.4246045204603366,1.4246045204603366,1.392086095576662,,False,613014.3305667537
2024-03-27 00:00:00+00:00,1340559.3043666463,1.4226682117392289,1.4226682117392289,1.392086095576662,,False,613130.6330078029
2024-03-28 00:00:00+00:00,1339411.8026098828,1.423894044144223,1.423894044144223,1.392086095576662,,False,613246.9575140097
2024-04-01 00:00:00+00:00,1351852.6046946826,1.422734135479007,1.422734135479007,1.6147351758748212,1.6147351758748212,False,613363.3040895603
2024-04-02 00:00:00+00:00,1330682.1087297846,1.4281051797662712,1.4281051797662712,1.6147351758748212,,False,613479.6727386417
2024-04-03 00:00:00+00:00,1327688.4519638135,1.4268529135434493,1.4268529135434493,1.6147351758748212,,False,613596.0634654419
2024-04-04 00:00:00+00:00,1294072.1578204513,1.436492442016854,1.436492442016854,1.6147351758748212,,False,613712.4762741494
2024-04-05 00:00:00+00:00,1318783.483076698,1.4293431082489543,1.4293431082489543,1.6147351758748212,,False,613828.9111689536
2024-04-08 00:00:00+00:00,1317773.7614605722,1.4292784312679228,1.4292784312679228,1.6147351758748212,,False,613945.3681540448
2024-04-09 00:00:00+00:00,1324268.2843292656,1.427136123691807,1.427136123691807,1.6147351758748212,,False,614061.8472336141
2024-04-10 00:00:00+00:00,1322157.9043760626,1.4326415475446712,1.4326415475446712,1.6147351758748212,,False,614178.3484118531
2024-04-11 00:00:00+00:00,1354187.9379142139,1.4230796590774686,1.4230796590774686,1.6147351758748212,,False,614294.8716929546
2024-04-12 00:00:00+00:00,1332679.5375974094,1.4330183428825736,1.4330183428825736,1.6147351758748212,,False,614411.4170811118
2024-04-15 00:00:00+00:00,1301519.363762031,1.443594512437034,1.443594512437034,1.6147351758748212,,False,614527.9845805191
2024-04-16 00:00:00+00:00,1303543.6933777984,1.4436565663104834,1.4436565663104834,1.6147351758748212,,False,614644.5741953715
2024-04-17 00:00:00+00:00,1278547.7920577761,1.4517359014800428,1.4517359014800428,1.6147351758748212,,False,614761.1859298646
2024-04-18 00:00:00+00:00,1265943.6184860368,1.4556351901592468,1.4556351901592468,1.6147351758748212,,False,614877.8197881952
2024-04-19 00:00:00+00:00,1228285.2570685544,1.4699141488276908,1.4699141488276908,1.6147351758748212,,False,614994.4757745606
2024-04-22 00:00:00+00:00,1246332.8730515658,1.463197384168588,1.463197384168588,1.6147351758748212,,False,615111.1538931589
2024-04-23 00:00:00+00:00,1268674.4318801556,1.4534245319486587,1.4534245319486587,1.6147351758748212,,False,615227.8541481892
2024-04-24 00:00:00+00:00,1275766.2094214803,1.4513271636198148,1.4513271636198148,1.6147351758748212,,False,615344.5765438512
2024-04-25 00:00:00+00:00,1262696.9730293276,1.454638624755617,1.454638624755617,1.6147351758748212,,False,615461.3210843455
2024-04-26 00:00:00+00:00,1295160.7282089316,1.4447790419835025,1.4447790419835025,1.6147351758748212,,False,615578.0877738734
2024-04-29 00:00:00+00:00,1298881.1583627285,1.4423060624501736,1.4423060624501736,1.6147351758748212,,False,615694.8766166371
2024-04-30 00:00:00+00:00,1267349.7776080486,1.4547969619186385,1.4547969619186385,1.6147351758748212,,False,615811.6876168397
2024-05-01 00:00:00+00:00,1254378.8749922859,1.4597590963981513,1.4597590963981513,1.3703335536443249,1.3703335536443249,False,615928.5207786848
2024-05-02 00:00:00+00:00,1274537.49836258,1.451474104994886,1.451474104994886,1.3703335536443249,,False,616045.376106377
2024-05-03 00:00:00+00:00,1303815.4204919008,1.4387966195855217,1.4387966195855217,1.3703335536443249,,False,616162.2536041216
2024-05-06 00:00:00+00:00,1323148.9520875257,1.43210597150544,1.43210597150544,1.3703335536443249,,False,616279.1532761249
2024-05-07 00:00:00+00:00,1324816.6866059161,1.4321249696629754,1.4321249696629754,1.3703335536443249,,False,616396.0751265936
2024-05-08 00:00:00+00:00,1325064.518685118,1.4326082650729621,1.4326082650729621,1.3703335536443249,,False,616513.0191597356
2024-05-09 00:00:00+00:00,1327122.5699597585,1.4313775888532672,1.4313775888532672,1.3703335536443249,,False,616629.9853797596
2024-05-10 00:00:00+00:00,1331246.4127609,1.4300430336535013,1.4300430336535013,1.3703335536443249,,False,616746.9737908747
2024-05-13 00:00:00+00:00,1332685.1609574142,1.4287449096139642,1.4287449096139642,1.3703335536443249,,False,616863.9843972911
2024-05-14 00:00:00+00:00,1342089.315275832,1.4249554528052637,1.4249554528052637,1.3703335536443249,,False,616981.0172032198
2024-05-15 00:00:00+00:00,1366567.1067444214,1.4158085367840618,1.4158085367840618,1.3703335536443249,,False,617098.0722128726
2024-05-16 00:00:00+00:00,1360649.7658643564,1.4171199485969754,1.4171199485969754,1.3703335536443249,,False,617215.1494304618
2024-05-17 00:00:00+00:00,1360354.0753580052,1.417520125054575,1.417520125054575,1.3703335536443249,,False,617332.248860201
2024-05-20 00:00:00+00:00,1374703.8433999163,1.4135446355943535,1.4135446355943535,1.3703335536443249,,False,617449.3705063042
2024-05-21 00:00:00+00:00,1379159.5615512559,1.4125146695435866,1.4125146695435866,1.3703335536443249,,False,617566.5143729864
2024-05-22 00:00:00+00:00,1381084.3556903657,1.4127403470761108,1.4127403470761108,1.3703335536443249,,False,617683.6804644633
2024-05-23 00:00:00+00:00,1373339.8727765023,1.4154916961895037,1.4154916961895037,1.3703335536443249,,False,617800.8687849514
2024-05-24 00:00:00+00:00,1388408.5786137804,1.41011327638335,1.41011327638335,1.3703335536443249,,False,617918.0793386681
2024-05-28 00:00:00+00:00,1392232.6040541343,1.4080491831939643,1.4080491831939643,1.3703335536443249,,False,618035.3121298315
2024-05-29 00:00:00+00:00,1386977.100467298,1.4122498621377704,1.4122498621377704,1.3703335536443249,,False,618152.5671626606
2024-05-30 00:00:00+00:00,1362606.690351295,1.418695674575812,1.418695674575812,1.3703335536443249,,False,618269.8444413751
2024-05-31 00:00:00+00:00,1357774.7383264035,1.419916681658532,1.419916681658532,1.3703335536443249,,False,618387.1439701956
2024-06-03 00:00:00+00:00,1361583.08566506,1.4168514789094495,1.7511667972573783,1.75,1.75,True,1113803.0701624786
2024-06-04 00:00:00+00:00,1369422.846747353,1.7478322233771757,1.7478322233771757,1.75,,False,1114014.3833560678
2024-06-05 00:00:00+00:00,1419177.4608756586,1.7226146297465488,1.7226146297465488,1.75,,False,1114225.7366404657
2024-06-06 00:00:00+00:00,1415793.4854555272,1.7232809627800505,1.7232809627800505,1.75,,False,1114437.1300232783
2024-06-07 00:00:00+00:00,1423380.3795694672,1.7246225319035884,1.7246225319035884,1.75,,False,1114648.5635121132
2024-06-10 00:00:00+00:00,1440564.896166007,1.7198444468215501,1.7198444468215501,1.75,,False,1114860.0371145795
2024-06-11 00:00:00+00:00,1459815.0100310012,1.7116783945009022,1.7116783945009022,1.75,,False,1115071.5508382877
2024-06-12 00:00:00+00:00,1477206.1346151193,1.6962970622599938,1.6962970622599938,1.75,,False,1115283.1046908495
2024-06-13 00:00:00+00:00,1502649.599384528,1.6901746397018622,1.6901746397018622,1.75,,False,1115494.6986798784
2024-06-14 00:00:00+00:00,1523686.421306734,1.6844017532273452,1.6844017532273452,1.75,,False,1115706.3328129891
2024-06-17 00:00:00+00:00,1551447.5533439552,1.6707781089405083,1.6707781089405083,1.75,,False,1115918.0070977977
2024-06-18 00:00:00+00:00,1549739.27345962,1.6706442289379722,1.6706442289379722,1.75,,False,1116129.721541922
2024-06-20 00:00:00+00:00,1534013.83696077,1.6796094688001915,1.6796094688001915,1.75,,False,1116341.4761529812
2024-06-21 00:00:00+00:00,1528911.6296355203,1.6828996407869479,1.6828996407869479,1.75,,False,1116553.2709385958
2024-06-24 00:00:00+00:00,1493836.7696415104,1.6948722858029535,1.6948722858029535,1.75,,False,1113490.244269898
2024-06-25 00:00:00+00:00,1525722.285142716,1.6818779432495776,1.6818779432495776,1.75,,False,1113701.4981134636
2024-06-26 00:00:00+00:00,1534120.3379740878,1.679734307682627,1.679734307682627,1.75,,False,1113912.7920365778
2024-06-27 00:00:00+00:00,1536833.6912679896,1.6770150818399905,1.6770150818399905,1.75,,False,1114124.1260468448
2024-06-28 00:00:00+00:00,1522831.120867532,1.6831785205699525,1.6831785205699525,1.75,,False,1114335.5001518698
2024-07-01 00:00:00+00:00,1535230.499227253,1.6767153058565976,1.6767153058565976,1.75,1.75,False,1114546.9143592597
2024-07-02 00:00:00+00:00,1560751.6872919423,1.6652179738727917,1.6652179738727917,1.75,,False,1114758.3686766229
2024-07-03 00:00:00+00:00,1573138.7739834497,1.6563153356224285,1.6563153356224285,1.75,,False,1114969.863111569
2024-07-05 00:00:00+00:00,1595825.7225350821,1.645374509863818,1.645374509863818,1.75,,False,1115181.3976717093
2024-07-08 00:00:00+00:00,1600840.0736128057,1.643059325715203,1.643059325715203,1.75,,False,1115392.9723646564
2024-07-09 00:00:00+00:00,1606180.1427304947,1.6423472008732432,1.6423472008732432,1.75,,False,1115604.5871980244
2024-07-10 00:00:00+00:00,1631979.266959075,1.6317283735834143,1.6317283735834143,1.75,,False,1115816.242179429
2024-07-11 00:00:00+00:00,1566581.7446080053,1.6553789086842112,1.6553789086842112,1.75,,False,1116027.9373164868
2024-07-12 00:00:00+00:00,1576979.6805055076,1.6492697641906073,1.6492697641906073,1.75,,False,1116239.6726168166
2024-07-15 00:00:00+00:00,1582324.6729004816,1.6466062290119519,1.6466062290119519,1.75,,False,1116451.448088038
2024-07-16 00:00:00+00:00,1587055.247412906,1.6464005988415036,1.6464005988415036,1.75,,False,1116663.2637377726
2024-07-17 00:00:00+00:00,1503528.208835915,1.6794440308996514,1.6794440308996514,1.75,,False,1116875.1195736427
2024-07-18 00:00:00+00:00,1494117.5083745674,1.6851065091029678,1.6851065091029678,1.75,,False,1117087.015603273
2024-07-19 00:00:00+00:00,1474986.0042745748,1.6957182241175737,1.6957182241175737,1.75,,False,1117298.951834289
2024-07-22 00:00:00+00:00,1513164.8412793924,1.6787918850199897,1.6787918850199897,1.75,,False,1117510.9282743174
2024-07-23 00:00:00+00:00,1507480.2072997363,1.683050352567891,1.683050352567891,1.75,,False,1117722.9449309872
2024-07-24 00:00:00+00:00,1416536.9366149942,1.7271748457556864,1.7271748457556864,1.75,,False,1117935.0018119283
2024-07-25 00:00:00+00:00,1388337.6846515436,1.7415390315908308,1.7415390315908308,1.75,,False,1118147.098924772
2024-07-26 00:00:00+00:00,1413199.9837105973,1.7287656126766517,1.7287656126766517,1.75,,False,1118359.2362771514
2024-07-29 00:00:00+00:00,1423154.46335971,1.7264814949483784,1.7264814949483784,1.75,,False,1118571.4138767007
2024-07-30 00:00:00+00:00,1390504.8262432725,1.7443686712876287,1.7443686712876287,1.75,,False,1118783.6317310557
2024-07-31 00:00:00+00:00,1460198.286512594,1.7080582680051442,1.7080582680051442,1.75,,False,1118995.8898478535
2024-08-01 00:00:00+00:00,1342324.692577988,1.7388597141109128,1.1796692294911773,1.1278468541142819,1.1278468541142819,True,260203.10681429936
2024-08-02 00:00:00+00:00,1289751.7736265205,1.1848863215780672,1.1848863215780672,1.1278468541142819,,False,260252.4731259533
2024-08-05 00:00:00+00:00,1239258.6440479977,1.1917006715190503,1.1917006715190503,1.1278468541142819,,False,260301.84880349357
2024-08-06 00:00:00+00:00,1256880.8051755396,1.1895851647061617,1.1895851647061617,1.1278468541142819,,False,260351.23384869713
2024-08-07 00:00:00+00:00,1240756.8416397346,1.192102892215704,1.192102892215704,1.1278468541142819,,False,260400.6282633412
2024-08-08 00:00:00+00:00,1287255.057817256,1.1853855410772205,1.1853855410772205,1.1278468541142819,,False,260450.03204920338
2024-08-09 00:00:00+00:00,1293874.523986154,1.1842863613802919,1.1842863613802919,1.1278468541142819,,False,260499.4452080616
2024-08-12 00:00:00+00:00,1296773.1865887395,1.1838588256532512,1.1838588256532512,1.1278468541142819,,False,260548.86774169412
2024-08-13 00:00:00+00:00,1331652.1256296868,1.1786520707487425,1.1786520707487425,1.1278468541142819,,False,260598.29965187956
2024-08-14 00:00:00+00:00,1323657.3830086421,1.1786237383335136,1.1786237383335136,1.1278468541142819,,False,260647.74094039685
2024-08-15 00:00:00+00:00,1367739.99694051,1.1734974958312816,1.1734974958312816,1.1278468541142819,,False,260697.19160902526
2024-08-16 00:00:00+00:00,1368512.9667166288,1.1732746747475706,1.1732746747475706,1.1278468541142819,,False,260746.6516595444
2024-08-19 00:00:00+00:00,1380270.8372171246,1.1706825783154613,1.1706825783154613,1.1278468541142819,,False,260796.12109373425
2024-08-20 00:00:00+00:00,1372372.147145981,1.1711409548693759,1.1711409548693759,1.1278468541142819,,False,260845.5999133751
2024-08-21 00:00:00+00:00,1375242.288551037,1.1702489937809233,1.1702489937809233,1.1278468541142819,,False,260895.08812024756
2024-08-22 00:00:00+00:00,1353203.1113668862,1.1735061647516023,1.1735061647516023,1.1278468541142819,,False,260944.5857161326
2024-08-23 00:00:00+00:00,1362778.8339783885,1.1713637292925518,1.1713637292925518,1.1278468541142819,,False,260994.09270281153
2024-08-26 00:00:00+00:00,1348685.1320666997,1.1733734803879314,1.1733734803879314,1.1278468541142819,,False,261043.609082066
2024-08-27 00:00:00+00:00,1353853.3852187903,1.1728063204391084,1.1728063204391084,1.1278468541142819,,False,261093.13485567796
2024-08-28 00:00:00+00:00,1339753.086986615,1.1751761534341587,1.1751761534341587,1.1278468541142819,,False,261142.67002542975
2024-08-29 00:00:00+00:00,1342349.9503015233,1.1755171678024858,1.1755171678024858,1.1278468541142819,,False,261192.21459310403
2024-08-30 00:00:00+00:00,1364313.2585365172,1.1731304223775227,1.1731304223775227,1.1278468541142819,,False,261241.7685604838
2024-09-03 00:00:00+00:00,1317700.6758492938,1.1795647816841723,1.1795647816841723,1.006422919682646,1.006422919682646,False,261291.33192935234
2024-09-04 00:00:00+00:00,1309112.1278801255,1.1801571857378732,1.1801571857378732,1.006422919682646,,False,261340.9047014934
2024-09-05 00:00:00+00:00,1308738.1503191474,1.1799991967858092,1.1799991967858092,1.006422919682646,,False,261390.48687869092
2024-09-06 00:00:00+00:00,1268468.775941357,1.1859163179491448,1.1859163179491448,1.006422919682646,,False,261440.0784627293
2024-09-09 00:00:00+00:00,1292900.2347437553,1.1831647070009605,1.1831647070009605,1.006422919682646,,False,261489.6794553932
2024-09-10 00:00:00+00:00,1309007.8790929515,1.1812241541594033,1.1812241541594033,1.006422919682646,,False,261539.28985846764
2024-09-11 00:00:00+00:00,1344124.8422309803,1.176731318345508,1.176731318345508,1.006422919682646,,False,261588.909673738
2024-09-12 00:00:00+00:00,1356034.4884345732,1.1747521670842798,1.1747521670842798,1.006422919682646,,False,261638.53890299
2024-09-13 00:00:00+00:00,1357715.3928491834,1.1738760091043257,1.1738760091043257,1.006422919682646,,False,261688.17754800964
2024-09-16 00:00:00+00:00,1346015.1811213223,1.1748214004068187,1.1748214004068187,1.006422919682646,,False,261737.82561058333
2024-09-17 00:00:00+00:00,1347411.5971837502,1.1747519083045654,1.1747519083045654,1.006422919682646,,False,261787.48309249777
2024-09-18 00:00:00+00:00,1340755.0134993037,1.1756844395250512,1.1756844395250512,1.006422919682646,,False,261837.14999554004
2024-09-19 00:00:00+00:00,1376726.5513716794,1.1706506564787826,1.1706506564787826,1.006422919682646,,False,261886.82632149753
2024-09-20 00:00:00+00:00,1372140.6040925914,1.1710669513659604,1.1710669513659604,1.006422919682646,,False,261932.87475512573
2024-09-23 00:00:00+00:00,1379373.6623459633,1.1694140766536385,1.1694140766536385,1.006422919682646,,False,260091.75600312516
2024-09-24 00:00:00+00:00,1384625.2109376886,1.1684984232579727,1.1684984232579727,1.006422919682646,,False,260137.48880355572
2024-09-25 00:00:00+00:00,1386954.9925597464,1.1683506515527373,1.1683506515527373,1.006422919682646,,False,260183.229645337
2024-09-26 00:00:00+00:00,1393959.4792338898,1.1669199896404092,1.1669199896404092,1.006422919682646,,False,260228.97852988297
2024-09-27 00:00:00+00:00,1387981.8840188163,1.1680439720618514,1.1680439720618514,1.006422919682646,,False,260274.7354586078
2024-09-30 00:00:00+00:00,1394086.44670057,1.167547747135697,1.167547747135697,1.006422919682646,,False,260320.50043292594
2024-10-01 00:00:00+00:00,1381033.4005953185,1.1703533329962996,1.1703533329962996,1.1842157755908307,1.1842157755908307,False,260366.27345425205
2024-10-02 00:00:00+00:00,1385403.9398244414,1.170107079166126,1.170107079166126,1.1842157755908307,,False,260412.05452400108
2024-10-03 00:00:00+00:00,1388549.6855349666,1.170290929010508,1.170290929010508,1.1842157755908307,,False,260457.84364358822
2024-10-04 00:00:00+00:00,1414778.4405233094,1.1679868113430554,1.1679868113430554,1.1842157755908307,,False,260503.6408144289
2024-10-07 00:00:00+00:00,1395127.0503540628,1.1701501343576386,1.1701501343576386,1.1842157755908307,,False,260549.44603793876
2024-10-08 00:00:00+00:00,1420242.57511287,1.1672620270845844,1.1672620270845844,1.1842157755908307,,False,260595.25931553377
2024-10-09 00:00:00+00:00,1435731.6769264434,1.1657737669315336,1.1657737669315336,1.1842157755908307,,False,260641.08064863007
2024-10-10 00:00:00+00:00,1437201.4316543636,1.166027541703509,1.166027541703509,1.1842157755908307,,False,260686.91003864413
2024-10-11 00:00:00+00:00,1437542.1096974544,1.1657594493547283,1.1657594493547283,1.1842157755908307,,False,260732.7474869926
2024-10-14 00:00:00+00:00,1451562.8709844945,1.164187230154805,1.164187230154805,1.1842157755908307,,False,260778.5929950924
2024-10-15 00:00:00+00:00,1434570.0838396465,1.1668168330487714,1.1668168330487714,1.1842157755908307,,False,260824.4465643607
2024-10-16 00:00:00+00:00,1438163.4030493854,1.1668272650894438,1.1668272650894438,1.1842157755908307,,False,260870.30819621493
2024-10-17 00:00:00+00:00,1444064.6643861115,1.1667267534351977,1.1667267534351977,1.1842157755908307,,False,260916.17789207277
2024-10-18 00:00:00+00:00,1452786.907907622,1.1654952868677981,1.1654952868677981,1.1842157755908307,,False,260962.05565335212
2024-10-21 00:00:00+00:00,1460572.9883636967,1.1651593618291873,1.1651593618291873,1.1842157755908307,,False,261007.94148147115
2024-10-22 00:00:00+00:00,1464415.5835527258,1.1649836719459383,1.1649836719459383,1.1842157755908307,,False,261053.8353778483
2024-10-23 00:00:00+00:00,1441699.4908459277,1.1680169968926846,1.1680169968926846,1.1842157755908307,,False,261099.73734390223
2024-10-24 00:00:00+00:00,1451675.316937068,1.1664747364242833,1.1664747364242833,1.1842157755908307,,False,261145.64738105188
2024-10-25 00:00:00+00:00,1461004.950159311,1.1653336516845179,1.1653336516845179,1.1842157755908307,,False,261191.56549071637
2024-10-28 00:00:00+00:00,1460427.0411336645,1.1653364157915291,1.1653364157915291,1.1842157755908307,,False,261237.49167431516
2024-10-29 00:00:00+00:00,1479609.0066422478,1.163539088355821,1.163539088355821,1.1842157755908307,,False,261283.4259332679
2024-10-30 00:00:00+00:00,1457645.9741327763,1.1650237319071624,1.1650237319071624,1.1842157755908307,,False,261329.3682689945
2024-10-31 00:00:00+00:00,1415909.6036025516,1.1700588430414975,1.1700588430414975,1.1842157755908307,,False,261375.31868291512
2024-11-01 00:00:00+00:00,1427385.0453770594,1.1686338872357724,1.7520371500546914,1.75,1.75,True,1164474.8516720033
2024-11-04 00:00:00+00:00,1415214.357646956,1.7561286805777767,1.7561286805777767,1.75,,False,1164679.6051667556
2024-11-05 00:00:00+00:00,1441961.4663947332,1.739786725247683,1.739786725247683,1.75,,False,1164884.3946639975
2024-11-06 00:00:00+00:00,1536368.6500797565,1.7066153757261497,1.7066153757261497,1.75,,False,1165089.2201700592
2024-11-07 00:00:00+00:00,1568688.9465476256,1.6883301102456303,1.6883301102456303,1.75,,False,1165294.0816912726
2024-11-08 00:00:00+00:00,1583626.3804336034,1.6871787149210562,1.6871787149210562,1.75,,False,1165498.97923397
2024-11-11 00:00:00+00:00,1581883.6260810846,1.688051961449636,1.688051961449636,1.75,,False,1165695.8190615738
2024-11-12 00:00:00+00:00,1593530.9168177478,1.6903576967261107,1.6903576967261107,1.75,,False,1165892.6921332376
2024-11-13 00:00:00+00:00,1594543.3227381802,1.6920602268641984,1.6920602268641984,1.75,,False,1166089.5984545758
2024-11-14 00:00:00+00:00,1576352.031736102,1.7004963694730282,1.7004963694730282,1.75,,False,1166286.5380312037
2024-11-15 00:00:00+00:00,1513731.4841269865,1.7302893674456872,1.7302893674456872,1.75,,False,1166483.510868738
2024-11-18 00:00:00+00:00,1526822.323183539,1.721824393716609,1.721824393716609,1.75,,False,1166680.5169727958
2024-11-19 00:00:00+00:00,1545890.7029244218,1.7135804427486803,1.7135804427486803,1.75,,False,1166877.5563489958
2024-11-20 00:00:00+00:00,1552544.6007374271,1.7144922496742416,1.7144922496742416,1.75,,False,1167074.629002957
2024-11-21 00:00:00+00:00,1568791.4275202546,1.7103178528817995,1.7103178528817995,1.75,,False,1167271.7349402995
2024-11-22 00:00:00+00:00,1584402.448485691,1.7085789192468797,1.7085789192468797,1.75,,False,1167468.874166645
2024-11-25 00:00:00+00:00,1576517.8918859996,1.706872935683327,1.706872935683327,1.75,,False,1167666.0466876156
2024-11-26 00:00:00+00:00,1590322.5120222545,1.700654742000589,1.700654742000589,1.75,,False,1167863.252508834
2024-11-27 00:00:00+00:00,1554894.720665609,1.710368948830242,1.710368948830242,1.75,,False,1168060.4916359244
2024-11-29 00:00:00+00:00,1582265.7959824281,1.7000519827065532,1.7000519827065532,1.75,,False,1168257.7640745118
2024-12-02 00:00:00+00:00,1576944.1818464762,1.6875254310572165,1.3687529466262025,1.3315122008055598,1.3315122008055598,True,609647.5499050273
2024-12-03 00:00:00+00:00,1578345.7155292747,1.3672965693332844,1.3672965693332844,1.3315122008055598,,False,609750.5126023445
2024-12-04 00:00:00+00:00,1603555.6564152287,1.3612741221243443,1.3612741221243443,1.3315122008055598,,False,609853.4926889173
2024-12-05 00:00:00+00:00,1590759.8689318036,1.362725558152502,1.362725558152502,1.3315122008055598,,False,609956.4901676825
2024-12-06 00:00:00+00:00,1611282.4508173538,1.3584373362904096,1.3584373362904096,1.3315122008055598,,False,610059.5050415775
2024-12-09 00:00:00+00:00,1593083.651343565,1.3623530917520306,1.3623530917520306,1.3315122008055598,,False,610162.5373135401
2024-12-10 00:00:00+00:00,1594339.1385329189,1.3641269479716651,1.3641269479716651,1.3315122008055598,,False,610265.5869865086
2024-12-11 00:00:00+00:00,1633798.4462235956,1.3555278931146948,1.3555278931146948,1.3315122008055598,,False,610368.6540634219
2024-12-12 00:00:00+00:00,1618483.2944997374,1.358747901662888,1.358747901662888,1.3315122008055598,,False,610471.7385472193
2024-12-13 00:00:00+00:00,1637710.2906945331,1.3551364574802653,1.3551364574802653,1.3315122008055598,,False,610574.8404408406
2024-12-16 00:00:00+00:00,1667348.073707389,1.3484180306082747,1.3484180306082747,1.3315122008055598,,False,610677.9597472261
2024-12-17 00:00:00+00:00,1658295.481927941,1.3505793030524158,1.3505793030524158,1.3315122008055598,,False,610781.0964693167
2024-12-18 00:00:00+00:00,1582972.1682391409,1.3686213197109953,1.3686213197109953,1.3315122008055598,,False,610884.2506100538
2024-12-19 00:00:00+00:00,1590238.3954701133,1.3709676668468622,1.3709676668468622,1.3315122008055598,,False,610987.422172379
2024-12-20 00:00:00+00:00,1597918.4329916479,1.3666601237988574,1.3666601237988574,1.3315122008055598,,False,611086.3681910252
2024-12-23 00:00:00+00:00,1621451.2812273381,1.3604967619717485,1.3604967619717485,1.3315122008055598,,False,608435.129183414
2024-12-24 00:00:00+00:00,1654607.4630067146,1.3540443654093628,1.3540443654093628,1.3315122008055598,,False,608533.6618723902
2024-12-26 00:00:00+00:00,1647439.8218550286,1.3544480859093915,1.3544480859093915,1.3315122008055598,,False,608632.2105181878
2024-12-27 00:00:00+00:00,1617683.6097517174,1.3610263790227954,1.3610263790227954,1.3315122008055598,,False,608730.7751233912
2024-12-30 00:00:00+00:00,1593964.7592718853,1.3677634380706594,1.3677634380706594,1.3315122008055598,,False,608829.3556905848
2024-12-31 00:00:00+00:00,1580676.6263585414,1.3721693212438115,1.3721693212438115,1.3315122008055598,,False,608927.9522223535
2025-01-02 00:00:00+00:00,1590164.9204190408,1.3732539222428417,1.3732539222428417,1.2313099110173589,1.2313099110173589,False,609026.5647212829
2025-01-03 00:00:00+00:00,1620908.4439474018,1.3651306581115887,1.3651306581115887,1.2313099110173589,,False,609125.1931899586
2025-01-06 00:00:00+00:00,1629617.89419831,1.3595696763747338,1.3595696763747338,1.2313099110173589,,False,609223.8376309668
2025-01-07 00:00:00+00:00,1594281.3455384779,1.3685915501375283,1.3685915501375283,1.2313099110173589,,False,609322.4980468942
2025-01-08 00:00:00+00:00,1603226.0323926061,1.3685850923481764,1.3685850923481764,1.2313099110173589,,False,609421.1744403279
2025-01-10 00:00:00+00:00,1580215.4794603253,1.3767527480100457,1.3767527480100457,1.2313099110173589,,False,609519.8668138554
2025-01-13 00:00:00+00:00,1577595.9155153467,1.3785116182752088,1.3785116182752088,1.2313099110173589,,False,609618.5751700643
2025-01-14 00:00:00+00:00,1562729.2645082604,1.3790923275572058,1.3790923275572058,1.2313099110173589,,False,609717.2995115432
2025-01-15 00:00:00+00:00,1613783.3202133675,1.3675158056709014,1.3675158056709014,1.2313099110173589,,False,609816.0398408808
2025-01-16 00:00:00+00:00,1594968.3638012747,1.3711533596728336,1.3711533596728336,1.2313099110173589,,False,609914.7961606662
2025-01-17 00:00:00+00:00,1634322.6784049931,1.362838153465436,1.362838153465436,1.2313099110173589,,False,610013.5684734888
2025-01-21 00:00:00+00:00,1625795.8825384849,1.3600402576981854,1.3600402576981854,1.2313099110173589,,False,610112.3567819388
2025-01-22 00:00:00+00:00,1654448.7184087131,1.3539640190882694,1.3539640190882694,1.2313099110173589,,False,610211.1610886066
2025-01-23 00:00:00+00:00,1659116.3189430402,1.3530253715205502,1.3530253715205502,1.2313099110173589,,False,610309.9813960829
2025-01-24 00:00:00+00:00,1631461.5253896029,1.3558235475658786,1.3558235475658786,1.2313099110173589,,False,610408.817706959
2025-01-27 00:00:00+00:00,1570401.7264825949,1.370528892667178,1.370528892667178,1.2313099110173589,,False,610507.6700238265
2025-01-28 00:00:00+00:00,1612105.3124256397,1.3632525466867935,1.3632525466867935,1.2313099110173589,,False,610606.5383492776
2025-01-29 00:00:00+00:00,1609581.1279484087,1.3642654102614307,1.3642654102614307,1.2313099110173589,,False,610705.4226859047
2025-01-30 00:00:00+00:00,1618224.4621502566,1.3622393461245819,1.3622393461245819,1.2313099110173589,,False,610804.3230363007
2025-01-31 00:00:00+00:00,1618032.0778553337,1.3630378958512832,1.3630378958512832,1.2313099110173589,,False,610903.2394030591
2025-02-03 00:00:00+00:00,1619439.3591404485,1.3671230959985199,1.3671230959985199,1.2089533427311945,1.2089533427311945,False,611002.1717887736
2025-02-04 00:00:00+00:00,1630339.1484402395,1.3611433403799338,1.3611433403799338,1.2089533427311945,,False,611101.1201960383
2025-02-05 00:00:00+00:00,1634016.6244865,1.3590053304352272,1.3590053304352272,1.2089533427311945,,False,611200.0846274478
2025-02-06 00:00:00+00:00,1653606.9364892817,1.3565549398201253,1.3565549398201253,1.2089533427311945,,False,611299.0650855971
2025-02-07 00:00:00+00:00,1631353.6930606647,1.362842081439858,1.362842081439858,1.2089533427311945,,False,611398.0615730818
2025-02-10 00:00:00+00:00,1660904.5107151843,1.3570317301222017,1.3570317301222017,1.2089533427311945,,False,611497.0740924976
2025-02-11 00:00:00+00:00,1650002.2437365975,1.3582677368940748,1.3582677368940748,1.2089533427311945,,False,611596.1026464408
2025-02-12 00:00:00+00:00,1643913.2438646655,1.3580609856011363,1.3580609856011363,1.2089533427311945,,False,611695.1472375083
2025-02-13 00:00:00+00:00,1670149.0569598612,1.351276507194559,1.351276507194559,1.2089533427311945,,False,611794.2078682971
2025-02-14 00:00:00+00:00,1668330.4646418157,1.3493711489639593,1.3493711489639593,1.2089533427311945,,False,611893.2845414047
2025-02-18 00:00:00+00:00,1679900.332313317,1.3483817438738448,1.3483817438738448,1.2089533427311945,,False,611992.3772594291
2025-02-19 00:00:00+00:00,1688671.4460313448,1.3483271746933558,1.3483271746933558,1.2089533427311945,,False,612091.4860249686
2025-02-20 00:00:00+00:00,1667852.5890020344,1.3504087718946298,1.3504087718946298,1.2089533427311945,,False,612190.6108406221
2025-02-21 00:00:00+00:00,1624113.7747611466,1.3605923455107827,1.3605923455107827,1.2089533427311945,,False,612289.7517089888
2025-02-24 00:00:00+00:00,1594426.6495245511,1.36655941401046,1.36655941401046,1.2089533427311945,,False,612388.9086326683
2025-02-25 00:00:00+00:00,1563894.5953033112,1.3730642169610572,1.3730642169610572,1.2089533427311945,,False,612488.0816142608
2025-02-26 00:00:00+00:00,1566599.6025192,1.37191353458363,1.37191353458363,1.2089533427311945,,False,612587.2706563667
2025-02-27 00:00:00+00:00,1521287.2026347492,1.3867314653651437,1.3867314653651437,1.2089533427311945,,False,612686.4757615869
2025-02-28 00:00:00+00:00,1556299.3018943095,1.3785285557771134,1.3785285557771134,1.2089533427311945,,False,612785.6969325227
2025-03-03 00:00:00+00:00,1495740.5437802938,1.3903901558041027,1.3903901558041027,1.4402213073329504,1.4402213073329504,False,612884.9341717759
2025-03-04 00:00:00+00:00,1483997.259860827,1.3921234893171854,1.3921234893171854,1.4402213073329504,,False,612984.1874819488
2025-03-05 00:00:00+00:00,1478002.3031404896,1.3852205436485643,1.3852205436485643,1.4402213073329504,,False,613083.4568656437
2025-03-06 00:00:00+00:00,1415017.9859294302,1.4005723665095822,1.4005723665095822,1.4402213073329504,,False,613182.7423254639
2025-03-07 00:00:00+00:00,1424102.3695936406,1.396578537703811,1.396578537703811,1.4402213073329504,,False,613282.0438640127
2025-03-10 00:00:00+00:00,1349663.864975225,1.419368572466175,1.419368572466175,1.4402213073329504,,False,613381.361483894
2025-03-11 00:00:00+00:00,1333915.0148307753,1.4208930910494753,1.4208930910494753,1.4402213073329504,,False,613480.6951877121
2025-03-12 00:00:00+00:00,1355453.1848483437,1.4143480114737768,1.4143480114737768,1.4402213073329504,,False,613580.0449780717
2025-03-13 00:00:00+00:00,1328901.1532410101,1.4252644127947063,1.4252644127947063,1.4402213073329504,,False,613679.4108575779
2025-03-14 00:00:00+00:00,1372945.7592730462,1.411196164438926,1.411196164438926,1.4402213073329504,,False,613778.7928288362
2025-03-17 00:00:00+00:00,1379074.2099813477,1.407560790157996,1.407560790157996,1.4402213073329504,,False,613878.1908944527
2025-03-18 00:00:00+00:00,1345276.0694152873,1.417676624688978,1.417676624688978,1.4402213073329504,,False,613977.6050570337
2025-03-19 00:00:00+00:00,1377006.5530198195,1.4099942073577967,1.4099942073577967,1.4402213073329504,,False,614077.035319186
2025-03-20 00:00:00+00:00,1373997.3746217478,1.4120572908125573,1.4120572908125573,1.4402213073329504,,False,614176.4816835169
2025-03-21 00:00:00+00:00,1385666.723620762,1.4102416566374985,1.4102416566374985,1.4402213073329504,,False,614275.944152634
2025-03-24 00:00:00+00:00,1429252.5295924316,1.396709152846348,1.396709152846348,1.4402213073329504,,False,612017.1664994316
2025-03-25 00:00:00+00:00,1439219.106018415,1.3936610427109217,1.3936610427109217,1.4402213073329504,,False,612116.2792794508
2025-03-26 00:00:00+00:00,1405211.0952289484,1.4041137609539902,1.4041137609539902,1.4402213073329504,,False,612215.4081102341
2025-03-27 00:00:00+00:00,1391424.303196558,1.407465873735821,1.407465873735821,1.4402213073329504,,False,612314.5529943808
2025-03-28 00:00:00+00:00,1336554.9687724146,1.4232432687882965,1.4232432687882965,1.4402213073329504,,False,612413.7139344907
2025-03-31 00:00:00+00:00,1340095.822220425,1.4233665134456999,1.4233665134456999,1.4402213073329504,,False,612512.8909331639
2025-04-01 00:00:00+00:00,1323721.3075718298,1.4186601307079332,0.919650642114204,0.8985023949661928,0.8985023949661928,True,0.0
2025-04-02 00:00:00+00:00,1324268.1832394223,0.9201863539060158,0.9201863539060158,0.8985023949661928,,False,0.0
2025-04-03 00:00:00+00:00,1238072.5307793545,0.916050954739936,0.916050954739936,0.8985023949661928,,False,0.0
2025-04-04 00:00:00+00:00,1171661.0264018502,0.910986542705046,0.910986542705046,0.8985023949661928,,False,0.0
2025-04-07 00:00:00+00:00,1185212.9889796185,0.9111818003216209,0.9111818003216209,0.8985023949661928,,False,0.0
2025-04-08 00:00:00+00:00,1165764.8504837453,0.9097000704104965,0.9097000704104965,0.8985023949661928,,False,0.0
2025-04-09 00:00:00+00:00,1278065.0816265356,0.9185894511546852,0.9185894511546852,0.8985023949661928,,False,0.0
2025-04-10 00:00:00+00:00,1211452.1326738042,0.9152794502460997,0.9152794502460997,0.8985023949661928,,False,0.0
2025-04-11 00:00:00+00:00,1217412.829358217,0.9166843396679799,0.9166843396679799,0.8985023949661928,,False,0.0
2025-04-14 00:00:00+00:00,1221418.0956038777,0.9171988227909111,0.9171988227909111,0.8985023949661928,,False,0.0
2025-04-15 00:00:00+00:00,1230031.0984007467,0.9172833967306548,0.9172833967306548,0.8985023949661928,,False,0.0
2025-04-16 00:00:00+00:00,1186342.0331045995,0.9149304322332062,0.9149304322332062,0.8985023949661928,,False,0.0
2025-04-17 00:00:00+00:00,1188025.3699706933,0.9149164140428798,0.9149164140428798,0.8985023949661928,,False,0.0
2025-04-21 00:00:00+00:00,1146597.8448829267,0.9129453946213311,0.9129453946213311,0.8985023949661928,,False,0.0
2025-04-22 00:00:00+00:00,1178378.6514296632,0.9149829713495458,0.9149829713495458,0.8985023949661928,,False,0.0
2025-04-23 00:00:00+00:00,1215123.398606646,0.9167112239163014,0.9167112239163014,0.8985023949661928,,False,0.0
2025-04-24 00:00:00+00:00,1245039.78380513,0.9188055227900372,0.9188055227900372,0.8985023949661928,,False,0.0
2025-04-25 00:00:00+00:00,1255803.163780285,0.919628748802087,0.919628748802087,0.8985023949661928,,False,0.0
2025-04-28 00:00:00+00:00,1254775.088534088,0.9196052818499251,0.9196052818499251,0.8985023949661928,,False,0.0
2025-04-29 00:00:00+00:00,1261398.9386054114,0.9200906084662186,0.9200906084662186,0.8985023949661928,,False,0.0
2025-04-30 00:00:00+00:00,1266475.7736196108,0.9200813308906668,0.9200813308906668,0.8985023949661928,,False,0.0
2025-05-01 00:00:00+00:00,1286008.338016403,0.9210303054250041,0.5014156564961433,0.5,0.5,True,0.0
2025-05-02 00:00:00+00:00,1289748.2051440277,0.5050991773229214,0.5050991773229214,0.5,,False,0.0
2025-05-05 00:00:00+00:00,1287588.122318999,0.5036117443536062,0.5036117443536062,0.5,,False,0.0
2025-05-06 00:00:00+00:00,1278167.6006118357,0.5012754893961472,0.5012754893961472,0.5,,False,0.0
2025-05-07 00:00:00+00:00,1280344.4359660596,0.5022550388996866,0.5022550388996866,0.5,,False,0.0
2025-05-08 00:00:00+00:00,1298310.4216544025,0.5048228934930036,0.5048228934930036,0.5,,False,0.0
2025-05-09 00:00:00+00:00,1295462.4739703692,0.5046590137074684,0.5046590137074684,0.5,,False,0.0
2025-05-12 00:00:00+00:00,1341620.2108926065,0.5146380167266099,0.5146380167266099,0.5,,False,0.0
2025-05-13 00:00:00+00:00,1343674.1329499718,0.5184153142668206,0.5184153142668206,0.5,,False,0.0
2025-05-14 00:00:00+00:00,1344240.4151664765,0.5199069144940233,0.5199069144940233,0.5,,False,0.0
2025-05-15 00:00:00+00:00,1347051.9922710327,0.5201810617598192,0.5201810617598192,0.5,,False,0.0
2025-05-16 00:00:00+00:00,1355918.5943330978,0.5212649476791095,0.5212649476791095,0.5,,False,0.0
2025-05-19 00:00:00+00:00,1345126.2597638406,0.5215040832128078,0.5215040832128078,0.5,,False,0.0
2025-05-20 00:00:00+00:00,1340640.3243930372,0.5206708635273825,0.5206708635273825,0.5,,False,0.0
2025-05-21 00:00:00+00:00,1320497.0851496293,0.5171773461797894,0.5171773461797894,0.5,,False,0.0
2025-05-22 00:00:00+00:00,1329039.4461027551,0.5176441527990083,0.5176441527990083,0.5,,False,0.0
2025-05-23 00:00:00+00:00,1314627.4623201224,0.5153207179807301,0.5153207179807301,0.5,,False,0.0
2025-05-27 00:00:00+00:00,1333384.2225333625,0.5211261208147545,0.5211261208147545,0.5,,False,0.0
2025-05-28 00:00:00+00:00,1335019.5473383437,0.5200175621961882,0.5200175621961882,0.5,,False,0.0
2025-05-29 00:00:00+00:00,1326511.17682139,0.5205076976526116,0.5205076976526116,0.5,,False,0.0
2025-05-30 00:00:00+00:00,1328108.8070567925,0.5201137501755912,0.5201137501755912,0.5,,False,0.0
2025-06-02 00:00:00+00:00,1321735.17635773,0.5220770407548458,1.2468972926564343,1.245094236289123,1.245094236289123,True,373063.698859993
2025-06-03 00:00:00+00:00,1341488.7390278222,1.2445632782252114,1.2445632782252114,1.245094236289123,,False,373124.1144534473
2025-06-04 00:00:00+00:00,1340080.7768814221,1.2437667526041982,1.2437667526041982,1.245094236289123,,False,373184.5398308713
2025-06-05 00:00:00+00:00,1325625.6776788807,1.2461200741078453,1.2461200741078453,1.245094236289123,,False,373244.97499384946
2025-06-06 00:00:00+00:00,1346782.8376587837,1.2432070576872374,1.2432070576872374,1.245094236289123,,False,373305.4199439665
2025-06-09 00:00:00+00:00,1345887.8065702757,1.2428116689201512,1.2428116689201512,1.245094236289123,,False,373365.8746828074
2025-06-10 00:00:00+00:00,1357135.469140804,1.2408804585896178,1.2408804585896178,1.245094236289123,,False,373426.3392119575
2025-06-11 00:00:00+00:00,1343527.7837716525,1.2419405103527799,1.2419405103527799,1.245094236289123,,False,373486.81353300205
2025-06-12 00:00:00+00:00,1337151.6414559218,1.241285593367147,1.241285593367147,1.245094236289123,,False,373547.29764752695
2025-06-13 00:00:00+00:00,1318652.984365076,1.245154737130321,1.245154737130321,1.245094236289123,,False,373607.7915571182
2025-06-16 00:00:00+00:00,1338659.71063656,1.2410293870773974,1.2410293870773974,1.245094236289123,,False,373668.295263362
2025-06-17 00:00:00+00:00,1327681.2371724835,1.2440310900770195,1.2440310900770195,1.245094236289123,,False,373728.8087678449
2025-06-18 00:00:00+00:00,1328960.679136567,1.2441319356248233,1.2441319356248233,1.245094236289123,,False,373789.3320721537
2025-06-20 00:00:00+00:00,1322271.731596369,1.2454279590622093,1.2454279590622093,1.245094236289123,,False,373849.8651778754
2025-06-23 00:00:00+00:00,1336582.9447700349,1.241425552644753,1.241425552644753,1.245094236289123,,False,372314.271560323
2025-06-24 00:00:00+00:00,1353691.5331715562,1.236975199636776,1.236975199636776,1.245094236289123,,False,372374.5657881896
2025-06-25 00:00:00+00:00,1356518.059015659,1.2362754657024337,1.2362754657024337,1.245094236289123,,False,372434.8697803714
2025-06-26 00:00:00+00:00,1360787.4415556462,1.233622108402691,1.233622108402691,1.245094236289123,,False,372495.1835384497
2025-06-27 00:00:00+00:00,1365667.3196712907,1.232686003691223,1.232686003691223,1.245094236289123,,False,372555.50706400606
2025-06-30 00:00:00+00:00,1371139.748921145,1.2308889397325404,1.2308889397325404,1.245094236289123,,False,372615.84035862226
2025-07-01 00:00:00+00:00,1354769.2651941255,1.2333562965189082,1.751810123339836,1.75,1.75,True,1199420.0428718147
2025-07-02 00:00:00+00:00,1369507.1147784898,1.742956744936435,1.742956744936435,1.75,,False,1199614.282284313
2025-07-03 00:00:00+00:00,1396621.4784430705,1.730633836517777,1.730633836517777,1.75,,False,1199808.5531528052
2025-07-07 00:00:00+00:00,1381185.6319304507,1.74049334019946,1.74049334019946,1.75,,False,1200002.8554823853
2025-07-08 00:00:00+00:00,1385440.05542791,1.739978748428883,1.739978748428883,1.75,,False,1200197.189278148
2025-07-09 00:00:00+00:00,1402338.7417458782,1.7311801296960576,1.7311801296960576,1.75,,False,1200391.5545451895
2025-07-10 00:00:00+00:00,1400954.9129804044,1.7332108713179437,1.7332108713179437,1.75,,False,1200585.951288606
2025-07-11 00:00:00+00:00,1394369.7940333649,1.736288906719807,1.736288906719807,1.75,,False,1200780.3795134954
2025-07-14 00:00:00+00:00,1405869.1022400318,1.7318865123202574,1.7318865123202574,1.75,,False,1200974.8392249555
2025-07-15 00:00:00+00:00,1414357.0550513433,1.7309310681987806,1.7309310681987806,1.75,,False,1201169.3304280855
2025-07-16 00:00:00+00:00,1415477.97824303,1.7298423715830251,1.7298423715830251,1.75,,False,1201363.8531279855
2025-07-17 00:00:00+00:00,1439086.209685281,1.7199667133425773,1.7199667133425773,1.75,,False,1201558.4073297558
2025-07-18 00:00:00+00:00,1430618.0526660674,1.7213599366962342,1.7213599366962342,1.75,,False,1201752.9930384983
2025-07-21 00:00:00+00:00,1435820.8902829196,1.7151775160608795,1.7151775160608795,1.75,,False,1201947.6102593155
2025-07-22 00:00:00+00:00,1417579.6343267653,1.7217844062152239,1.7217844062152239,1.75,,False,1202142.2589973102
2025-07-23 00:00:00+00:00,1428668.4628777595,1.7163591199156867,1.7163591199156867,1.75,,False,1202336.9392575866
2025-07-24 00:00:00+00:00,1431650.1089829472,1.713949828813851,1.713949828813851,1.75,,False,1202531.6510452498
2025-07-25 00:00:00+00:00,1441679.738413917,1.7112135707844232,1.7112135707844232,1.75,,False,1202726.3943654052
2025-07-28 00:00:00+00:00,1464328.8090736868,1.7076259481708473,1.7076259481708473,1.75,,False,1202921.1692231593
2025-07-29 00:00:00+00:00,1469783.42463794,1.709699012935251,1.709699012935251,1.75,,False,1203115.9756236195
2025-07-30 00:00:00+00:00,1481200.1445584511,1.708272950143506,1.708272950143506,1.75,,False,1203310.813571894
2025-07-31 00:00:00+00:00,1472629.0973585823,1.7149415594747814,1.7149415594747814,1.75,,False,1203505.683073092
2025-08-01 00:00:00+00:00,1407442.3693129113,1.740146859407364,1.740146859407364,1.75,1.75,False,1203700.584132323
2025-08-04 00:00:00+00:00,1450832.2522754888,1.7173206209365457,1.7173206209365457,1.75,,False,1203895.5167546978
2025-08-05 00:00:00+00:00,1432261.6304412489,1.725985933656793,1.725985933656793,1.75,,False,1204090.4809453278
2025-08-06 00:00:00+00:00,1454782.5646431497,1.7107506834993582,1.7107506834993582,1.75,,False,1204285.4767093253
2025-08-07 00:00:00+00:00,1463791.947678805,1.706854670324358,1.706854670324358,1.75,,False,1204480.5040518036
2025-08-08 00:00:00+00:00,1484507.8078634485,1.695967667561924,1.695967667561924,1.75,,False,1204675.5629778765
2025-08-11 00:00:00+00:00,1483634.8354015816,1.6996702695685555,1.6996702695685555,1.75,,False,1204870.6534926589
2025-08-12 00:00:00+00:00,1506594.4045165794,1.6852229761333748,1.6852229761333748,1.75,,False,1205065.7756012662
2025-08-13 00:00:00+00:00,1502291.4411258386,1.6848328627286595,1.6848328627286595,1.75,,False,1205260.929308815
2025-08-14 00:00:00+00:00,1509309.4648996168,1.685915965915244,1.685915965915244,1.75,,False,1205456.1146204225
2025-08-15 00:00:00+00:00,1489764.0843270284,1.691228309307723,1.691228309307723,1.75,,False,1205651.331541207
2025-08-18 00:00:00+00:00,1493824.603538975,1.6918839403106856,1.6918839403106856,1.75,,False,1205846.580076287
2025-08-19 00:00:00+00:00,1460243.0755704513,1.7083349582963243,1.7083349582963243,1.75,,False,1206041.8602307828
2025-08-20 00:00:00+00:00,1446629.1375482553,1.7157920231098907,1.7157920231098907,1.75,,False,1206237.1720098145
2025-08-21 00:00:00+00:00,1440410.4340323478,1.7217248023003155,1.7217248023003155,1.75,,False,1206432.515418504
2025-08-22 00:00:00+00:00,1464869.2994156226,1.7032444915503329,1.7032444915503329,1.75,,False,1206627.8904619731
2025-08-25 00:00:00+00:00,1462875.4616283628,1.7069121958518434,1.7069121958518434,1.75,,False,1206823.2971453452
2025-08-26 00:00:00+00:00,1474376.4801207865,1.7022937777477434,1.7022937777477434,1.75,,False,1207018.735473744
2025-08-27 00:00:00+00:00,1483921.7112858784,1.7006541893636944,1.7006541893636944,1.75,,False,1207214.2054522943
2025-08-28 00:00:00+00:00,1491714.2887181512,1.6934637032032125,1.6934637032032125,1.75,,False,1207409.7070861217
2025-08-29 00:00:00+00:00,1459429.2951125172,1.707524858605625,1.707524858605625,1.75,,False,1207605.2403803526
2025-09-02 00:00:00+00:00,1443562.914619158,1.7179957143191453,1.7179957143191453,1.6461392103881647,1.6461392103881647,False,1207800.8053401143
2025-09-03 00:00:00+00:00,1460025.013962036,1.70861649578758,1.70861649578758,1.6461392103881647,,False,1207996.4019705346
2025-09-04 00:00:00+00:00,1486001.0287607627,1.6980161878560995,1.6980161878560995,1.6461392103881647,,False,1208192.0302767425
2025-09-05 00:00:00+00:00,1475413.926559502,1.6965014480171623,1.6965014480171623,1.6461392103881647,,False,1208387.6902638678
2025-09-08 00:00:00+00:00,1488469.8963830592,1.6909740484087215,1.6909740484087215,1.6461392103881647,,False,1208583.3819370412
2025-09-09 00:00:00+00:00,1499006.0221194075,1.687867517548333,1.687867517548333,1.6461392103881647,,False,1208779.1053013937
2025-09-10 00:00:00+00:00,1500819.365814215,1.6876756165204132,1.6876756165204132,1.6461392103881647,,False,1208974.8603620578
2025-09-11 00:00:00+00:00,1513070.1077044108,1.6811715335605548,1.6811715335605548,1.6461392103881647,,False,1209170.6471241664
2025-09-12 00:00:00+00:00,1526481.2072013258,1.676334030909514,1.676334030909514,1.6461392103881647,,False,1209366.4655928535
2025-09-15 00:00:00+00:00,1540582.3783525184,1.6669496798562318,1.6669496798562318,1.6461392103881647,,False,1209562.3157732536
2025-09-16 00:00:00+00:00,1528378.619778243,1.6680709297434613,1.6680709297434613,1.6461392103881647,,False,1209758.1976705024
2025-09-17 00:00:00+00:00,1523510.3489044604,1.6704840112534294,1.6704840112534294,1.6461392103881647,,False,1209954.111289736
2025-09-18 00:00:00+00:00,1554825.2661572513,1.660712229735398,1.660712229735398,1.6461392103881647,,False,1210150.0566360923
2025-09-19 00:00:00+00:00,1575757.1274655955,1.65353450100316,1.65353450100316,1.6461392103881647,,False,1210337.6298948708
2025-09-22 00:00:00+00:00,1587548.8017915573,1.6462557949145284,1.6462557949145284,1.6461392103881647,,False,1207865.7841288017
2025-09-23 00:00:00+00:00,1566437.295038811,1.6535684634243848,1.6535684634243848,1.6461392103881647,,False,1208053.338843615
2025-09-24 00:00:00+00:00,1564876.9165510118,1.6575537829955533,1.6575537829955533,1.6461392103881647,,False,1208240.9226815077
2025-09-25 00:00:00+00:00,1562717.3410635707,1.6624575515836884,1.6624575515836884,1.6461392103881647,,False,1208428.5356470018
2025-09-26 00:00:00+00:00,1570679.928202543,1.658130325121857,1.658130325121857,1.6461392103881647,,False,1208616.1777446202
2025-09-29 00:00:00+00:00,1577453.8135923787,1.6532827183482992,1.6532827183482992,1.6461392103881647,,False,1208803.8489788866
2025-09-30 00:00:00+00:00,1583762.3611620127,1.6505042731023463,1.6505042731023463,1.6461392103881647,,False,1208991.5493543253
2025-10-01 00:00:00+00:00,1597775.7639875154,1.6455592406170503,1.6455592406170503,1.75,1.75,False,1209179.278875461
2025-10-02 00:00:00+00:00,1612137.489210807,1.6413848397039303,1.6413848397039303,1.75,,False,1209367.0375468198
2025-10-03 00:00:00+00:00,1593887.1928804014,1.6460126296314042,1.6460126296314042,1.75,,False,1209554.8253729278
2025-10-06 00:00:00+00:00,1618943.5783435625,1.638286497891927,1.638286497891927,1.75,,False,1209742.6423583122
2025-10-07 00:00:00+00:00,1609353.4567894603,1.6440050817122795,1.6440050817122795,1.75,,False,1209930.4885075006
2025-10-08 00:00:00+00:00,1649129.3525719787,1.6322525121142841,1.6322525121142841,1.75,,False,1210118.3638250215
2025-10-09 00:00:00+00:00,1652401.0486909444,1.6336649382049295,1.6336649382049295,1.75,,False,1210306.6044593942
2025-10-10 00:00:00+00:00,1551280.9265524435,1.6719362573710537,1.6719362573710537,1.75,,False,1210494.8743756434
2025-10-13 00:00:00+00:00,1606159.488895913,1.6490787822197037,1.6490787822197037,1.75,,False,1210683.173578324
2025-10-14 00:00:00+00:00,1589038.5083324073,1.6564569291513336,1.6564569291513336,1.75,,False,1210871.5020719918
2025-10-15 00:00:00+00:00,1603307.3593089478,1.6490385174706497,1.6490385174706497,1.75,,False,1211059.859861203
2025-10-16 00:00:00+00:00,1589667.2373233803,1.6531940119441022,1.6531940119441022,1.75,,False,1211248.2469505148
2025-10-17 00:00:00+00:00,1605524.3865224558,1.646344768966966,1.646344768966966,1.75,,False,1211436.9998023312
2025-10-20 00:00:00+00:00,1641200.1755728181,1.6333698886994952,1.6333698886994952,1.75,,False,1211625.7820681338
2025-10-21 00:00:00+00:00,1645985.4894278336,1.6338019524694216,1.6338019524694216,1.75,,False,1211814.5937525062
2025-10-22 00:00:00+00:00,1620473.132513794,1.644102505705749,1.644102505705749,1.75,,False,1212003.4348600325
2025-10-23 00:00:00+00:00,1642707.17098656,1.6354835935982195,1.6354835935982195,1.75,,False,1212192.3053952982
2025-10-24 00:00:00+00:00,1669220.549241283,1.62473401695117,1.62473401695117,1.75,,False,1212381.205362889
2025-10-27 00:00:00+00:00,1715881.3708236422,1.6073176400432256,1.6073176400432256,1.75,,False,1212570.1347673913
2025-10-28 00:00:00+00:00,1733500.7247467095,1.6000526119709162,1.6000526119709162,1.75,,False,1212759.43043843
2025-10-29 00:00:00+00:00,1745079.8837729844,1.5959085683895706,1.5959085683895706,1.75,,False,1212948.7556606263
2025-10-30 00:00:00+00:00,1717060.005771069,1.6109655047439182,1.6109655047439182,1.75,,False,1213138.1104385934
2025-10-31 00:00:00+00:00,1733695.3037194186,1.606399465525743,1.606399465525743,1.75,,False,1213319.070206734
2025-11-03 00:00:00+00:00,1718870.2513509379,1.6019175230135934,1.2647181653522657,1.2433721346057258,1.2433721346057258,True,524679.1564848295
2025-11-04 00:00:00+00:00,1680506.160075913,1.2717444329138667,1.2717444329138667,1.2433721346057258,,False,524757.4211256718
2025-11-05 00:00:00+00:00,1695231.7610396799,1.269564865458441,1.269564865458441,1.2433721346057258,,False,524835.6974409898
2025-11-06 00:00:00+00:00,1647328.3355282666,1.276146664491023,1.276146664491023,1.2433721346057258,,False,524913.9854325247
2025-11-07 00:00:00+00:00,1635100.9543220063,1.277315921345289,1.277315921345289,1.2433721346057258,,False,524992.2851020184
2025-11-10 00:00:00+00:00,1686046.162377532,1.2697455572557588,1.2697455572557588,1.2433721346057258,,False,525070.5964512128
2025-11-11 00:00:00+00:00,1680276.1675731381,1.270712226908986,1.270712226908986,1.2433721346057258,,False,525148.9194818501
2025-11-12 00:00:00+00:00,1671719.5421025855,1.2710350530130727,1.2710350530130727,1.2433721346057258,,False,525227.2541956728
2025-11-13 00:00:00+00:00,1620304.3362411621,1.2783087056875588,1.2783087056875588,1.2433721346057258,,False,525305.6005944237
2025-11-14 00:00:00+00:00,1626270.2370494453,1.2780931080297038,1.2780931080297038,1.2433721346057258,,False,525384.104598068
2025-11-17 00:00:00+00:00,1611085.8466042103,1.281216008952646,1.281216008952646,1.2433721346057258,,False,525462.6203336996
2025-11-18 00:00:00+00:00,1588487.9870057523,1.2857272994680229,1.2857272994680229,1.2433721346057258,,False,525541.1478030718
2025-11-19 00:00:00+00:00,1606022.5046005596,1.2836051989254307,1.2836051989254307,1.2433721346057258,,False,525619.6870079379
2025-11-20 00:00:00+00:00,1557965.0486705073,1.2925491655994863,1.2925491655994863,1.2433721346057258,,False,525698.2379500519
2025-11-21 00:00:00+00:00,1576853.797708666,1.289791485624585,1.289791485624585,1.2433721346057258,,False,525776.8006311677
2025-11-24 00:00:00+00:00,1627099.6034483067,1.2805918833009993,1.2805918833009993,1.2433721346057258,,False,525855.3750530399
2025-11-25 00:00:00+00:00,1634906.403711918,1.2784476437723216,1.2784476437723216,1.2433721346057258,,False,525933.9612174227
2025-11-26 00:00:00+00:00,1647886.1535466919,1.2753898966945303,1.2753898966945303,1.2433721346057258,,False,526012.5591260713
2025-11-28 00:00:00+00:00,1663565.414558761,1.2726234061308985,1.2726234061308985,1.2433721346057258,,False,526091.1687807407
2025-12-01 00:00:00+00:00,1653108.6323989262,1.273845998123761,1.273845998123761,1.1446765901019034,1.1446765901019034,False,526169.9363196221
2025-12-02 00:00:00+00:00,1673408.3373545194,1.271194522667976,1.271194522667976,1.1446765901019034,,False,526248.7156517544
2025-12-03 00:00:00+00:00,1669325.5776846346,1.2704060906072783,1.2704060906072783,1.1446765901019034,,False,526327.5067789034
2025-12-04 00:00:00+00:00,1667428.2389775112,1.2707775358176487,1.2707775358176487,1.1446765901019034,,False,526406.309702835
2025-12-05 00:00:00+00:00,1679457.5299613788,1.2694329408232152,1.2694329408232152,1.1446765901019034,,False,526485.1244253155
2025-12-08 00:00:00+00:00,1676596.6220253243,1.2701420667480585,1.2701420667480585,1.1446765901019034,,False,526563.9509481115
2025-12-09 00:00:00+00:00,1677279.7513183032,1.2697708187435148,1.2697708187435148,1.1446765901019034,,False,526642.7892729895
2025-12-10 00:00:00+00:00,1684342.9296745975,1.2684260852823719,1.2684260852823719,1.1446765901019034,,False,526721.6394017168
2025-12-11 00:00:00+00:00,1662240.7156375817,1.2695831144198977,1.2695831144198977,1.1446765901019034,,False,526800.5013360605
2025-12-12 00:00:00+00:00,1625286.6852542555,1.276339629163975,1.276339629163975,1.1446765901019034,,False,526875.7167409734
2025-12-15 00:00:00+00:00,1611376.170207609,1.2781721657170688,1.2781721657170688,1.1446765901019034,,False,526950.9428849748
2025-12-16 00:00:00+00:00,1613472.646135616,1.2775198929070275,1.2775198929070275,1.1446765901019034,,False,527026.1797695978
2025-12-17 00:00:00+00:00,1578149.1994295958,1.284303492709597,1.284303492709597,1.1446765901019034,,False,527101.427396376
2025-12-18 00:00:00+00:00,1610057.9805537455,1.279160323728964,1.279160323728964,1.1446765901019034,,False,527176.6857668431
2025-12-19 00:00:00+00:00,1637957.7401179918,1.274631810559694,1.274631810559694,1.1446765901019034,,False,527251.9548825332
2025-12-22 00:00:00+00:00,1643151.4117506924,1.2719038715162905,1.2719038715162905,1.1446765901019034,,False,524965.595652404
2025-12-23 00:00:00+00:00,1649226.1000685792,1.2703428259516645,1.2703428259516645,1.1446765901019034,,False,525040.5490735611
2025-12-24 00:00:00+00:00,1654729.6198932154,1.2693906494238658,1.2693906494238658,1.1446765901019034,,False,525115.5131964011
2025-12-26 00:00:00+00:00,1656500.061362163,1.2694613935253305,1.2694613935253305,1.1446765901019034,,False,525190.4880224519
2025-12-29 00:00:00+00:00,1647657.5084018896,1.27117667773542,1.27117667773542,1.1446765901019034,,False,525265.4735532417
2025-12-30 00:00:00+00:00,1641479.2999589443,1.2720279421903276,1.2720279421903276,1.1446765901019034,,False,525340.4697902991
2025-12-31 00:00:00+00:00,1628170.1330745786,1.2749685203218517,1.2749685203218517,1.1446765901019034,,False,525415.4767351524
2026-01-02 00:00:00+00:00,1622267.9078715688,1.275699522971873,1.7516616278914015,1.75,1.75,True,1431327.6545515899
2026-01-05 00:00:00+00:00,1647894.0295888383,1.7415313085278812,1.7415313085278812,1.75,,False,1431532.0163333786
2026-01-06 00:00:00+00:00,1676656.819722654,1.730535845154363,1.730535845154363,1.75,,False,1431736.4072934885
2026-01-07 00:00:00+00:00,1679130.9708389444,1.7295011630235553,1.7295011630235553,1.75,,False,1431940.8274360853
2026-01-08 00:00:00+00:00,1667427.1887982076,1.7369328535011923,1.7369328535011923,1.75,,False,1432145.2767653358
2026-01-09 00:00:00+00:00,1699160.3451146153,1.7245788527509256,1.7245788527509256,1.75,,False,1432349.7552854074
2026-01-12 00:00:00+00:00,1695876.7637783014,1.7237215635709453,1.7237215635709453,1.75,,False,1432554.2630004676
2026-01-13 00:00:00+00:00,1695142.8810539772,1.7257549200033402,1.7257549200033402,1.75,,False,1432758.7999146848
2026-01-14 00:00:00+00:00,1662431.001916482,1.7395698204148484,1.7395698204148484,1.75,,False,1432963.366032228
2026-01-15 00:00:00+00:00,1679871.428047409,1.735149900197221,1.735149900197221,1.75,,False,1433167.961357267
2026-01-16 00:00:00+00:00,1678124.9372989878,1.7364008048341022,1.7364008048341022,1.75,,False,1433372.585893972
2026-01-20 00:00:00+00:00,1596763.4986807648,1.7648026751383914,1.7648026751383914,1.75,,False,1433577.2396465137
2026-01-21 00:00:00+00:00,1639432.1055317605,1.747167970987851,1.747167970987851,1.75,,False,1433781.9226190632
2026-01-22 00:00:00+00:00,1655412.2719451769,1.7379804007801327,1.7379804007801327,1.75,,False,1433986.6348157928
2026-01-23 00:00:00+00:00,1659655.869304131,1.734134613416513,1.734134613416513,1.75,,False,1434191.3762408749
2026-01-26 00:00:00+00:00,1655967.3607027638,1.7287551073985754,1.7287551073985754,1.75,,False,1434396.1468984827
2026-01-27 00:00:00+00:00,1668551.1781970055,1.717686476948497,1.717686476948497,1.75,,False,1434600.94679279
2026-01-28 00:00:00+00:00,1683351.0476118943,1.7138019406372142,1.7138019406372142,1.75,,False,1434805.775927971
2026-01-29 00:00:00+00:00,1665633.4907577804,1.7213769189400172,1.7213769189400172,1.75,,False,1435010.6343082006
2026-01-30 00:00:00+00:00,1638984.1574329445,1.7367890806618667,1.7367890806618667,1.75,,False,1435215.5219376546
2026-02-02 00:00:00+00:00,1669313.004980621,1.7282857053033063,1.7282857053033063,1.75,1.75,False,1435420.438820509
2026-02-03 00:00:00+00:00,1623163.9155220129,1.7483383757867845,1.7483383757867845,1.75,,False,1435625.3849609406
2026-02-04 00:00:00+00:00,1575549.0231742023,1.772109336855165,1.772109336855165,1.75,,False,1435830.3603631267
2026-02-05 00:00:00+00:00,1535313.0037236968,1.7925243173629468,1.7925243173629468,1.75,,False,1436035.3650312452
2026-02-06 00:00:00+00:00,1591963.8557343038,1.7637838955926515,1.7637838955926515,1.75,,False,1436240.3989694747
2026-02-09 00:00:00+00:00,1601637.811010087,1.7537908547715486,1.7537908547715486,1.75,,False,1436445.4621819942
2026-02-10 00:00:00+00:00,1588433.8307952413,1.7601653193151794,1.7601653193151794,1.75,,False,1436650.5546729835
2026-02-11 00:00:00+00:00,1597640.1821070511,1.7567832827879413,1.7567832827879413,1.75,,False,1436855.676446623
2026-02-12 00:00:00+00:00,1542199.0590991247,1.7850259234599142,1.7850259234599142,1.75,,False,1437060.8275070933
2026-02-13 00:00:00+00:00,1547892.578939818,1.7822500819747333,1.7822500819747333,1.75,,False,1437266.0078585763
2026-02-17 00:00:00+00:00,1549970.6983574089,1.7838883591141537,1.7838883591141537,1.75,,False,1437471.2175052539
2026-02-18 00:00:00+00:00,1573236.1623287406,1.7737797191071065,1.7737797191071065,1.75,,False,1437676.4564513087
2026-02-19 00:00:00+00:00,1568751.186175656,1.7792699360581117,1.7792699360581117,1.75,,False,1437881.7247009242
2026-02-20 00:00:00+00:00,1590706.306809795,1.7673844739862559,1.7673844739862559,1.75,,False,1438087.0222582843
2026-02-23 00:00:00+00:00,1553327.306795955,1.7844314410170705,1.7844314410170705,1.75,,False,1438292.3491275734
2026-02-24 00:00:00+00:00,1584940.655320195,1.769873197172681,1.769873197172681,1.75,,False,1438497.7053129766
2026-02-25 00:00:00+00:00,1623356.5104454856,1.7508065776199808,1.7508065776199808,1.75,,False,1438703.0908186797
2026-02-26 00:00:00+00:00,1590509.5811671999,1.767201458264422,1.767201458264422,1.75,,False,1438908.5056488689
2026-02-27 00:00:00+00:00,1577326.0340719859,1.7717608724305773,1.7717608724305773,1.75,,False,1439113.949807731
2026-03-02 00:00:00+00:00,1575847.9361151396,1.7701582753278873,1.3586761390337547,1.339268230922486,1.339268230922486,True,660741.0734597741
2026-03-03 00:00:00+00:00,1564354.1918277305,1.3640411665495413,1.3640411665495413,1.339268230922486,,False,660835.4126019293
2026-03-04 00:00:00+00:00,1592134.4160058775,1.356695169326069,1.356695169326069,1.339268230922486,,False,660929.7652136175
2026-03-05 00:00:00+00:00,1592799.3873281553,1.3582285506836989,1.3582285506836989,1.339268230922486,,False,661024.1312967619
2026-03-06 00:00:00+00:00,1557350.619714138,1.3657719107526196,1.3657719107526196,1.339268230922486,,False,661118.5108532859
2026-03-09 00:00:00+00:00,1587591.487057612,1.3592892196180173,1.3592892196180173,1.339268230922486,,False,661212.9038851133
2026-03-10 00:00:00+00:00,1579913.1573039526,1.3593509073702328,1.3593509073702328,1.339268230922486,,False,661307.310394168
2026-03-11 00:00:00+00:00,1590747.945828205,1.359484995169953,1.359484995169953,1.339268230922486,,False,661401.7303823743
2026-03-12 00:00:00+00:00,1559481.548833516,1.3681452644096925,1.3681452644096925,1.339268230922486,,False,661496.1638516566
2026-03-13 00:00:00+00:00,1557295.8247414194,1.3712276915969603,1.3712276915969603,1.339268230922486,,False,661590.6108039399
2026-03-16 00:00:00+00:00,1575248.2615356247,1.3656753672746766,1.3656753672746766,1.339268230922486,,False,661685.0712411491
2026-03-17 00:00:00+00:00,1580436.5259569336,1.363325054352719,1.363325054352719,1.339268230922486,,False,661779.5451652097
2026-03-18 00:00:00+00:00,1551935.2368055524,1.3704360495335661,1.3704360495335661,1.339268230922486,,False,661874.0325780471
2026-03-19 00:00:00+00:00,1544863.5779847049,1.3721202201875975,1.3721202201875975,1.339268230922486,,False,661968.5334815874
2026-03-20 00:00:00+00:00,1501952.9475196674,1.3818777243150524,1.3818777243150524,1.339268230922486,,False,662063.0478777568
2026-03-23 00:00:00+00:00,1519221.2600090252,1.374871710441157,1.374871710441157,1.339268230922486,,False,659894.7968486958
2026-03-24 00:00:00+00:00,1506029.5364969198,1.378503302015718,1.378503302015718,1.339268230922486,,False,659989.015161357
2026-03-25 00:00:00+00:00,1520650.2778291577,1.3751768267489517,1.3751768267489517,1.339268230922486,,False,660083.2469262995
2026-03-26 00:00:00+00:00,1474224.8514333984,1.3879858755972705,1.3879858755972705,1.339268230922486,,False,660177.492145444
2026-03-27 00:00:00+00:00,1436905.9931752933,1.3988796512775008,1.3988796512775008,1.339268230922486,,False,660271.7508207115
2026-03-30 00:00:00+00:00,1429651.3185808116,1.4032713898218083,1.4032713898218083,1.339268230922486,,False,660366.0229540231
2026-03-31 00:00:00+00:00,1489165.5289569625,1.3850584641270378,1.3850584641270378,1.339268230922486,,False,660460.3085473004
2026-04-01 00:00:00+00:00,1502043.8780877392,1.3786555136250729,1.3786555136250729,1.3270891984088569,1.3270891984088569,False,660554.6076024652
2026-04-02 00:00:00+00:00,1513196.8706064515,1.3781322699571228,1.3781322699571228,1.3270891984088569,,False,660648.9201214395
2026-04-06 00:00:00+00:00,1525795.7833850903,1.3750959586374627,1.3750959586374627,1.3270891984088569,,False,660743.2461061457
2026-04-07 00:00:00+00:00,1522606.036038179,1.3750906988709846,1.3750906988709846,1.3270891984088569,,False,660837.5855585064
2026-04-08 00:00:00+00:00,1569179.653847006,1.3604277233389344,1.3604277233389344,1.3270891984088569,,False,660931.9384804445
2026-04-09 00:00:00+00:00,1580834.2180666232,1.3572102353319973,1.3572102353319973,1.3270891984088569,,False,661026.304873883
2026-04-10 00:00:00+00:00,1581551.026680093,1.3565814707306687,1.3565814707306687,1.3270891984088569,,False,661120.6847407456
2026-04-13 00:00:00+00:00,1605440.7484443837,1.3517155515341919,1.3517155515341919,1.3270891984088569,,False,661215.0780829558
2026-04-14 00:00:00+00:00,1633463.718361559,1.3433559832325497,1.3433559832325497,1.3270891984088569,,False,661309.4849024377
2026-04-15 00:00:00+00:00,1662974.6400312716,1.3370822835173843,1.3370822835173843,1.3270891984088569,,False,661403.9052011154
2026-04-16 00:00:00+00:00,1675876.5061062658,1.3349892477992296,1.3349892477992296,1.3270891984088569,,False,661498.3389809136
2026-04-17 00:00:00+00:00,1702468.4863176881,1.3293008632565408,1.3293008632565408,1.3270891984088569,,False,661592.786243757
2026-04-20 00:00:00+00:00,1697504.9811861408,1.3307593426534612,1.3307593426534612,1.3270891984088569,,False,661687.2469915707
2026-04-21 00:00:00+00:00,1693575.4862455928,1.332505188025026,1.332505188025026,1.3270891984088569,,False,661781.7212262801
2026-04-22 00:00:00+00:00,1736866.9356116224,1.3253156851389432,1.3253156851389432,1.3270891984088569,,False,661876.2089498107
2026-04-23 00:00:00+00:00,1725293.3389897377,1.3278245812816425,1.3278245812816425,1.3270891984088569,,False,661970.7101640885
2026-04-24 00:00:00+00:00,1766917.937521029,1.3197649834938139,1.3197649834938139,1.3270891984088569,,False,662065.2248710397
2026-04-27 00:00:00+00:00,1766107.2504808737,1.3196028710337275,1.3196028710337275,1.3270891984088569,,False,662159.7530725908
2026-04-28 00:00:00+00:00,1744968.781693971,1.3239625649818978,1.3239625649818978,1.3270891984088569,,False,662254.2947706684
2026-04-29 00:00:00+00:00,1762020.3769658993,1.3214220257710674,1.3214220257710674,1.3270891984088569,,False,662348.8499671995
2026-04-30 00:00:00+00:00,1778484.0998453929,1.3175687917256618,1.3175687917256618,1.3270891984088569,,False,662443.4186641115
2026-05-01 00:00:00+00:00,1795884.240794762,1.3136611292727771,1.6013052074222283,1.600386936366226,1.600386936366226,True,1269392.52872591
2026-05-04 00:00:00+00:00,1799035.992931717,1.603262697507917,1.603262697507917,1.600386936366226,,False,1269573.7697702893
2026-05-05 00:00:00+00:00,1834890.7553368697,1.5911042926793462,1.5911042926793462,1.600386936366226,,False,1269755.0366918622
2026-05-06 00:00:00+00:00,1887968.4487746917,1.5723194151707958,1.5723194151707958,1.600386936366226,,False,1269936.329494323
2026-05-07 00:00:00+00:00,1882511.0214926049,1.5735237502009252,1.5735237502009252,1.600386936366226,,False,1270117.6481813677
2026-05-08 00:00:00+00:00,1950300.9911582263,1.5532444267180014,1.5532444267180014,1.600386936366226,,False,1270298.6399462335
2026-05-11 00:00:00+00:00,1957757.199164103,1.5508883593892842,1.5508883593892842,1.600386936366226,,False,1270479.6575024258
2026-05-12 00:00:00+00:00,1939589.1155241872,1.5583554881652555,1.5583554881652555,1.600386936366226,,False,1270660.70085362
2026-05-13 00:00:00+00:00,1975063.2134330617,1.5494352256614785,1.5494352256614785,1.600386936366226,,False,1270841.7700034915
2026-05-14 00:00:00+00:00,2002302.0552353521,1.5435697741619285,1.5435697741619285,1.600386936366226,,False,1271022.864955717
2026-05-15 00:00:00+00:00,1964093.0283230622,1.5566542373314243,1.5566542373314243,1.600386936366226,,False,1271203.9857139732
2026-05-18 00:00:00+00:00,1947099.2996704006,1.5605319634593973,1.5605319634593973,1.600386936366226,,False,1271385.1322819374
2026-05-19 00:00:00+00:00,1936030.25887778,1.5661011134619596,1.5661011134619596,1.600386936366226,,False,1271566.3046632875
2026-05-20 00:00:00+00:00,1983019.5402601105,1.5519092224173177,1.5519092224173177,1.600386936366226,,False,1271747.1496488396
2026-05-21 00:00:00+00:00,1994052.4106537944,1.5504019997038962,1.5504019997038962,1.600386936366226,,False,1271928.0203545673
2026-05-22 00:00:00+00:00,2004584.934688139,1.5469272251972255,1.5469272251972255,1.600386936366226,,False,1272108.9167841289
2026-05-26 00:00:00+00:00,2056473.8604589007,1.532422912796491,1.532422912796491,1.600386936366226,,False,1272289.8389411827
2026-05-27 00:00:00+00:00,2050794.982796911,1.5334681783614836,1.5334681783614836,1.600386936366226,,False,1272470.7868293878
2026-05-28 00:00:00+00:00,2073943.6998517665,1.5267735673763463,1.5267735673763463,1.600386936366226,,False,1272651.7604524035
2026-05-29 00:00:00+00:00,2080096.8721574587,1.5239406869085463,1.5239406869085463,1.600386936366226,,False,1272832.75981389
2026-06-01 00:00:00+00:00,2108893.5346112633,1.5193054133637824,1.5193054133637824,1.5475598294230595,1.5475598294230595,False,1273013.784917508
2026-06-02 00:00:00+00:00,2120207.8154044063,1.5158089130896553,1.5158089130896553,1.5475598294230595,,False,1273194.8357669185
2026-06-03 00:00:00+00:00,2118386.0722584226,1.5179721066192813,1.5179721066192813,1.5475598294230595,,False,1273375.912365783
2026-06-04 00:00:00+00:00,2098335.13559243,1.521916670701798,1.521916670701798,1.5475598294230595,,False,1273557.014717764
2026-06-05 00:00:00+00:00,1961077.883538849,1.5631745494928329,1.5631745494928329,1.5475598294230595,,False,1273738.1428265239
2026-06-08 00:00:00+00:00,2006702.9070501397,1.5498761700089714,1.5498761700089714,1.5475598294230595,,False,1273919.2966957258
2026-06-09 00:00:00+00:00,1968880.8942820837,1.5599853949072686,1.5599853949072686,1.5475598294230595,,False,1274100.4763290335
2026-06-10 00:00:00+00:00,1908358.3883051933,1.5781273528479773,1.5781273528479773,1.5475598294230595,,False,1274281.6817301114
2026-06-11 00:00:00+00:00,2016031.2144432873,1.5489919895058744,1.5489919895058744,1.5475598294230595,,False,1274462.912902624
2026-06-12 00:00:00+00:00,2024055.639998032,1.5441524187480016,1.5441524187480016,1.5475598294230595,,False,1274644.169850237
2026-06-15 00:00:00+00:00,2117324.220651371,1.5190901784733861,1.5190901784733861,1.5475598294230595,,False,1274825.4525766156
2026-06-16 00:00:00+00:00,2053206.2706566793,1.5346392172388317,1.5346392172388317,1.5475598294230595,,False,1275007.1152036078
2026-06-17 00:00:00+00:00,2025154.5886800115,1.543150863972568,1.543150863972568,1.5475598294230595,,False,1275188.8037175243
2026-06-18 00:00:00+00:00,2125885.456577148,1.5230378218913698,1.5230378218913698,1.5475598294230595,,False,1275370.518122054
2026-06-22 00:00:00+00:00,2123756.172995585,1.5241180575233806,1.5241180575233806,1.5475598294230595,,False,1272494.7311219976
2026-06-23 00:00:00+00:00,2025693.57047085,1.5519343071943812,1.5519343071943812,1.5475598294230595,,False,1272676.0616211824
2026-06-24 00:00:00+00:00,2018392.5550161116,1.5557184237167765,1.5557184237167765,1.5475598294230595,,False,1272857.4179599634
2026-06-25 00:00:00+00:00,2037042.997737631,1.5489191843485541,1.5489191843485541,1.5475598294230595,,False,1273038.8001420228
2026-06-26 00:00:00+00:00,1990309.7294528065,1.561001125628041,1.561001125628041,1.5475598294230595,,False,1273220.208171043
2026-06-29 00:00:00+00:00,2063388.6328798756,1.5401671423601102,1.5401671423601102,1.5475598294230595,,False,1273401.6420507075
2026-06-30 00:00:00+00:00,2118785.5263202507,1.5264877727407506,1.5264877727407506,1.5475598294230595,,False,1273583.1017846996
2026-07-01 00:00:00+00:00,1959120.9773923662,1.5391541167731284,0.7938087997260055,0.7493691427471889,0.7493691427471889,True,0.0
2026-07-02 00:00:00+00:00,1921362.1408151735,0.7909320701414388,0.7909320701414388,0.7493691427471889,,False,0.0
2026-07-06 00:00:00+00:00,1946898.4586793785,0.7932770243932411,0.7932770243932411,0.7493691427471889,,False,0.0
2026-07-07 00:00:00+00:00,1918792.1754972043,0.7901938796340441,0.7901938796340441,0.7493691427471889,,False,0.0
2026-07-08 00:00:00+00:00,1927644.317403903,0.7906625518513852,0.7906625518513852,0.7493691427471889,,False,0.0
2026-07-09 00:00:00+00:00,1945667.6800274288,0.7933813384489002,0.7933813384489002,0.7493691427471889,,False,0.0
2026-07-10 00:00:00+00:00,1950597.5252717077,0.7938855178221498,0.7938855178221498,0.7493691427471889,,False,0.0
2026-07-13 00:00:00+00:00,1927272.2706529628,0.790732320230117,0.790732320230117,0.7493691427471889,,False,0.0
2026-07-14 00:00:00+00:00,1939871.1086810147,0.7925644620163504,0.7925644620163504,0.7493691427471889,,False,0.0
2026-07-15 00:00:00+00:00,1934351.1863716654,0.7921180424172257,0.7921180424172257,0.7493691427471889,,False,0.0
2026-07-16 00:00:00+00:00,1907325.9120486043,0.7893751170179518,0.7893751170179518,0.7493691427471889,,False,0.0
2026-07-17 00:00:00+00:00,1885850.6585613007,0.7868462652639366,0.7868462652639366,0.7493691427471889,,False,0.0
2026-07-20 00:00:00+00:00,1892205.153082551,0.7870221971232536,0.7870221971232536,0.7493691427471889,,False,0.0
2026-07-21 00:00:00+00:00,1920330.664248018,0.7900863214573335,0.7900863214573335,0.7493691427471889,,False,0.0
2026-07-22 00:00:00+00:00,1911578.3267981336,0.7892360629424421,0.7892360629424421,0.7493691427471889,,False,0.0
2026-07-23 00:00:00+00:00,1889726.3469618543,0.7860302834253087,0.7860302834253087,0.7493691427471889,,False,0.0
2026-07-24 00:00:00+00:00,1871158.4915036745,0.7841347879184439,0.7841347879184439,0.7493691427471889,,False,0.0
2026-07-27 00:00:00+00:00,1868110.6750250866,0.783611546462347,0.783611546462347,0.7493691427471889,,False,0.0
2026-07-28 00:00:00+00:00,1849817.0862287544,0.7819507805162437,0.7819507805162437,0.7493691427471889,,False,0.0
2026-07-29 00:00:00+00:00,1823070.354063997,0.7784213292098144,0.7784213292098144,0.7493691427471889,,False,0.0
2026-07-30 00:00:00+00:00,1847469.045392505,0.7839664375448687,0.7839664375448687,0.7493691427471889,,False,0.0
2026-07-31 00:00:00+00:00,1857360.4380817222,0.7850609625786149,0.7850609625786149,0.7493691427471889,,False,0.0
2026-08-03 00:00:00+00:00,1883683.3473550684,0.78798348932377,1.0314606474054109,1.0309594072102768,1.0309594072102768,True,68204.51796462259
2026-08-04 00:00:00+00:00,1946628.3257173647,1.0304001477746603,1.0304001477746603,1.0309594072102768,,False,68214.23710843254
2026-08-05 00:00:00+00:00,1925129.506263183,1.0306907705773092,1.0306907705773092,1.0309594072102768,,False,68223.95763722049
2026-08-06 00:00:00+00:00,1922118.6630370372,1.030812605198799,1.030812605198799,1.0309594072102768,,False,68233.6795511838
2026-08-07 00:00:00+00:00,1938948.235655498,1.0304490814255658,1.0304490814255658,1.0309594072102768,,False,68243.40285051984
2026-08-10 00:00:00+00:00,1934142.179643848,1.0305475919227993,1.0305475919227993,1.0309594072102768,,False,68253.12753542603
2026-08-11 00:00:00+00:00,1928945.2542727923,1.0306581427139656,1.0306581427139656,1.0309594072102768,,False,68262.85360609983
2026-08-12 00:00:00+00:00,1943969.7747480075,1.0304334371853965,1.0304334371853965,1.0309594072102768,,False,68272.5810627387
2026-08-13 00:00:00+00:00,1968664.0322877597,1.0300794316100241,1.0300794316100241,1.0309594072102768,,False,68282.30990554014
2026-08-14 00:00:00+00:00,1957397.9840298323,1.0301262370180193,1.0301262370180193,1.0309594072102768,,False,68292.04013470167
2026-08-17 00:00:00+00:00,1954079.8226247565,1.030181693710869,1.030181693710869,1.0309594072102768,,False,68301.77175042087
2026-08-18 00:00:00+00:00,1919981.2948544645,1.0307220925204559,1.0307220925204559,1.0309594072102768,,False,68311.5047528953
2026-08-19 00:00:00+00:00,1916028.8210324496,1.0307898544182121,1.0307898544182121,1.0309594072102768,,False,68321.23914232259
2026-08-20 00:00:00+00:00,1851472.0109384262,1.0310243744213026,0.0,1.0309594072102768,,False,68330.97491890038
