date,prior_close_exposure,low,nav_at_low_usd,margin_ratio_at_low,gross_exposure_at_low,debt_usd
2006-01-04 00:00:00+00:00,1.7561465127947817,41.31999969482422,119416.79821720487,0.5694629267075889,1.756040565768886,90283.94368644446
2006-01-05 00:00:00+00:00,1.7427822879452701,41.709999084472656,121381.71645977363,0.5734207929072037,1.7439200188923552,90298.2888019413
2006-01-06 00:00:00+00:00,1.7374451126249393,42.060001373291016,123143.59528300013,0.5769031219589523,1.733393288988219,90312.68636243361
2006-01-09 00:00:00+00:00,1.7151207806820499,42.52000045776367,125463.76036347091,0.5814138621838327,1.7199452318593287,90327.03604482231
2006-01-10 00:00:00+00:00,1.7104616299687307,42.54999923706055,125601.57819924456,0.581642165170043,1.7192701284090195,90341.46327974614
2006-01-11 00:00:00+00:00,1.709805570907098,42.869998931884766,127211.18570809334,0.584698757009638,1.7102824112614219,90355.86772416907
2006-01-12 00:00:00+00:00,1.7007769482516313,42.849998474121094,127095.27579991362,0.584438664629465,1.7110435371930799,90370.27446530064
2006-01-13 00:00:00+00:00,1.70680994930049,42.72999954223633,126471.76670775162,0.5832047330117756,1.7146637250967043,90384.78391492313
2006-01-17 00:00:00+00:00,1.7075654520638073,42.5,125289.94733335784,0.5808816258358408,1.7215211422139278,90399.3459078872
2006-01-18 00:00:00+00:00,1.7157228517598997,42.02000045776367,122839.31484252842,0.5760254545361152,1.7360343924476742,90413.96046880896
2006-01-19 00:00:00+00:00,1.7303017471180362,42.290000915527344,124195.16255435755,0.578665150698184,1.7281151263273027,90428.37647250594
2006-01-20 00:00:00+00:00,1.7213356005637486,41.150001525878906,118395.22436760298,0.5669237770707436,1.7639055556408862,90442.76965576115
2006-01-23 00:00:00+00:00,1.760645080402413,41.08000183105469,118025.55236564735,0.5661166525498998,1.7664203932101359,90457.19025292293
2006-01-24 00:00:00+00:00,1.7605340401107388,41.310001373291016,119178.33659663664,0.5684633274344699,1.7591284287644322,90471.66340336339
2006-01-25 00:00:00+00:00,1.7549492181903772,41.08000183105469,117996.55348702714,0.5659775576864307,1.7668545093691355,90486.18913154314
2006-01-26 00:00:00+00:00,1.7609633857869456,41.22999954223633,118743.06905947773,0.5674861704445618,1.7621574799199284,90500.91827232957
2006-01-27 00:00:00+00:00,1.7518743290181105,41.7400016784668,121316.59474232521,0.5727011985408287,1.74611124011592,90515.67494983676
2006-01-30 00:00:00+00:00,1.7347388198007325,42.06999969482422,122976.46379936567,0.5759832241354564,1.736161676411648,90530.55974971737
2006-01-31 00:00:00+00:00,1.7325340475198672,41.810001373291016,121641.92321536892,0.5732755752388781,1.7443617750212197,90545.59788158692
2006-02-01 00:00:00+00:00,1.7385076520500453,41.70000076293945,121068.64999816332,0.5720789652484001,1.7480104334299271,90560.6133599023
2006-02-02 00:00:00+00:00,1.3935337893397757,41.40999984741211,120132.94816592018,0.7125059214204874,1.4034971077943466,48473.29713575696
2006-02-03 00:00:00+00:00,1.4032237746108143,40.779998779296875,117559.76423918028,0.7080159960552721,1.412397467813614,48481.3490890034
2006-02-06 00:00:00+00:00,1.4104074767404768,40.59000015258789,116778.06622031849,0.7066002684136933,1.4152273140866258,48489.44278089298
2006-02-07 00:00:00+00:00,1.412066495693524,40.439998626708984,116159.22029191062,0.70546281623105,1.417509154263468,48497.537823979466
2006-02-08 00:00:00+00:00,1.4147469415895875,40.689998626708984,117169.08557106361,0.7072239133977324,1.413979336750191,48505.580332335274
2006-02-09 00:00:00+00:00,1.4081640143693892,40.630001068115234,116916.74032672316,0.7067428712788205,1.414941756951214,48513.637648179356
2006-02-10 00:00:00+00:00,1.4137889678666167,40.2599983215332,115402.11305984555,0.703998251141485,1.4204580741195998,48521.75020647497
2006-02-13 00:00:00+00:00,1.4103240905409196,40.29999923706055,115556.88159690495,0.7042426893350433,1.4199650420854424,48529.85064310668
2006-02-14 00:00:00+00:00,1.417172195045482,40.40999984741211,115996.75608317912,0.7049991072168663,1.4184415125683099,48537.85806846278
2006-02-15 00:00:00+00:00,1.411366149930664,40.72999954223633,117291.6545793075,0.7072684399598554,1.4138903187264513,48545.88029778243
2006-02-16 00:00:00+00:00,1.4078030765908973,41.150001525878906,118993.65675893362,0.7102079459628181,1.4080383156574168,48553.97127783206
2006-02-17 00:00:00+00:00,1.4026648770162864,41.20000076293945,119189.16985590951,0.7105115507144537,1.4074366546109653,48562.03663194988
2006-02-21 00:00:00+00:00,1.4072975407128667,40.61000061035156,116778.84016224438,0.706256947875081,1.4159152741912209,48570.103325812626
2006-02-22 00:00:00+00:00,1.413894952423603,40.68000030517578,117055.70411618115,0.7067132044779755,1.4150011541650271,48578.25230981508
2006-02-23 00:00:00+00:00,1.4067942907815183,41.08000183105469,118676.27990758533,0.7095206531206387,1.409402243052073,48586.33519124108
2006-02-24 00:00:00+00:00,1.4084213783245625,41.0099983215332,118383.19420368665,0.7089765554392966,1.4104838761281453,48594.39242516029
2006-02-27 00:00:00+00:00,1.406984455040822,41.33000183105469,119678.05839265541,0.7111818785676804,1.406110068515805,48602.4644936798
2006-02-28 00:00:00+00:00,1.4007922062041789,40.970001220703125,118204.14128139819,0.7085953322165609,1.4112427143315982,48610.59190579791
2006-03-01 00:00:00+00:00,1.4094094387095537,41.150001525878906,118928.90735976573,0.7098214922724461,1.408804905017129,48618.72067699994
2006-03-02 00:00:00+00:00,1.713301513936438,41.40999984741211,119672.53669310223,0.581084914588836,1.720918879313155,86274.19103735367
2006-03-03 00:00:00+00:00,1.7126266110420953,41.38999938964844,119558.6882373381,0.5808126337019307,1.7217256340074611,86288.57006919323
2006-03-06 00:00:00+00:00,1.71992875334364,40.959999084472656,117405.73765519916,0.5763412661932125,1.7350831159550533,86302.97546658534
2006-03-07 00:00:00+00:00,1.7310572560487794,40.650001525878906,115849.60121170669,0.5730391711057654,1.7450814018007692,86317.38326887852
2006-03-08 00:00:00+00:00,1.7387387716809684,40.5,115089.17981060292,0.5713862758798756,1.7501295397060488,86331.79347647424
2006-03-09 00:00:00+00:00,1.7383246211945709,40.470001220703125,114925.5725473426,0.5709969540963211,1.751322827251563,86346.20608977406
2006-03-10 00:00:00+00:00,1.7497007023692277,40.189998626708984,113518.60456484553,0.5679359832520984,1.7607618278979777,86360.6211091796
2006-03-13 00:00:00+00:00,1.7486264655804529,40.619998931884766,115642.73232367942,0.5724384138686679,1.7469128132785052,86375.03853509254
2006-03-14 00:00:00+00:00,1.7449904157530762,40.63999938964844,115727.75792171566,0.5725773702423901,1.7464888624163901,86389.4823609809
2006-03-15 00:00:00+00:00,1.7237827418850695,41.31999969482422,119095.2202036021,0.5795412526182572,1.7255027066359645,86403.90460511952
2006-03-16 00:00:00+00:00,1.7135831103683814,41.33000183105469,119130.63575397708,0.5795732972393342,1.725407303551204,86418.23325263319
2006-03-17 00:00:00+00:00,1.7241980647326438,41.22999954223633,118726.93609284595,0.5790102653238606,1.7270850965667512,86324.5857941414
2006-03-20 00:00:00+00:00,1.7204457281572993,41.400001525878906,119557.7894887968,0.5806679457911499,1.7221546449193392,86339.21301562317
2006-03-21 00:00:00+00:00,1.717676633170393,41.08000183105469,117951.80686529928,0.5773304670632914,1.7321102159854873,86353.72280003274
2006-03-22 00:00:00+00:00,1.7311853556879024,40.86000061035156,116843.17393826731,0.5749834043658955,1.739180630965901,86368.21103574696
2006-03-23 00:00:00+00:00,1.7283303525690312,40.81999969482422,116629.64845922097,0.5744950651288628,1.7406589903008023,86382.79766694413
2006-03-24 00:00:00+00:00,1.732228519260344,41.02000045776367,117609.5906605676,0.5764974764468259,1.7346129703175492,86397.53073299065
2006-03-27 00:00:00+00:00,1.7260167075653905,41.2400016784668,118688.8797764621,0.578684286265428,1.7280579821055053,86412.3863084139
2006-03-28 00:00:00+00:00,1.7259287168883524,40.9900016784668,117430.49027790182,0.5760408346818909,1.7359880407649115,86427.43646569594
2006-03-29 00:00:00+00:00,1.7313420964786277,41.16999816894531,118310.79242434853,0.5778217011472973,1.7306376655886135,86442.32119086504
2006-03-30 00:00:00+00:00,1.7083066793264796,41.790000915527344,121379.42437355894,0.5840136877244356,1.7122886347003665,86457.18446775868
2006-03-31 00:00:00+00:00,1.7047805519738837,41.84000015258789,121613.05450370043,0.5844385467551049,1.711043882290376,86472.21841150225
2006-04-03 00:00:00+00:00,1.7084364465620465,41.900001525878906,121895.84973603883,0.5849587119380298,1.7095223638723058,86487.83145093767
2006-04-04 00:00:00+00:00,1.707214071272587,41.93000030517578,122029.74084471201,0.5851822661292678,1.7088692837781556,86503.13499222495
2006-04-05 00:00:00+00:00,1.7008713387206833,42.209999084472656,123407.23290192161,0.5878622935781361,1.701078655535651,86518.17692625415
2006-04-06 00:00:00+00:00,1.6899564131260636,42.439998626708984,124536.05826962089,0.5900245569595195,1.69484471146954,86533.22147590855
2006-04-07 00:00:00+00:00,1.6868896979302779,42.29999923706055,123824.74410826706,0.5885961440095411,1.6989577831549472,86548.26864164298
2006-04-10 00:00:00+00:00,1.6983967553617794,42.09000015258789,122765.29383256864,0.5864716366731072,1.705112297796234,86563.31842391232
2006-04-11 00:00:00+00:00,1.7002895345883933,41.709999084472656,120860.31223171519,0.5826313705460955,1.7163511107592928,86578.41891390405
2006-04-12 00:00:00+00:00,1.7102138791722548,41.79999923706055,121292.9082275044,0.583457824544669,1.7139199406236447,86593.42583984914
2006-04-13 00:00:00+00:00,1.710134626996572,41.790000915527344,121228.07725940531,0.5832854853398923,1.7144263403319209,86608.5315819123
2006-04-17 00:00:00+00:00,1.7054546592020456,41.38999938964844,119223.5221157413,0.5791844064214018,1.726565820683408,86623.73619079002
2006-04-18 00:00:00+00:00,1.7184736862924737,41.77000045776367,121098.2921970675,0.5829400199535453,1.715442353880062,86638.84722032552
2006-04-19 00:00:00+00:00,1.6957272579859433,42.29999923706055,123719.19626209255,0.5880944263947442,1.7004072052347154,86653.81648781749
2006-04-20 00:00:00+00:00,1.6906894427690704,42.380001068115234,124102.15024495136,0.5888011858875607,1.6983661445800198,86668.74020065705
2006-04-21 00:00:00+00:00,1.695023829135209,41.81999969482422,121302.06478363636,0.583222810150709,1.7146105786596253,86683.73870764175
2006-04-24 00:00:00+00:00,1.709375408000432,41.720001220703125,120789.71145449016,0.5821514243358168,1.7177661312791794,86698.76388901776
2006-04-25 00:00:00+00:00,1.710742857420826,41.650001525878906,120426.4779219698,0.5813762633049876,1.720056464492091,86713.86392372842
2006-04-26 00:00:00+00:00,1.7135733474431298,41.70000076293945,120660.11159277479,0.5818057281183057,1.7187867902817515,86728.89432680856
2006-04-27 00:00:00+00:00,1.7140775495471572,41.5,119650.42740839117,0.5797176067303063,1.724977796758924,86743.903243799
2006-04-28 00:00:00+00:00,1.702777147444483,41.779998779296875,121027.80531209096,0.5824612904178511,1.7168522895016962,86759.05933133798
2006-05-01 00:00:00+00:00,1.714796195868938,41.310001373291016,118675.01281753251,0.5776362114398405,1.731193405460779,86774.38676515319
2006-05-02 00:00:00+00:00,1.7272315623304237,41.400001525878906,119107.33380559759,0.5784801738579983,1.7286677144538987,86789.66869882238
2006-05-03 00:00:00+00:00,1.7241323338752204,41.279998779296875,118495.3531782691,0.5771809344627324,1.7325589607890424,86804.83278260335
2006-05-04 00:00:00+00:00,1.726158590258005,41.529998779296875,119723.47756135685,0.5796525327347561,1.7251714493199515,86820.04774079385
2006-05-05 00:00:00+00:00,1.7162454288252864,41.939998626708984,121747.28746378464,0.5836886051057925,1.7132422857882448,86835.31359918827
2006-05-08 00:00:00+00:00,1.706889459653548,42.06999969482422,122378.56069072691,0.5849020792895234,1.7096878869274892,86850.58214182948
2006-05-09 00:00:00+00:00,1.7059582183225468,41.970001220703125,121865.84068978821,0.5838393197214446,1.7128000225766047,86865.97399499796
2006-05-10 00:00:00+00:00,1.7107695709302364,41.54999923706055,119761.86744450266,0.5795592906658087,1.7254490025536144,86881.12728157264
2006-05-11 00:00:00+00:00,1.7218518689109796,40.630001068115234,115170.99050864197,0.5699629179700039,1.7545001060097534,86896.52454801866
2006-05-12 00:00:00+00:00,1.7509331076292642,40.18000030517578,112917.31038762843,0.5650682713737658,1.7696976642642663,86912.19006036078
2006-05-15 00:00:00+00:00,1.7693588628597066,39.790000915527344,110961.9874296949,0.5607258921842818,1.783402575016727,86927.9066813967
2006-05-16 00:00:00+00:00,1.7706229575724026,39.77000045776367,110846.79854264541,0.5604255045104687,1.78435847753485,86943.62614452158
2006-05-17 00:00:00+00:00,1.7812039509673656,39.22999954223633,108145.5311595337,0.5542945493528603,1.8040949548710188,86959.2759972276
2006-05-18 00:00:00+00:00,1.8007806085801867,39.0,106986.05688320943,0.5515855842207837,1.812955284922256,86974.88035619822
2006-05-19 00:00:00+00:00,1.8110701420204893,38.75,105727.01374408907,0.5486111019294482,1.822784840633066,86990.5841540403
2006-05-22 00:00:00+00:00,1.8002002344784607,38.619998931884766,105064.7653412556,0.5470098798797655,1.8281205455005736,87006.29078729033
2006-05-23 00:00:00+00:00,1.8146240600944057,38.56999969482422,104800.39179820057,0.546340761762251,1.830359493541077,87022.00025646026
2006-05-24 00:00:00+00:00,1.8295721199496293,38.22999954223633,103093.88226625325,0.5422242473784669,1.844255406936847,87037.56752539503
2006-05-25 00:00:00+00:00,1.8197375479875653,38.81999969482422,106012.69052520621,0.5491015404893137,1.8211567920732532,87053.04087073289
2006-05-26 00:00:00+00:00,1.800868407502673,39.22999954223633,108036.024194471,0.5537332768416465,1.8059236130863312,87068.78296229032
2006-05-30 00:00:00+00:00,1.7963915993389326,38.61000061035156,104936.85137351342,0.5464853872239344,1.8298750952515919,87084.47952899658
2006-05-31 00:00:00+00:00,1.8286968900661067,38.540000915527344,104572.94590885566,0.545579388901514,1.8329138166554093,87100.25149584464
2006-06-01 00:00:00+00:00,1.8219681690486733,38.84000015258789,106049.10191714967,0.5490072821969928,1.8214694639354232,87116.098902714
2006-06-02 00:00:00+00:00,1.5752236936823185,39.310001373291016,108583.35832387913,0.6307691318239983,1.5853661023460277,63561.01724169121
2006-06-05 00:00:00+00:00,1.577677921198901,38.779998779296875,106250.97436563183,0.6256556223802057,1.5983233654892475,63572.44056895659
2006-06-06 00:00:00+00:00,1.5983233654892475,38.349998474121094,104356.44269827721,0.6213898238378377,1.6092957458231036,63583.93658529281
2006-06-07 00:00:00+00:00,1.5992372973184212,38.45000076293945,104782.90490745076,0.6223064507375733,1.6069253320687495,63595.399356082766
2006-06-08 00:00:00+00:00,1.6066718307205203,37.4900016784668,100567.46049330753,0.6125650931425896,1.6324795702441788,63606.86419335557
2006-06-09 00:00:00+00:00,1.6083725664281368,38.11000061035156,103271.00863871345,0.6187991156419075,1.616033337349967,63618.38410320393
2006-06-12 00:00:00+00:00,1.614990180839067,37.38999938964844,100106.52895081035,0.6113883603775997,1.6356215865516146,63629.87075588923
2006-06-13 00:00:00+00:00,1.6353435967918077,37.15999984741211,99087.82015296073,0.6089123635502648,1.6422724514402993,63641.37715751758
2006-06-14 00:00:00+00:00,1.639727918634985,37.20000076293945,99251.49934073715,0.6092623603912188,1.6413290316471891,63652.86796172658
2006-06-15 00:00:00+00:00,1.6293880519341442,37.79999923706055,101867.48952106117,0.6153950994836173,1.6249723158977178,63664.360840664114
2006-06-16 00:00:00+00:00,1.6029405766716602,38.20000076293945,103693.01912411815,0.6198639355716229,1.6132572692389744,63590.49774720145
2006-06-19 00:00:00+00:00,1.6096527368756355,37.90999984741211,102411.68610643287,0.6168874784856249,1.621041170190169,63601.87338068734
2006-06-20 00:00:00+00:00,1.6178707612299141,37.939998626708984,102531.65991220961,0.6171218150235751,1.620425620445452,63613.268716334715
2006-06-21 00:00:00+00:00,1.6167377952255404,38.130001068115234,103352.36465532093,0.6189617638040172,1.6156086829244456,63624.61308258913
2006-06-22 00:00:00+00:00,1.6015892163029721,37.9900016784668,102727.95767267246,0.6174894793838579,1.6194607898385864,63635.94179841856
2006-06-23 00:00:00+00:00,1.6142241658286707,37.93000030517578,102453.74821517064,0.6168154261308347,1.6212305296461356,63647.39626794228
2006-06-26 00:00:00+00:00,1.6154432425770595,38.06999969482422,103055.36995066144,0.6181558372811566,1.6177150480343496,63658.852799270506
2006-06-27 00:00:00+00:00,1.6130261435118953,37.4900016784668,100503.92487881542,0.6121780922238199,1.6335115756386585,63670.399807847694
2006-06-28 00:00:00+00:00,1.6324094436291505,37.380001068115234,100010.68433656638,0.6109663773998014,1.636751279597215,63681.931224701795
2006-06-29 00:00:00+00:00,1.6249838678228754,37.900001525878906,102276.23985396384,0.6162341284333461,1.6227598470443418,63693.53548772496
2006-06-30 00:00:00+00:00,1.5957225108081317,38.68000030517578,105680.3294091546,0.6239042022729547,1.6028101691844436,63705.177250600216
2006-07-03 00:00:00+00:00,1.6005704024432625,38.810001373291016,106238.03272745913,0.6250958033498922,1.5997547810127566,63716.7680536833
2006-07-05 00:00:00+00:00,1.1329828270396918,38.09000015258789,104140.30631129853,0.8797992190607261,1.1366229684400042,14227.957782500918
2006-07-06 00:00:00+00:00,1.1363787865416115,38.0099983215332,103889.02534190183,0.8795236404764665,1.1369791032089458,14230.625524585137
2006-07-07 00:00:00+00:00,1.136570575318558,37.56999969482422,102519.02386594216,0.8780898693541307,1.1388355963331396,14233.28981391946
2006-07-10 00:00:00+00:00,1.1383324188561268,37.16999816894531,101273.32455767666,0.8767549432150564,1.1405695602159989,14235.946694684726
2006-07-11 00:00:00+00:00,1.1397547527406762,37.08000183105469,100990.98717317122,0.8764326866979619,1.1409889375162272,14238.611980260343
2006-07-12 00:00:00+00:00,1.1386006149743448,36.84000015258789,100242.48960601853,0.8756043624781494,1.1420683162995946,14241.281720006644
2006-07-13 00:00:00+00:00,1.1416730380544349,36.310001373291016,98592.79031378652,0.8737648873378548,1.144472631587145,14243.959872152323
2006-07-14 00:00:00+00:00,1.144472631587145,35.790000915527344,96974.16520071714,0.8719067422596403,1.1469116495284717,14246.63457128387
2006-07-17 00:00:00+00:00,1.1462088579132585,35.869998931884766,97220.09137211787,0.8721684190789118,1.1465675414572907,14249.30977266448
2006-07-18 00:00:00+00:00,1.1458217623878886,35.540000915527344,96191.90782577448,0.8709571716007863,1.148162082599352,14251.993392671662
2006-07-19 00:00:00+00:00,1.145298710458091,36.09000015258789,97898.42190058898,0.872900019190697,1.1456065735078604,14254.653764771629
2006-07-20 00:00:00+00:00,1.1431974516296746,36.040000915527344,97740.37973245545,0.8726998964598619,1.1458692776938963,14257.318593100432
2006-07-21 00:00:00+00:00,1.1456839961932488,35.619998931884766,96432.51471125714,0.8711747630042247,1.1478753086826399,14259.98787997036
2006-07-24 00:00:00+00:00,1.1474950508338198,35.79999923706055,96989.21679266712,0.8717985266978535,1.147054014633106,14262.653705482368
2006-07-25 00:00:00+00:00,1.1442349716681603,36.2400016784668,98353.8955481021,0.8733313545453487,1.1450407623582852,14265.323991203892
2006-07-26 00:00:00+00:00,1.1433200035310935,36.22999954223633,98320.1421817641,0.8732726629795339,1.1451177191188866,14267.994776862246
2006-07-27 00:00:00+00:00,1.143485074092373,36.25,98379.62420290345,0.8733188700275608,1.1450571312726143,14270.666062551023
2006-07-28 00:00:00+00:00,1.1446003777079394,36.5,99153.83907842374,0.8741628890815508,1.1439515592461964,14273.349740585565
2006-07-31 00:00:00+00:00,1.141251104571447,36.88999938964844,100363.11870734862,0.8754698536701843,1.1422437857885739,14276.029958481296
2006-08-01 00:00:00+00:00,1.141324848055903,36.2599983215332,98402.63048412121,0.873282232466594,1.145105170839776,14278.730507481776
2006-08-02 00:00:00+00:00,1.144103975890559,36.61000061035156,99487.61037721846,0.8744700891424907,1.1435496907396852,14281.415702079988
2006-08-03 00:00:00+00:00,1.1423050848232947,36.47999954223633,99080.94204465707,0.8739991267767099,1.1441659028745013,14284.093467524128
2006-08-04 00:00:00+00:00,1.1413289964423412,36.619998931884766,99513.31713479017,0.874457227439081,1.1435665103124382,14286.779670656771
2006-08-07 00:00:00+00:00,1.142102109451086,36.529998779296875,99230.95441014091,0.8741243263405288,1.1440020256459884,14289.45844184502
2006-08-08 00:00:00+00:00,1.1431948320243246,36.2599983215332,98389.2272455941,0.8731632843246017,1.1452611647241988,14292.133746008853
2006-08-09 00:00:00+00:00,1.1442587578563161,36.43000030517578,98914.84068125307,0.8737314667149895,1.1445164081817363,14294.817491123382
2006-08-10 00:00:00+00:00,1.1440638117527655,36.310001373291016,98539.25241653588,0.8732904151719831,1.1450944412381567,14297.497769402968
2006-08-11 00:00:00+00:00,1.1429308174787625,36.369998931884766,98723.0236731845,0.8734757571906865,1.1448514647003447,14300.17457870757
2006-08-14 00:00:00+00:00,1.14412558191325,36.70000076293945,99745.85814358908,0.8745899722578011,1.143392940372328,14302.851889170362
2006-08-15 00:00:00+00:00,1.1430809025410853,37.09000015258789,100955.13223266604,0.8758853504681184,1.1417019356078375,14305.537646913996
2006-08-16 00:00:00+00:00,1.139090238408636,37.84000015258789,103283.14957878228,0.8783225630918837,1.1385338849542765,14308.215961462334
2006-08-17 00:00:00+00:00,1.1354767069509009,38.439998626708984,105145.05037104417,0.8801995976746029,1.136105949879888,14310.86695591964
2006-08-18 00:00:00+00:00,1.1349492906023175,38.279998779296875,104645.17235960018,0.8796764756242026,1.1367815642568115,14313.530367269772
2006-08-21 00:00:00+00:00,1.134740876911973,38.2599983215332,104580.33526582817,0.8795910039101568,1.136892027720354,14316.214154213632
2006-08-22 00:00:00+00:00,1.136244270755085,38.20000076293945,104391.2068864472,0.8793793088851725,1.1371657143806848,14318.894467641392
2006-08-23 00:00:00+00:00,1.136232955194571,37.91999816894531,103518.39163014258,0.8784658918526878,1.138348124013098,14321.57528288339
2006-08-24 00:00:00+00:00,1.137440415645581,37.91999816894531,103515.70633477706,0.8784431042074102,1.1383776538405028,14324.260578248934
2006-08-25 00:00:00+00:00,1.1370202187849323,38.060001373291016,103948.09368371552,0.8788675415392823,1.1378278895686165,14326.946377107353
2006-08-28 00:00:00+00:00,1.136764841784006,38.2400016784668,104504.77528819177,0.8794151212210984,1.137119405692576,14329.63267955306
2006-08-29 00:00:00+00:00,1.1356271770859492,38.18000030517578,104315.62856157999,0.8792029721409801,1.1373937892462562,14332.319485680477
2006-08-30 00:00:00+00:00,1.1351789305803492,38.599998474121094,105618.13309387336,0.8804950016486331,1.1357247890420803,14334.998833184327
2006-08-31 00:00:00+00:00,1.1344980129504962,38.7599983215332,106112.65988168599,0.8809659991950826,1.1351175878679494,14337.686645465548
2006-09-01 00:00:00+00:00,1.1346837102273266,38.900001525878906,106545.02081709246,0.8813719727621728,1.1345947351446328,14340.398857855982
2006-09-05 00:00:00+00:00,1.7176370347849763,38.849998474121094,105883.913088032,0.5796428494953327,1.725200269218627,76787.0422773625
2006-09-06 00:00:00+00:00,1.7060740542072184,38.61000061035156,104741.03496567476,0.5769505057540714,1.7332509288522162,76801.46117752347
2006-09-07 00:00:00+00:00,1.731281321338677,38.36000061035156,103551.23120722704,0.5741140397220725,1.7418142229792848,76815.7761165374
2006-09-08 00:00:00+00:00,1.737461017013669,38.459999084472656,104007.05927779549,0.5751419606374029,1.7387011702149968,76830.13639912807
2006-09-11 00:00:00+00:00,1.7301192125107996,38.31999969482422,103334.4254415926,0.5735100570267676,1.7436485860148163,76844.49936629379
2006-09-12 00:00:00+00:00,1.7226052713092015,38.95000076293945,106282.27529085889,0.5803298086042541,1.723158082134521,76858.8863642307
2006-09-13 00:00:00+00:00,1.700534076291632,39.630001068115234,109465.28067221098,0.5874539344957496,1.7022611327956565,76873.21200666136
2006-09-14 00:00:00+00:00,1.6927392796975984,39.7599983215332,110062.0868630894,0.5887255602734907,1.6985843107193326,76887.6470875826
2006-09-15 00:00:00+00:00,1.6917868419192188,40.0,111257.23495885391,0.5915477093417061,1.6904807240532351,76820.97615055034
2006-09-18 00:00:00+00:00,1.6872856377380003,39.939998626708984,110960.70725200865,0.5908573965852891,1.6924557529096649,76835.38008357857
2006-09-19 00:00:00+00:00,1.6872140242832212,39.52000045776367,108971.53069745375,0.5864319403506637,1.7052277190120964,76849.74403102197
2006-09-20 00:00:00+00:00,1.695327019544545,40.189998626708984,112107.50818559769,0.5932506383586036,1.6856281904167587,76864.06796942331
2006-09-21 00:00:00+00:00,1.678795417690708,40.08000183105469,111575.93886125273,0.5920580946216799,1.6890234405780595,76878.4372799076
2006-09-22 00:00:00+00:00,1.6861320350036975,39.70000076293945,109774.7974816148,0.588076243273056,1.7004597812594844,76892.8306317761
2006-09-25 00:00:00+00:00,1.6953962622457666,39.68000030517578,109666.29609969308,0.5877911120648454,1.701284656188676,76907.29075575882
2006-09-26 00:00:00+00:00,1.6755080603203272,40.400001525878906,113037.18270665556,0.5950609472125007,1.6805001314308945,76921.81768845711
2006-09-27 00:00:00+00:00,1.6701855244943062,40.5,113492.9482189981,0.5959850428655891,1.6778944572028922,76936.24052927371
2006-09-28 00:00:00+00:00,1.671771569049384,40.43000030517578,113149.28038349065,0.5952090933753811,1.6800818588457438,76950.77293026257
2006-09-29 00:00:00+00:00,1.668962238756839,40.619998931884766,114028.15303353888,0.597026609676075,1.6749672188691282,76965.26532583109
2006-10-02 00:00:00+00:00,1.6741332094965609,40.08000183105469,111474.48741491731,0.5915197603658627,1.690560598316254,76979.888726243
2006-10-03 00:00:00+00:00,1.6888174244227752,39.880001068115234,110519.48797650752,0.5893933193323287,1.6966598826278028,76994.49352179858
2006-10-04 00:00:00+00:00,1.6841441575114373,40.13999938964844,111727.55198910751,0.5919764468316713,1.6892563975342592,77008.9299893339
2006-10-05 00:00:00+00:00,1.6571747254625409,41.18000030517578,116603.19339108655,0.6022067304022033,1.6605593220987709,77023.32638096802
2006-10-06 00:00:00+00:00,1.652144184159374,41.2400016784668,116870.91808194402,0.6027112352745466,1.6591693359498778,77037.72546392758
2006-10-09 00:00:00+00:00,1.654691655595347,41.31999969482422,117232.68480174427,0.6034063933409579,1.6572578796574746,77052.1058393475
2006-10-10 00:00:00+00:00,1.6512502293706388,41.310001373291016,117171.29008128602,0.6032363564717004,1.657725018181846,77066.48889910418
2006-10-11 00:00:00+00:00,1.6496435422899762,41.16999816894531,116498.48708697027,0.6018121391980277,1.661648103896003,77081.00308784685
2006-10-12 00:00:00+00:00,1.6519127303854495,41.70000076293945,118976.08289293529,0.6067993534434906,1.6479912088323065,77095.45577592583
2006-10-13 00:00:00+00:00,1.6354349593404778,42.13999938964844,121030.48136002781,0.6108319450276324,1.6371114970988667,77109.91117388381
2006-10-16 00:00:00+00:00,1.6300135462122818,42.400001525878906,122238.62734603306,0.6131462806355842,1.6309321797783807,77124.28360454983
2006-10-17 00:00:00+00:00,1.6292379158672827,41.7599983215332,119214.83582818024,0.6071434840337329,1.6470571228998647,77138.808677962
2006-10-18 00:00:00+00:00,1.6409895719453145,41.650001525878906,118683.25799747984,0.6060325405987315,1.6500764117584303,77153.18649480172
2006-10-19 00:00:00+00:00,1.6462361140700277,41.59000015258789,118386.71086407639,0.6053904123883578,1.651826622187238,77167.60985438811
2006-10-20 00:00:00+00:00,1.6438987482111747,41.63999938964844,118607.4004201498,0.6057906679159908,1.6507352340704544,77182.01447489425
2006-10-23 00:00:00+00:00,1.6415789335333422,41.81999969482422,119439.28217735098,0.6074138150049072,1.646324096187903,77196.4861026083
2006-10-24 00:00:00+00:00,1.6311673457113816,41.91999816894531,119895.01763283425,0.6082769880770263,1.6439878864419075,77210.93900028417
2006-10-25 00:00:00+00:00,1.638479185542782,42.04999923706055,120491.82123759035,0.6094149198126008,1.6409181454033106,77225.39460386366
2006-10-26 00:00:00+00:00,1.63155297831687,42.220001220703125,121276.6617488173,0.6109145918909054,1.6368900223921576,77239.89581685039
2006-10-27 00:00:00+00:00,1.622411344525321,42.08000183105469,120603.95131036772,0.609547132566076,1.6405622249262213,77254.33538626281
2006-10-30 00:00:00+00:00,1.6373321177037679,42.060001373291016,120495.467783619,0.6092884359168631,1.6412587882046215,77268.77765507252
2006-10-31 00:00:00+00:00,1.6309185984432581,42.310001373291016,121656.42578014375,0.6115240187377244,1.6352587459510537,77283.30847798155
2006-11-01 00:00:00+00:00,1.628698047852161,41.81999969482422,119337.84037612399,0.6068979281847506,1.6477235356380753,77297.92790383531
2006-11-02 00:00:00+00:00,1.6431621786931974,41.7400016784668,118947.24286271517,0.6060708878610854,1.6499720082730736,77312.378322024
2006-11-03 00:00:00+00:00,1.6423543942441297,41.61000061035156,118321.55201042611,0.6047663819679536,1.6535310655759794,77326.80996597743
2006-11-06 00:00:00+00:00,1.6453248561930864,42.060001373291016,120422.93669584545,0.6089216806036737,1.6422473231838592,77341.30874284607
2006-11-07 00:00:00+00:00,1.630431926632703,42.470001220703125,122336.257630563,0.6126245879349664,1.632321032642189,77355.78875453847
2006-11-08 00:00:00+00:00,1.6236913218497626,42.470001220703125,122321.81788332883,0.6125522778580477,1.6325137235580391,77370.22850177265
2006-11-09 00:00:00+00:00,1.6191852233086041,42.66999816894531,123247.75214699341,0.614296284957066,1.6278789640896028,77384.67094442633
2006-11-10 00:00:00+00:00,1.6240695132206142,42.66999816894531,123233.2855126752,0.6142241797903372,1.6280700644858133,77399.13757874454
2006-11-13 00:00:00+00:00,1.619559918353223,43.0,124770.47002508986,0.6171132361749054,1.620448146920924,77413.60691751968
2006-11-14 00:00:00+00:00,1.6096500729328118,43.2400016784668,125884.3891249657,0.6191668275546733,1.6150736045556293,77428.16497637611
2006-11-15 00:00:00+00:00,1.599619959798209,43.91999816894531,129067.18443127944,0.6249928208680359,1.6000183787889384,77442.68275730919
2006-11-16 00:00:00+00:00,1.595893695284875,44.02000045776367,129522.78417053222,0.6257741723341387,1.5980205706956525,77457.28930775146
2006-11-17 00:00:00+00:00,1.5920031211553067,43.95000076293945,129179.12549426845,0.6251078592583525,1.5997239279417015,77471.81254949667
2006-11-20 00:00:00+00:00,1.5921798540508765,44.0099983215332,129446.81296643612,0.6255492624022271,1.598595122884186,77486.23091461006
2006-11-21 00:00:00+00:00,1.5904452361696664,44.25,130560.76145687191,0.6275103671471791,1.59359916959819,77500.75958290654
2006-11-22 00:00:00+00:00,1.5893542070773317,44.2599983215332,130593.15561319659,0.6275242726407219,1.5935638565689914,77515.37708728343
2006-11-24 00:00:00+00:00,1.583686589894365,44.380001068115234,131142.8474955776,0.6284616869514433,1.5911868945437604,77529.93275253648
2006-11-27 00:00:00+00:00,1.5855187722901711,43.63999938964844,127648.87737167916,0.6220907872681452,1.6074824132847372,77544.44807883514
2006-11-28 00:00:00+00:00,1.6074824132847374,43.34000015258789,126223.60401077979,0.6194028134593488,1.6144582786362007,77559.1384437212
2006-11-29 00:00:00+00:00,1.6047710911591946,43.65999984741211,127713.70747047904,0.6221216118566931,1.6074027665033952,77573.65923797427
2006-11-30 00:00:00+00:00,1.5983705387669525,43.790000915527344,128310.40006946889,0.6231726875211093,1.6046916368845612,77588.22584732005
2006-12-01 00:00:00+00:00,1.5992021718589724,43.2599983215332,125803.6744693687,0.618483807472498,1.6168572045347636,77602.90295337618
2006-12-04 00:00:00+00:00,1.6077709117550367,43.790000915527344,128281.12930638513,0.6230305264797064,1.6050577901058471,77617.4966104038
2006-12-05 00:00:00+00:00,1.5948109459168176,44.189998626708984,130147.4120561903,0.6263730368300148,1.5964927306910563,77631.98520977107
2006-12-06 00:00:00+00:00,1.591577077145529,44.06999969482422,129568.71270562669,0.6252858522472439,1.5992685527843844,77646.45494923658
2006-12-07 00:00:00+00:00,1.595164942085989,43.70000076293945,127814.5002701709,0.6220426856477012,1.6076067174694795,77660.94895416043
2006-12-08 00:00:00+00:00,1.6076067174694795,43.470001220703125,126718.49128074726,0.6199716735806123,1.6129769191301193,77675.51038208933
2006-12-11 00:00:00+00:00,1.6033502343776476,43.75,128020.46886062494,0.6223330449870274,1.6068566630924204,77690.07454028598
2006-12-12 00:00:00+00:00,1.6000249128495287,43.560001373291016,127112.53692603188,0.6206146278684258,1.6113058814527432,77704.64142926228
2006-12-13 00:00:00+00:00,1.605926683066676,43.619998931884766,127380.11631229027,0.6210656307931741,1.610135789872774,77719.16788028502
2006-12-14 00:00:00+00:00,1.604335735765315,43.939998626708984,128870.21139958056,0.6237549539530333,1.603193679925942,77733.69704694708
2006-12-15 00:00:00+00:00,1.5938763653457833,44.349998474121094,130973.78009576799,0.6280760872149821,1.5921637845411447,77557.92929716961
2006-12-18 00:00:00+00:00,1.5904679230879828,43.79999923706055,128373.12308083914,0.6233349955399595,1.6042737968429914,77572.51449665133
2006-12-19 00:00:00+00:00,1.6000975570489242,43.380001068115234,126383.85181894229,0.6196172998628406,1.6138994185949318,77586.97315143669
2006-12-20 00:00:00+00:00,1.603349447084657,43.66999816894531,127732.9438680002,0.6220728593161297,1.6075287404426246,77601.43450115464
2006-12-21 00:00:00+00:00,1.6070817865625104,43.209999084472656,125555.47692008773,0.6179778525707912,1.6181809685249957,77616.00632607762
2006-12-22 00:00:00+00:00,1.6142702522851364,42.93000030517578,124224.38218082722,0.6154141248796127,1.6249220802262543,77630.55932726378
2006-12-26 00:00:00+00:00,1.6249220802262543,42.880001068115234,123974.75383841807,0.6148936004032074,1.62629762180687,77645.09349309337
2006-12-27 00:00:00+00:00,1.6208815926272613,43.099998474121094,124994.52707531926,0.6167870530279388,1.621305108612101,77659.73822044945
2006-12-28 00:00:00+00:00,1.6159756241876713,43.04999923706055,124745.04427501942,0.6162708975898662,1.6226630267806497,77674.12684416973
2006-12-29 00:00:00+00:00,1.6210244754317298,43.119998931884766,125059.61581075471,0.6168219993375215,1.6212132528898433,77688.69074295301
2007-01-03 00:00:00+00:00,1.620280386633127,42.52000045776367,122224.05583074871,0.6113429896879881,1.6357429738588667,77703.08473093233
2007-01-04 00:00:00+00:00,1.618608494410512,43.150001525878906,125171.65859699422,0.6169453531553553,1.620889102876809,77717.71881188998
2007-01-05 00:00:00+00:00,1.600366599785678,43.47999954223633,126708.74402762613,0.6197814321488576,1.6134720211492597,77732.26929591199
2007-01-08 00:00:00+00:00,1.605163096609531,43.63999938964844,127446.56772329741,0.6211048407324206,1.610034143061545,77746.75772721689
2007-01-09 00:00:00+00:00,1.604679996795266,43.630001068115234,127385.02173816523,0.6209471639284749,1.610442978229283,77761.29205164756
2007-01-10 00:00:00+00:00,1.6000334499087523,43.81999969482422,128263.80654152224,0.6225199304643193,1.6063742718311516,77775.87229390725
2007-01-11 00:00:00+00:00,1.589097943503452,44.650001525878906,132151.83345111556,0.6294673677079774,1.5886447039204106,77790.47687437132
2007-01-12 00:00:00+00:00,1.5797745086310686,44.970001220703125,133641.82877372234,0.6320348367288058,1.5821912684048478,77805.10580571687
2007-01-16 00:00:00+00:00,1.5753092386766985,45.130001068115234,134379.61728094815,0.6332709440145504,1.5791029249828072,77819.62942546725
2007-01-17 00:00:00+00:00,1.576079410315488,44.83000183105469,132954.37825472635,0.6307472893200247,1.585421002883813,77834.28545567571
2007-01-18 00:00:00+00:00,1.583769435029133,43.95000076293945,128802.05865956645,0.6232832034485534,1.6044071049357924,77848.87938419866
2007-01-19 00:00:00+00:00,1.6015523028600693,43.90999984741211,128599.42272818132,0.6228695345677387,1.6054726463608204,77863.43279970577
2007-01-22 00:00:00+00:00,1.5997710623556507,43.5099983215332,126704.03404882296,0.6193310898465273,1.6146452461280507,77878.03219335571
2007-01-23 00:00:00+00:00,1.6105668023455673,43.5,126642.44188987189,0.6191723083801437,1.6150593081531117,77892.61269160525
2007-01-24 00:00:00+00:00,1.6132378127849092,43.77000045776367,127897.34546552815,0.6214504194721221,1.6091388285640371,77907.23919332177
2007-01-25 00:00:00+00:00,1.5974968327140218,43.58000183105469,126989.32953076308,0.6197285330225135,1.6136097447746076,77921.89008247007
2007-01-26 00:00:00+00:00,1.610220657121779,43.290000915527344,125611.01797124403,0.6171086673511272,1.6204601440657003,77936.63030667734
2007-01-29 00:00:00+00:00,1.6140244914907604,43.400001525878906,126113.60115439419,0.6180074183533973,1.618103553941753,77951.2650739238
2007-01-30 00:00:00+00:00,1.6133017088768018,43.52000045776367,126663.19325016178,0.6189891653998288,1.6155371626804835,77965.90258925436
2007-01-31 00:00:00+00:00,1.6130338929814063,43.33000183105469,125755.25291219991,0.6172469228751857,1.6200971814357854,77980.47788159951
2007-02-01 00:00:00+00:00,1.6034020588312057,43.849998474121094,128185.45924291687,0.6217140571399998,1.6084564737046252,77995.27251115316
2007-02-02 00:00:00+00:00,1.6051269515916364,43.939998626708984,128593.92516036476,0.6224176789649015,1.6066381688627942,78009.98328616291
2007-02-05 00:00:00+00:00,1.6017971888833666,43.959999084472656,128673.36121587739,0.6225188077571764,1.606377168912889,78024.58848858926
2007-02-06 00:00:00+00:00,1.6028524826129291,43.63999938964844,127154.1073515834,0.6196795488957006,1.613737296610884,78039.21809893087
2007-02-07 00:00:00+00:00,1.6043511188967434,44.119998931884766,129396.43305667903,0.6237467811046485,1.6032146863010839,78053.82877476382
2007-02-08 00:00:00+00:00,1.5958530481497823,44.22999954223633,129899.05927741855,0.6246123644604643,1.6009929628335051,78068.4205044209
2007-02-09 00:00:00+00:00,1.596244837107289,43.72999954223633,127533.4438097064,0.6202490679518915,1.6122555464727653,78083.05833326548
2007-02-12 00:00:00+00:00,1.6088882012539352,43.59000015258789,126860.53236723175,0.6189579778217235,1.6156185651233772,78097.69890670296
2007-02-13 00:00:00+00:00,1.6128926410706925,43.70000076293945,127363.04191766761,0.6198455455309254,1.6133051325608145,78112.40730666372
2007-02-14 00:00:00+00:00,1.6097037149773963,44.040000915527344,128947.03965529808,0.6227096024027664,1.6058849841746996,78127.07508092464
2007-02-15 00:00:00+00:00,1.5937604648908617,44.54999923706055,131330.3367243589,0.6269585982767373,1.5950016520207346,78141.76731143291
2007-02-16 00:00:00+00:00,1.5884703221414243,44.56999969482422,131409.63957674114,0.6270556696672336,1.594754737694471,78156.5057169897
2007-02-20 00:00:00+00:00,1.5917902801156045,44.43000030517578,130736.73607302249,0.6258104747513957,1.5979278716887118,78171.13835167115
2007-02-21 00:00:00+00:00,1.584885908937066,44.83000183105469,132602.82484187977,0.6290794889428205,1.589624232830287,78185.8388685223
2007-02-22 00:00:00+00:00,1.5821924852801372,45.06999969482422,133716.66765586537,0.6309856693288293,1.584822046852009,78200.455276733
2007-02-23 00:00:00+00:00,1.5777120319231668,45.060001373291016,133654.97168745077,0.6308344810180841,1.5852018716322087,78215.13958444606
2007-02-26 00:00:00+00:00,1.581113244386587,44.7599983215332,132229.72714265707,0.6282905767928861,1.5916202421887453,78229.78319669049
2007-02-27 00:00:00+00:00,1.5857877823569375,43.060001373291016,124221.64078291005,0.6135426078197338,1.6298786543180257,78244.55993351655
2007-02-28 00:00:00+00:00,1.6267944682974216,42.93000030517578,123595.66725038695,0.6122994380369571,1.633187845486218,78259.27425770405
2007-03-01 00:00:00+00:00,1.62369687842748,42.2400016784668,120336.30313298263,0.6058906415153488,1.650462858279133,78274.29569062407
2007-03-02 00:00:00+00:00,1.3636208206529867,42.470001220703125,121849.32004600481,0.7291464945920182,1.3714665124455319,45262.94196134884
2007-03-05 00:00:00+00:00,1.3713466151180147,42.060001373291016,120227.57842921393,0.7264550932145502,1.3765475792523099,45271.40361688773
2007-03-06 00:00:00+00:00,1.3754417000311896,42.5,121950.38496739374,0.7292361696358302,1.3712978615684757,45279.91715584568
2007-03-07 00:00:00+00:00,1.3671516212545114,42.650001525878906,122532.16331599545,0.7301380905411133,1.3696039323998135,45288.3694070481
2007-03-08 00:00:00+00:00,1.3692482208739332,42.84000015258789,123271.29674442354,0.7312846483633126,1.367456574178193,45296.84839620931
2007-03-09 00:00:00+00:00,1.3659380609384577,42.650001525878906,122515.2037502178,0.7300370327891063,1.3697935242812276,45305.328972825715
2007-03-12 00:00:00+00:00,1.3664977045112159,42.83000183105469,123214.99230153894,0.7311212670321499,1.3677621553252213,45313.81113719451
2007-03-13 00:00:00+00:00,1.3633528365002991,42.36000061035156,121357.12075873956,0.7280869753600238,1.3734622838233317,45322.30747678274
2007-03-14 00:00:00+00:00,1.3733412535927714,42.099998474121094,120325.55845445217,0.726356390107167,1.3767346355312706,45330.80540943464
2007-03-15 00:00:00+00:00,1.3660800683423027,42.720001220703125,122756.63954767246,0.7302771136686156,1.369343200386503,45339.33011922969
2007-03-16 00:00:00+00:00,1.367341517333314,42.61000061035156,122394.93459483368,0.7300050422021962,1.3698535519471398,45268.20130023708
2007-03-19 00:00:00+00:00,1.3672560454424314,42.95000076293945,123724.28982448329,0.7320921489370046,1.365948264097623,45276.68908798088
2007-03-20 00:00:00+00:00,1.3622615212586708,43.209999084472656,124738.83722986905,0.7336541693325391,1.363040028668788,45285.19104404295
2007-03-21 00:00:00+00:00,1.3588516661180101,43.349998474121094,125281.20756504567,0.7344644843843134,1.3615362230050911,45293.694596583446
2007-03-22 00:00:00+00:00,1.3497812851782813,44.09000015258789,128184.483692473,0.7388721782672496,1.353414067295278,45302.19974590213
2007-03-23 00:00:00+00:00,1.351579396088224,44.06999969482422,128097.26594814549,0.7387045407979882,1.353721203500044,45310.719076243244
2007-03-26 00:00:00+00:00,1.3531787729332818,43.630001068115234,126357.46269749182,0.7360200219192056,1.358658691637837,45319.20224975918
2007-03-27 00:00:00+00:00,1.35132855263814,43.95000076293945,127608.0721844752,0.7378927043279314,1.3552105802574568,45327.73736618288
2007-03-28 00:00:00+00:00,1.354772989263372,43.5099983215332,125868.23814639356,0.7351924565111243,1.3601880584378232,45336.23631693905
2007-03-29 00:00:00+00:00,1.3600754693781318,43.099998474121094,124246.43245403422,0.7326231342306507,1.3649582619993699,45344.76204804643
2007-03-30 00:00:00+00:00,1.359605627582028,43.220001220703125,124710.07041199965,0.7333152308021317,1.3636700261989063,45353.314573999385
2007-04-02 00:00:00+00:00,1.3601474279813734,43.29999923706055,125016.28232056028,0.7337576579987177,1.3628477864577837,45361.88131119669
2007-04-03 00:00:00+00:00,1.3595657968106458,43.790000915527344,126935.850585012,0.7366874967016447,1.3574276806342973,45370.38666394255
2007-04-04 00:00:00+00:00,1.353374671016526,44.130001068115234,128265.24966933185,0.7386675634008902,1.3537889702316321,45378.83059701612
2007-04-05 00:00:00+00:00,1.3515243786730513,44.22999954223633,128650.26861926209,0.7392098038827992,1.3527959109137422,45387.28870683017
2007-04-09 00:00:00+00:00,1.3492706297229127,44.380001068115234,129231.92606453273,0.740042163961743,1.3512743579995472,45395.86186136368
2007-04-10 00:00:00+00:00,1.3505272658391039,44.40999984741211,129341.4166264346,0.740168838797735,1.3510430966322655,45404.411415347575
2007-04-11 00:00:00+00:00,1.3481831320222348,44.06999969482422,127995.04766956432,0.7381150738333221,1.3548023004144956,45412.937354824455
2007-04-12 00:00:00+00:00,1.3532818218164002,43.95000076293945,127514.36988478439,0.7373508714944988,1.3562064393755322,45421.43966587366
2007-04-13 00:00:00+00:00,1.3496253156418458,44.290000915527344,128843.6711481073,0.7393181312808923,1.3525976946723435,45429.98141994417
2007-04-16 00:00:00+00:00,1.3487632986336637,44.83000183105469,130959.96517366082,0.7424098922014862,1.3469648108199037,45438.499541460405
2007-04-17 00:00:00+00:00,1.344583538893377,44.959999084472656,131462.91214340515,0.7431062438556382,1.3457025940348148,45447.06974734614
2007-04-18 00:00:00+00:00,1.3436454483728641,44.83000183105469,130942.9367631276,0.7423133584217808,1.3471399762036913,45455.527951993565
2007-04-19 00:00:00+00:00,1.3452724361978325,44.720001220703125,130501.65583901852,0.7416315057630576,1.3483785306169127,45463.97510427131
2007-04-20 00:00:00+00:00,1.3439195493376344,45.20000076293945,132381.87350656095,0.7443274516932289,1.3434947182522368,45472.474341839414
2007-04-23 00:00:00+00:00,1.3414648159558733,45.34000015258789,132924.22130533896,0.7450691185594874,1.3421573584117867,45481.000430778506
2007-04-24 00:00:00+00:00,1.3408456822165935,45.33000183105469,132876.37718308132,0.7449652206890129,1.3423445447226479,45489.502851136815
2007-04-25 00:00:00+00:00,1.338634239787273,45.70000076293945,134323.79421444098,0.7469829671802479,1.3387186106463103,45497.968953056334
2007-04-26 00:00:00+00:00,1.3327722604826562,46.33000183105469,136794.2866801252,0.7503771443104232,1.3326631915461307,45506.42399228678
2007-04-27 00:00:00+00:00,1.3305712922165154,46.290000915527344,136628.3700383272,0.7501146605634706,1.3331295234902096,45514.943806111994
2007-04-30 00:00:00+00:00,1.3304647126466362,45.91999816894531,135163.9504859366,0.7480540355374026,1.3368018251269767,45523.4652150357
2007-05-01 00:00:00+00:00,1.3364100795525884,45.65999984741211,134132.314893133,0.7465716080820034,1.3394562412694375,45532.05144639154
2007-05-02 00:00:00+00:00,1.7514470919997835,46.04999923706055,135694.2414256743,0.5720873124475473,1.7479849285972175,101497.24748383659
2007-05-03 00:00:00+00:00,1.737625296583503,46.43000030517578,137632.60947358597,0.5755104098759439,1.737588031145359,101516.16544302039
2007-05-04 00:00:00+00:00,1.733197785277396,46.41999816894531,137562.0850066124,0.575339453919512,1.7381043368179934,101535.1715251061
2007-05-07 00:00:00+00:00,1.7323457991855595,46.56999969482422,138315.6939514291,0.5766280316941595,1.734220233903569,101554.18116555274
2007-05-08 00:00:00+00:00,1.732583356128924,46.29999923706055,136905.97908758538,0.574079392785173,1.7419193452467494,101573.19436502652
2007-05-09 00:00:00+00:00,1.730107904580096,46.459999084472656,137711.16429439117,0.5754670729718432,1.7377188843069196,101592.12647986512
2007-05-10 00:00:00+00:00,1.7276489376183741,46.06999969482422,135683.4439073402,0.5717934484742792,1.7488832771139782,101611.06212343957
2007-05-11 00:00:00+00:00,1.7454873351018534,46.18000030517578,136230.9761759176,0.5727333376047283,1.7460132566792361,101630.11419758771
2007-05-14 00:00:00+00:00,1.7294651504580045,46.189998626708984,136263.36280471203,0.5727454915879845,1.7459762052904455,101649.2263051743
2007-05-15 00:00:00+00:00,1.7384397017060502,45.9900016784668,135214.14342320827,0.5708069099956663,1.7519059115938036,101668.31377100271
2007-05-16 00:00:00+00:00,1.7487684751435904,45.90999984741211,134782.89916450751,0.5699779152065163,1.754453941671892,101687.48954462787
2007-05-17 00:00:00+00:00,1.736442313470248,46.290000915527344,136721.11876731337,0.573428059179936,1.743897920569335,101706.55594891749
2007-05-18 00:00:00+00:00,1.742778577610536,46.380001068115234,137165.6160095296,0.5741759927946958,1.741626282792989,101725.62592815791
2007-05-21 00:00:00+00:00,1.7325486622515915,46.66999816894531,138640.26984891843,0.5767427411593424,1.7338753115294434,101744.67122590111
2007-05-22 00:00:00+00:00,1.7247209094721767,46.869998931884766,139651.3725496544,0.5784699333545026,1.7286983166109897,101763.72008934729
2007-05-23 00:00:00+00:00,1.7238924517439032,46.79999923706055,139271.79828735,0.5777605218326255,1.7308209235689096,101782.74425146401
2007-05-24 00:00:00+00:00,1.7300109059900146,45.970001220703125,134977.61155693093,0.5700563001388542,1.7542126975114916,101801.82851601117
2007-05-25 00:00:00+00:00,1.7487837628460645,46.18000030517578,136040.2022929331,0.5719312985546048,1.748461751485219,101820.88808057221
2007-05-29 00:00:00+00:00,1.7408878581793064,46.40999984741211,137205.66516393004,0.5739723910156176,1.7422440794243539,101840.09263140743
2007-05-30 00:00:00+00:00,1.7312633077570196,46.349998474121094,136877.40562709642,0.5733404287637378,1.7441644611670672,101859.3008044343
2007-05-31 00:00:00+00:00,1.721362579702414,47.209999084472656,141287.94498022427,0.5810341284143437,1.7210692988534502,101878.39942333513
2007-06-01 00:00:00+00:00,1.7158499298193377,47.369998931884766,142092.87520331063,0.5823706148125735,1.717119604878817,101897.58652189317
2007-06-04 00:00:00+00:00,1.71530457273877,47.2400016784668,141404.24420012045,0.5811430743329067,1.7207466528752815,101916.63570959575
2007-06-05 00:00:00+00:00,1.7119296050969808,47.0,140148.9773343815,0.5789253957325958,1.727338284641252,101935.7167686147
2007-06-06 00:00:00+00:00,1.7121578169734115,46.959999084472656,139924.00003781085,0.5784884045518279,1.728643119086768,101954.65982264755
2007-06-07 00:00:00+00:00,1.7257045749520874,46.31999969482422,136608.41425251652,0.5725842902352493,1.7464677551477088,101973.77632136429
2007-06-08 00:00:00+00:00,1.7459052640781425,46.15999984741211,135765.17684781185,0.5710223631555897,1.7512448977896236,101992.89640442455
2007-06-11 00:00:00+00:00,1.7304604237689682,46.7599983215332,138836.4598924157,0.5764472484157058,1.734764113712706,102012.04840386048
2007-06-12 00:00:00+00:00,1.7331321541232878,46.45000076293945,137220.55970157878,0.5735403631996863,1.7435564507110997,102031.23233629644
2007-06-13 00:00:00+00:00,1.7410529784114563,46.540000915527344,137664.96772496344,0.5742851361311103,1.7412952853644783,102050.39153436846
2007-06-14 00:00:00+00:00,1.727415042622223,47.09000015258789,140478.7069943407,0.5791783714599571,1.7265838112691634,102069.55433011215
2007-06-15 00:00:00+00:00,1.7194613362748037,47.650001525878906,143486.83732923487,0.5846280792428896,1.710489173381869,101945.84444522677
2007-06-18 00:00:00+00:00,1.7076948063234827,47.66999816894531,143570.69163787336,0.5847243548393455,1.710207539199821,101964.98760935037
2007-06-19 00:00:00+00:00,1.707668650990618,47.5099983215332,142727.51252826754,0.5832479324032644,1.714536725195947,101984.04939731178
2007-06-20 00:00:00+00:00,1.7081478307235332,47.2400016784668,141317.82181875285,0.5807878956840391,1.7217989690060984,102003.05809096334
2007-06-21 00:00:00+00:00,1.7199620994326716,47.08000183105469,140474.5222553508,0.5792841139655718,1.726268640709578,102022.240332721
2007-06-22 00:00:00+00:00,1.7091082071088364,47.13999938964844,140764.3964610771,0.5797406806742025,1.7249091418547031,102041.39784229458
2007-06-25 00:00:00+00:00,1.7209520266404188,46.81999969482422,139097.0574005256,0.5767891232461719,1.7337358831803125,102060.50225955728
2007-06-26 00:00:00+00:00,1.7264725620145485,46.7400016784668,138665.75881922513,0.5759848162688206,1.736156877325192,102079.75200428902
2007-06-27 00:00:00+00:00,1.7339758493815782,46.70000076293945,138440.58462318644,0.5755420548467901,1.7374924935176128,102098.89195778983
2007-06-28 00:00:00+00:00,1.7151424700010813,47.470001220703125,142387.48347071308,0.5823486829836068,1.717184273306153,102118.06386083523
2007-06-29 00:00:00+00:00,1.7158894604417758,47.209999084472656,141029.10503962144,0.5799696721416727,1.7242280899055769,102137.23936393799
2007-07-02 00:00:00+00:00,1.7140572300026131,47.68000030517578,143430.63730706053,0.5840314099838337,1.7122366758111185,102156.56032505102
2007-07-03 00:00:00+00:00,1.7033958366384974,48.040000915527344,145265.58157689235,0.5870704842688983,1.70337297955856,102175.88494104584
2007-07-05 00:00:00+00:00,1.6967030848106088,48.290000915527344,146534.1365237572,0.5891313338169882,1.697414383853918,102195.01453728201
2007-07-06 00:00:00+00:00,1.6884605263338825,48.5,147596.62525909467,0.5908336407177518,1.6925238021064408,102214.17610250777
2007-07-09 00:00:00+00:00,1.683931512670587,48.720001220703125,148710.71396500667,0.5926052494392373,1.6874639584213385,102233.2560820469
2007-07-10 00:00:00+00:00,1.6834398308074396,48.43000030517578,147197.91163823247,0.5900892498359301,1.6946589016458824,102252.33962318221
2007-07-11 00:00:00+00:00,1.693445670240709,48.31999969482422,146612.18338525528,0.5890791677910862,1.6975646987310282,102271.48353343389
2007-07-12 00:00:00+00:00,1.6857596199716258,48.91999816894531,149683.47093487793,0.5940430773199801,1.6833796035659414,102290.63102785098
2007-07-13 00:00:00+00:00,1.6686537969731536,49.56999969482422,153012.2506989615,0.5992910794290676,1.6686382199325906,102309.83893523288
2007-07-16 00:00:00+00:00,1.6612921846431146,49.7599983215332,153971.7007834555,0.6007462604602231,1.6645962960034315,102329.02203003324
2007-07-17 00:00:00+00:00,1.6626013821323407,49.91999816894531,154776.43244037085,0.6019505247296504,1.6612660989856642,102348.40769476225
2007-07-18 00:00:00+00:00,1.6545138707394071,49.63999938964844,153314.9564228374,0.5996299028440484,1.6676953488426671,102367.68331154477
2007-07-19 00:00:00+00:00,1.6560145302784552,50.310001373291016,156746.73883948318,0.6048876406053895,1.6531995909176957,102386.90568763328
2007-07-20 00:00:00+00:00,1.6529850543638607,49.7400016784668,153791.62210827693,0.6002848850579914,1.6658756948434468,102406.1032324497
2007-07-23 00:00:00+00:00,1.6590333889200666,49.91999816894531,154699.53575832729,0.6016514611230259,1.662091866499298,102425.3043768058
2007-07-24 00:00:00+00:00,1.6588016021856087,49.04999923706055,150199.16585387354,0.5945098326879031,1.6820579661042632,102444.53757284988
2007-07-25 00:00:00+00:00,1.675571097973818,49.060001373291016,150231.47588796646,0.5945164883250809,1.6820391353943431,102463.7459236448
2007-07-26 00:00:00+00:00,1.6741802013048888,48.04999923706055,145009.80814325222,0.5859148683044094,1.7067325888041034,102483.15711106699
2007-07-27 00:00:00+00:00,1.6841332423243707,47.9900016784668,144681.47543336306,0.5853190915845844,1.708469814802701,102502.45810565625
2007-07-30 00:00:00+00:00,1.708469814802701,47.95000076293945,144456.22197993044,0.5848953383740615,1.7097075910707022,102521.67731655107
2007-07-31 00:00:00+00:00,1.6948424273678768,47.43000030517578,141758.4990449878,0.5802651722573762,1.7233500265227892,102541.01404402271
2007-08-01 00:00:00+00:00,1.720731318161503,46.97999954223633,139421.3510467263,0.5761649096152615,1.7356142023084287,102560.32593500099
2007-08-02 00:00:00+00:00,1.711433804144572,47.790000915527344,143574.08353382623,0.5832698664305023,1.7144722495605762,102579.69844101094
2007-08-03 00:00:00+00:00,1.7006475682930027,47.150001525878906,140258.4090481516,0.5775342216200522,1.7314991260515802,102598.90364010795
2007-08-06 00:00:00+00:00,1.7243174161544106,47.029998779296875,139621.09752580113,0.5763769521395145,1.7349756895864668,102618.11243484501
2007-08-07 00:00:00+00:00,1.7103427983232835,47.47999954223633,141919.6642319716,0.5803131274023946,1.7232076146135333,102637.38183595777
2007-08-08 00:00:00+00:00,1.7020591116895194,48.400001525878906,146639.08054832887,0.5882133535530765,1.7000634105967585,102656.65485543585
2007-08-09 00:00:00+00:00,1.6894085509834655,47.689998626708984,142962.73635879642,0.5820041323795833,1.7182008586629756,102675.96000969618
2007-08-10 00:00:00+00:00,1.71768370495461,46.630001068115234,137483.25839099052,0.5724201552794747,1.7469685348723727,102695.66808979804
2007-08-13 00:00:00+00:00,1.729210919373391,47.47999954223633,141843.74855510925,0.5800027062631025,1.7241298862946637,102713.29751282012
2007-08-14 00:00:00+00:00,1.7209881856394083,46.72999954223633,137962.69156726982,0.5731871002241506,1.744631028173767,102731.30087135639
2007-08-15 00:00:00+00:00,1.7429667023331312,45.810001373291016,133206.78585057287,0.5645424070003959,1.771346116075384,102748.53690072481
2007-08-16 00:00:00+00:00,1.7686710967641255,44.38999938964844,125875.00330592004,0.550534933732044,1.8164151604713958,102766.26102334018
2007-08-17 00:00:00+00:00,1.7824755253306628,45.59000015258789,132037.4236617058,0.5622869110751839,1.7784514992316602,102784.73040414076
2007-08-20 00:00:00+00:00,1.757184444522869,46.08000183105469,134542.99261925218,0.5668643195119419,1.7640905690818196,102803.0317964155
2007-08-21 00:00:00+00:00,1.7511502561540782,46.38999938964844,136121.06154994108,0.5696806739804576,1.7553693598429916,102821.67912412745
2007-08-22 00:00:00+00:00,1.73778149219494,47.27000045776367,140635.46579519415,0.5776167458397619,1.7312517464260162,102839.92997217199
2007-08-23 00:00:00+00:00,1.720953908649071,47.22999954223633,140411.52026485288,0.5771853857170679,1.732545599292413,102857.84125997548
2007-08-24 00:00:00+00:00,1.7245717453327327,47.31999969482422,140856.85879110842,0.5779147672645172,1.7303589675227842,102876.06995517656
2007-08-27 00:00:00+00:00,1.7075893385060055,47.84000015258789,143516.3558090682,0.5824259971016426,1.716956325741559,102894.95914468777
2007-08-28 00:00:00+00:00,1.7159285279610335,46.709999084472656,137676.66620396374,0.572243684628478,1.7475072715730142,102914.3091133936
2007-08-29 00:00:00+00:00,1.7466691709605613,47.04999923706055,139408.47859902223,0.5752545904923959,1.7383607476196552,102933.74848289278
2007-08-30 00:00:00+00:00,1.7112920981099993,47.75,142995.41398926376,0.5814056656656456,1.7199694792363434,102952.33374303555
2007-08-31 00:00:00+00:00,1.7052358043597984,48.61000061035156,147406.46334547776,0.5887371294768244,1.6985509320409948,102970.92235885026
2007-09-04 00:00:00+00:00,1.6922617548497147,48.90999984741211,148933.203307541,0.5911863461244373,1.6915140320062678,102989.39991880688
2007-09-05 00:00:00+00:00,1.0425311680578824,48.869998931884766,148861.22060766353,0.9585200156884508,1.0432750319582595,6441.9740791421655
2007-09-06 00:00:00+00:00,1.0429905250271674,48.810001373291016,148669.359973495,0.9584613219300794,1.0433389194947096,6443.169423221296
2007-09-07 00:00:00+00:00,1.0430353533808296,47.95000076293945,145935.21790016806,0.9577086996475522,1.0441588349025246,6444.329193717475
2007-09-10 00:00:00+00:00,1.0438912191145913,47.810001373291016,145489.17756158055,0.9575773670243362,1.04430204225429,6445.467691875032
2007-09-11 00:00:00+00:00,1.0439278359436,48.43000030517578,147458.28603820197,0.9581128168632489,1.0437184248029212,6446.643989728798
2007-09-12 00:00:00+00:00,1.0432523574673813,48.779998779296875,148569.36591748317,0.9584057810948271,1.0433993823134686,6447.818711522483
2007-09-13 00:00:00+00:00,1.043251359681023,48.939998626708984,149076.6304669151,0.9585340725323149,1.0432597323933805,6449.015140105621
2007-09-14 00:00:00+00:00,1.0430395359241678,48.72999954223633,148408.0971782209,0.9583477542623198,1.0434625589223003,6450.195668154878
2007-09-17 00:00:00+00:00,1.043011264216575,48.59000015258789,147961.9859261032,0.9582199119013308,1.0436017740601609,6451.405079842657
2007-09-18 00:00:00+00:00,1.043396719280095,48.83000183105469,148723.45947955057,0.9584173752818591,1.043386760080296,6452.629054750861
2007-09-19 00:00:00+00:00,1.0422932699020595,49.97999954223633,152376.86825185278,0.9593669115260124,1.0423540649420093,6453.779773598958
2007-09-20 00:00:00+00:00,1.0421868992753869,49.91999816894531,152185.07218393663,0.9593110210255983,1.0424147936202184,6454.898428759715
2007-09-21 00:00:00+00:00,1.0423175900922579,50.0099983215332,152531.92675438727,0.9597670947875664,1.0419194463229007,6394.053916109139
2007-09-24 00:00:00+00:00,1.0416159815178396,50.33000183105469,153547.74897815243,0.9600159483083799,1.0416493619320335,6395.165771040107
2007-09-25 00:00:00+00:00,1.041426445123041,50.36000061035156,153641.97312779684,0.960032839833069,1.0416310343861577,6396.27426644042
2007-09-26 00:00:00+00:00,1.0410285139798898,51.119998931884766,156056.03684121964,0.9606201173465947,1.0409942306456996,6397.397167922752
2007-09-27 00:00:00+00:00,1.0408279480892482,51.36000061035156,156817.60060863273,0.9607971903966166,1.0408023774374282,6398.530928865289
2007-09-28 00:00:00+00:00,1.040621275995877,51.18000030517578,156244.43764431385,0.9606522872446133,1.0409593702922892,6399.673777583971
2007-10-01 00:00:00+00:00,1.040768654417613,51.380001068115234,156878.9360637056,0.9607988318393214,1.040800599315502,6400.754611377519
2007-10-02 00:00:00+00:00,1.6206372764381873,51.720001220703125,157263.29210425552,0.6148993142706906,1.626282509659428,98491.24925635685
2007-10-03 00:00:00+00:00,1.6206232559214135,51.5,156158.20849468824,0.613186749181055,1.6308245429888295,98508.43050761602
2007-10-04 00:00:00+00:00,1.627842277906524,51.34000015258789,155350.10131027328,0.6119146453167091,1.6342148494949476,98525.34112151983
2007-10-05 00:00:00+00:00,1.6256512885281238,52.060001373291016,158893.4175835861,0.617215612971722,1.6201793651739906,98542.41884731423
2007-10-08 00:00:00+00:00,1.6058496868199752,52.709999084472656,162090.48259384045,0.6218701041293551,1.6080528608141456,98559.58165193013
2007-10-09 00:00:00+00:00,1.5999988388710364,53.029998779296875,163655.70994105836,0.6240863986553205,1.6023422432449046,98576.7474457345
2007-10-10 00:00:00+00:00,1.596038782270835,53.209999084472656,164528.2563033039,0.6252913428456923,1.5992545098241946,98594.29958326582
2007-10-11 00:00:00+00:00,1.5938995345755362,52.279998779296875,159912.9331844537,0.6185619378774151,1.6166529797023774,98610.78674114058
2007-10-12 00:00:00+00:00,1.609490995651144,52.79999923706055,162467.20682626474,0.6222529585141621,1.6070634720449315,98627.90666939424
2007-10-15 00:00:00+00:00,1.593868395468363,52.70000076293945,161955.59314308714,0.6214704763828729,1.6090868963241372,98645.02956985767
2007-10-16 00:00:00+00:00,1.6013749919149953,52.68000030517578,161839.40093224967,0.6212603910844843,1.6096310248499512,98662.3198514295
2007-10-17 00:00:00+00:00,1.606112309532306,52.68000030517578,161822.46390067515,0.6211953741182872,1.609799495721263,98679.25688300401
2007-10-18 00:00:00+00:00,1.5940075124525774,53.119998931884766,163981.25499276962,0.6242683551111136,1.6018752060914732,98696.25164391163
2007-10-19 00:00:00+00:00,1.5901299600041003,52.38999938964844,160354.44918867905,0.6189674246303131,1.6155939072193726,98713.22191606928
2007-10-22 00:00:00+00:00,1.6146462039158336,52.02000045776367,158507.61810348264,0.6161904463286919,1.6228748854482793,98730.41446888633
2007-10-23 00:00:00+00:00,1.6031185515018886,53.34000015258789,165017.9635296072,0.6256239745703044,1.598404218263578,98747.44546538222
2007-10-24 00:00:00+00:00,1.583711200746498,52.599998474121094,161341.74338627537,0.6202920088423822,1.6121439350254512,98764.36968034114
2007-10-25 00:00:00+00:00,1.590952646612015,52.75,162066.37926654948,0.621306129294283,1.6095125298954644,98781.48883775242
2007-10-26 00:00:00+00:00,1.6039839013559793,53.439998626708984,165460.95954358974,0.6261296537339799,1.5971133039880974,98798.94023411376
2007-10-29 00:00:00+00:00,1.5884952381061619,53.84000015258789,167421.67058713373,0.6288423631170582,1.5902236532589509,98816.23004865473
2007-10-30 00:00:00+00:00,1.5848684621034648,53.900001525878906,167700.97373886104,0.6291902428322768,1.589344417514386,98833.63268472442
2007-10-31 00:00:00+00:00,1.5831541241691292,54.040000915527344,168376.02740196043,0.6300863675439298,1.587084011828394,98850.87366287052
2007-11-01 00:00:00+00:00,1.5704968501699803,53.970001220703125,168013.13034996702,0.6295438243216263,1.588451766765505,98867.62339424118
2007-11-02 00:00:00+00:00,1.2779219946453269,53.599998474121094,164531.17795423343,0.78086032283362,1.280638765677268,46173.82669650295
2007-11-05 00:00:00+00:00,1.2752461823881098,53.59000015258789,164484.46045168073,0.7807842471431614,1.2807635446782317,46181.24016090032
2007-11-06 00:00:00+00:00,1.2775792516721234,53.779998779296875,165223.92966038117,0.7815235788562785,1.279551925309088,46188.66764369287
2007-11-07 00:00:00+00:00,1.27369133423772,53.310001373291016,163369.00108464522,0.7795624038571398,1.2827709430985552,46196.00650977403
2007-11-08 00:00:00+00:00,1.282499057667567,50.79999923706055,153494.46479193727,0.7686328462546494,1.3010112758942625,46203.564689727995
2007-11-09 00:00:00+00:00,1.2940086558510622,50.0,150341.81361718776,0.7648912747787169,1.3073753525156895,46211.36795843114
2007-11-12 00:00:00+00:00,1.3073753525156893,48.650001525878906,145027.19465480448,0.7583269914434062,1.3186923468154435,46219.057016599785
2007-11-13 00:00:00+00:00,1.3180027888580699,49.349998474121094,147771.23686266656,0.7617153212144718,1.3128264223510817,46226.747354142266
2007-11-14 00:00:00+00:00,1.3016714084044003,49.900001525878906,149925.48815036545,0.7643017234951828,1.308383808722764,46234.5930604293
2007-11-15 00:00:00+00:00,1.3068551221841735,49.369998931884766,147834.18003357263,0.7617310612477899,1.3127992947562126,46242.42725536455
2007-11-16 00:00:00+00:00,1.3091006014854203,49.34000015258789,147708.49447160494,0.7615461929084695,1.3131179819583056,46250.185707048506
2007-11-19 00:00:00+00:00,1.3054759500717918,49.40999984741211,147975.94651458703,0.7618442609206788,1.3126042306750636,46257.90691860682
2007-11-20 00:00:00+00:00,1.3102143282531946,48.93000030517578,146081.31527038754,0.7594678226168454,1.316711479038532,46265.62941917852
2007-11-21 00:00:00+00:00,1.3086547158096096,48.849998474121094,145759.0991920738,0.759033680867968,1.3174645937404028,46273.35320897878
2007-11-23 00:00:00+00:00,1.3135743616345492,49.369998931884766,147795.54185442353,0.7615319739920466,1.313142499792719,46281.0654345136
2007-11-26 00:00:00+00:00,1.3092762114300316,48.900001525878906,145940.16149875394,0.7591994348020992,1.3171769553024897,46288.85608052841
2007-11-27 00:00:00+00:00,1.3164949601806033,49.099998474121094,146718.4931228686,0.7601395082124466,1.3155479871735811,46296.725186062096
2007-11-28 00:00:00+00:00,1.3084408313035196,50.599998474121094,152607.51391148864,0.7672119168273005,1.3034208385805093,46304.2998447106
2007-11-29 00:00:00+00:00,1.296695285555295,51.20000076293945,154958.40511766268,0.7699013774781194,1.2988676592261585,46312.05581493459
2007-11-30 00:00:00+00:00,1.295124228463528,50.95000076293945,153967.85621151573,0.7687334770741321,1.300840967413165,46319.83881320348
2007-12-03 00:00:00+00:00,1.2981009919784632,50.81999969482422,153448.8879015043,0.7681022078402545,1.3019100710721745,46327.7646522893
2007-12-04 00:00:00+00:00,0.7912348916566655,50.380001068115234,150647.91558752942,1.2664657677903617,0.7895989180542384,0.0
2007-12-05 00:00:00+00:00,0.790550882139247,51.15999984741211,152489.5584841047,1.2624031607883919,0.792139968483193,0.0
2007-12-06 00:00:00+00:00,0.7934829764559994,51.61000061035156,153552.04823475267,1.2601152006807375,0.7935782374974777,0.0
2007-12-07 00:00:00+00:00,0.7958074606457693,52.08000183105469,154661.7607528541,1.2577677648599788,0.7950593328422002,0.0
2007-12-10 00:00:00+00:00,0.7958385210313033,52.31999969482422,155228.4159486518,1.2565853544380394,0.7958074606457692,0.0
2007-12-11 00:00:00+00:00,0.7964884720412005,51.209999084472656,152607.61089932738,1.2621469616461098,0.7923007624213474,0.0
2007-12-12 00:00:00+00:00,0.7926536422319309,50.88999938964844,151852.06463371587,1.263795359145264,0.7912673462231454,0.0
2007-12-13 00:00:00+00:00,0.7941164104416256,50.97999954223633,152064.56258384546,1.263329654500536,0.7915590332559361,0.0
2007-12-14 00:00:00+00:00,0.793228500435289,50.91999816894531,151922.89428148512,1.2636399479307492,0.7913646617753197,0.0
2007-12-17 00:00:00+00:00,0.7915266693383846,49.709999084472656,149065.98440171534,1.2700572503146124,0.787366081137118,0.0
2007-12-18 00:00:00+00:00,0.7874334203238595,49.18000030517578,147814.61258807543,1.2729675799632265,0.7855659607834538,0.0
2007-12-19 00:00:00+00:00,0.7879705894732747,49.61000061035156,148829.87957126996,1.2706016025142606,0.7870287571030956,0.0
2007-12-20 00:00:00+00:00,0.7879371015434132,50.20000076293945,150222.91968727025,1.2674212243400076,0.7890036720197238,0.0
2007-12-21 00:00:00+00:00,0.7912998030771765,51.47999954223633,153338.95785190287,1.261544207179876,0.7926793165936326,0.0
2007-12-24 00:00:00+00:00,0.7938537674918315,51.95000076293945,154448.67037000434,1.2591779685882096,0.7941689141219649,0.0
2007-12-26 00:00:00+00:00,0.7950773966073003,52.0,154566.722785227,1.258928762805665,0.7943261203845935,0.0
2007-12-27 00:00:00+00:00,0.795885099204417,51.709999084472656,153882.00616738477,1.2603808915931234,0.7934109495550972,0.0
2007-12-28 00:00:00+00:00,0.7939168739972556,51.43000030517578,153220.9054366802,1.261798475325686,0.7925195818150655,0.0
2007-12-31 00:00:00+00:00,0.7937590412594699,51.209999084472656,152701.46400151408,1.262923177242881,0.7918137999360538,0.0
2008-01-02 00:00:00+00:00,0.7918459917791218,50.130001068115234,150151.49760678085,1.2685875798725734,0.7882782520229684,0.0
2008-01-03 00:00:00+00:00,1.2384336615187472,50.150001525878906,149709.39373880607,0.8064432871188277,1.2400128018582566,35932.17105575178
2008-01-04 00:00:00+00:00,1.2372556088568898,48.209999084472656,142522.29708565585,0.7986222768417237,1.2521564060980817,35937.910221962076
2008-01-07 00:00:00+00:00,1.2509181436467018,47.43000030517578,139629.28511692278,0.7952782719897302,1.2574215029137794,35943.58042557487
2008-01-08 00:00:00+00:00,1.2524685353709026,46.91999816894531,137735.63598948345,0.7930198574070019,1.2610024713249641,35949.341382770865
2008-01-09 00:00:00+00:00,1.2610024713249641,46.459999084472656,136027.08353570738,0.7909370503275659,1.2643231210193666,35955.10326332027
2008-01-10 00:00:00+00:00,1.2542225587095024,47.290000915527344,139093.7700813223,0.794573517601672,1.25853678463685,35960.8560798424
2008-01-11 00:00:00+00:00,1.2538085250700612,46.70000076293945,136903.99743661477,0.7919449096161976,1.2627140952072446,35966.60981681517
2008-01-14 00:00:00+00:00,1.2602511938273433,47.310001373291016,139156.3278735675,0.7945948195217517,1.2585030451140833,35972.334502211015
2008-01-15 00:00:00+00:00,1.25470874826427,46.349998474121094,135596.9245880324,0.7903070307046517,1.2653310183870974,35978.070091101086
2008-01-16 00:00:00+00:00,1.2638901996607486,45.459999084472656,132296.65419962004,0.7861676487888695,1.2719933229770393,35983.80659449895
2008-01-17 00:00:00+00:00,1.2675760446690612,45.20000076293945,131328.49422452014,0.7849034766320349,1.2740420061469584,35989.52402154674
2008-01-18 00:00:00+00:00,1.2724294429313898,44.97999954223633,130508.38165215828,0.7838170165537476,1.2758079741579946,35995.25235412017
2008-01-22 00:00:00+00:00,1.2729435379642782,42.72999954223633,122173.8288888679,0.7723977974129902,1.2946696680768939,36000.92160636595
2008-01-23 00:00:00+00:00,1.2822686603525941,41.61000061035156,118022.71958463118,0.766237893469768,1.305077716101566,36006.10173897487
2008-01-24 00:00:00+00:00,1.2837207033283884,44.060001373291016,127087.02028525108,0.7792062385593049,1.283357281441851,36011.032574574114
2008-01-25 00:00:00+00:00,1.2765113248387236,43.939998626708984,126637.83147445967,0.7785726726271505,1.2844016174182993,36016.00409768233
2008-01-28 00:00:00+00:00,1.283986534307089,43.56999969482422,125263.09453926621,0.7766606638282793,1.2875635996174275,36021.10636492951
2008-01-29 00:00:00+00:00,1.2812469929526638,44.040000915527344,126997.90734884224,0.7790134850205992,1.2836748262112014,36026.10929636908
2008-01-30 00:00:00+00:00,1.280648119691015,44.18000030517578,127511.17312564183,0.7796833443764263,1.2825719661868347,36031.0829009025
2008-01-31 00:00:00+00:00,1.281021912730306,43.81999969482422,126173.78539467017,0.7778439758701531,1.2856048655275976,36035.847010752725
2008-02-01 00:00:00+00:00,1.2750344049075448,44.880001068115234,130092.89534347905,0.7830625439307666,1.277037201882068,36040.57171069413
2008-02-04 00:00:00+00:00,0.9098455278453008,44.939998626708984,130904.49802524887,1.100520849251404,0.9086606588873074,0.0
2008-02-05 00:00:00+00:00,0.9086791273815648,43.63999938964844,127463.64329382108,1.1035152816336948,0.9061949722341444,0.0
2008-02-06 00:00:00+00:00,0.9062533699902615,42.77000045776367,125160.91891078098,1.1056209207146201,0.9044691369928567,0.0
2008-02-07 00:00:00+00:00,0.9045498792546176,42.150001525878906,123519.89774904585,1.1071745353209574,0.9031999635993355,0.0
2008-02-08 00:00:00+00:00,0.9051511079366202,42.939998626708984,125610.87225480922,1.1052027706517873,0.9048113401039118,0.0
2008-02-11 00:00:00+00:00,0.9061169903278425,43.540000915527344,127198.96604401505,1.103753025547198,0.905999781521993,0.0
2008-02-12 00:00:00+00:00,0.9070251501228934,43.5099983215332,127119.55479164132,1.103824569100892,0.9059410598321243,0.0
2008-02-13 00:00:00+00:00,0.9065442862507569,44.15999984741211,128839.98720575013,1.1022963506096672,0.9071970522690306,0.0
2008-02-14 00:00:00+00:00,0.9083642075738777,43.88999938964844,128125.34651512603,1.1029256525435078,0.906679428204298,0.0
2008-02-15 00:00:00+00:00,0.9068334025436016,43.45000076293945,126960.75248047363,1.103967934361162,0.9058234110564765,0.0
2008-02-19 00:00:00+00:00,0.9065442862507569,43.27000045776367,126484.32535339089,1.1044004340079268,0.9054686771273239,0.0
2008-02-20 00:00:00+00:00,0.9063893614019368,43.2400016784668,126404.92419780705,1.104472864291385,0.9054092973498146,0.0
2008-02-21 00:00:00+00:00,0.9067757180767773,43.34000015258789,126669.60144761307,1.1042318138303924,0.9056069454575575,0.0
2008-02-22 00:00:00+00:00,0.9059606443681435,42.599998474121094,124710.95546996286,1.1060424175850143,0.9041244568028843,0.0
2008-02-25 00:00:00+00:00,0.9062728246999707,43.34000015258789,126669.60144761311,1.1042318138303926,0.9056069454575574,0.0
2008-02-26 00:00:00+00:00,0.9066987064991088,43.369998931884766,126749.00260319693,1.104159717283106,0.9056660774227471,0.0
2008-02-27 00:00:00+00:00,0.9070251501228934,43.66999816894531,127543.04444940492,1.1034441725835966,0.9062533699902614,0.0
2008-02-28 00:00:00+00:00,0.907444237745318,43.95000076293945,128284.15892308357,1.1027851364936265,0.9067949566128193,0.0
2008-02-29 00:00:00+00:00,0.907120728237867,42.849998474121094,125372.65869126785,1.1054237336797568,0.9046304774651254,0.0
2008-03-03 00:00:00+00:00,0.9048313978654836,42.2400016784668,123758.11131258724,1.1069461801090936,0.9033862873996695,0.0
2008-03-04 00:00:00+00:00,1.2245068472256058,42.02000045776367,122484.64259257818,0.8137953877486162,1.228810110077575,28025.724554420263
2008-03-05 00:00:00+00:00,1.2230060086046877,42.75,125095.98395452037,0.8169526503494504,1.2240611491648277,28029.149920754695
2008-03-06 00:00:00+00:00,1.221712288634199,42.099998474121094,122764.31093659892,0.814103624116862,1.228344857308304,28032.599063369944
2008-03-07 00:00:00+00:00,1.2278794432171312,41.380001068115234,120181.874316748,0.8108455039953163,1.2332805634028357,28036.095351419794
2008-03-10 00:00:00+00:00,1.2285799159064716,41.16999816894531,119426.19693149431,0.8098570974100826,1.2347857457790925,28039.56871212166
2008-03-11 00:00:00+00:00,1.2341536905732453,41.5099983215332,120640.53764277398,0.8113909993637084,1.2324514331366732,28043.065869441594
2008-03-12 00:00:00+00:00,1.2236848810955316,42.599998474121094,124541.3149343035,0.8161941936294826,1.225198620383665,28046.53230397268
2008-03-13 00:00:00+00:00,1.2244884117658437,41.810001373291016,121708.16203781296,0.8126979417728682,1.2304694630068087,28050.014748400423
2008-03-14 00:00:00+00:00,1.2224181657187678,41.7400016784668,121453.94124904921,0.8123604807486068,1.2309806098377405,28053.505416902444
2008-03-17 00:00:00+00:00,1.2275579828379193,41.04999923706055,118978.94021983769,0.8091826838553738,1.2358148783355962,28057.004312439163
2008-03-18 00:00:00+00:00,1.2328012181647743,42.11000061035156,122772.46656044776,0.8139643256073811,1.2285550711989728,28060.269835996638
2008-03-19 00:00:00+00:00,1.2206996183080818,42.22999954223633,123199.43487768684,0.8144740966140772,1.2277861311454705,28063.12263009663
2008-03-20 00:00:00+00:00,1.2275876341713583,42.099998474121094,122819.64804152914,0.8144705885654718,1.2277914194069321,27977.261958439743
2008-03-24 00:00:00+00:00,1.221399159676658,43.279998779296875,127043.37003329999,0.8195102755689413,1.2202409534227676,27980.15294217545
2008-03-25 00:00:00+00:00,1.2124539988968255,44.279998779296875,130622.46203914983,0.8235688326975565,1.2142275913047273,27982.935412940253
2008-03-26 00:00:00+00:00,1.2110446260765064,44.279998779296875,130619.41500840486,0.8235496213037835,1.2142559162578124,27985.98244368522
2008-03-27 00:00:00+00:00,1.2118163453816586,43.709999084472656,128574.79357391126,0.8212297541525675,1.2176860311544688,27988.936519609833
2008-03-28 00:00:00+00:00,1.2176860311544688,43.33000183105469,127210.76004707982,0.8196430820107361,1.2200432382675823,27991.8675832398
2008-03-31 00:00:00+00:00,1.2190563636987974,43.45000076293945,127637.78974717933,0.8201232505121798,1.2193289232752325,27994.658994479356
2008-04-01 00:00:00+00:00,1.217679571615499,44.40999984741211,131073.26767146518,0.8239919949259361,1.2136040230462242,27997.777288439574
2008-04-02 00:00:00+00:00,0.7404367167345418,45.16999816894531,134251.39599215006,1.3538138532570851,0.7386539867309978,0.0
2008-04-03 00:00:00+00:00,0.7400144752554103,45.13999938964844,134185.5372599079,1.354048988034213,0.7385257171912105,0.0
2008-04-04 00:00:00+00:00,0.7404367167345418,45.400001525878906,134756.34085504536,1.3520213781195602,0.7396332751711632,0.0
2008-04-07 00:00:00+00:00,0.7415699670176077,45.650001525878906,135305.1859562943,1.3500935502643954,0.7406894135626122,0.0
2008-04-08 00:00:00+00:00,0.7411513914724265,45.18000030517578,134273.35448603853,1.3537355244758413,0.738696726147594,0.0
2008-04-09 00:00:00+00:00,0.7396756787407469,44.630001068115234,133065.8969382331,1.3580947954578426,0.7363256256812903,0.0
2008-04-10 00:00:00+00:00,0.7374949773392927,44.93000030517578,133724.50938478956,1.3557037835570407,0.737624259907456,0.0
2008-04-11 00:00:00+00:00,0.7402257675744929,44.119998931884766,131946.24824184668,1.3622341679664065,0.7340881791952385,0.0
2008-04-14 00:00:00+00:00,0.734794196473463,43.95000076293945,131573.03759285895,1.3636352861510423,0.7333339127814529,0.0
2008-04-15 00:00:00+00:00,0.7339110998086513,43.68000030517578,130980.28387854465,1.3658830355336853,0.7321271104368571,0.0
2008-04-16 00:00:00+00:00,0.7341766389677504,44.650001525878906,133109.80555129843,1.3579343909878048,0.7364126033162531,0.0
2008-04-17 00:00:00+00:00,0.7395059491440563,44.97999954223633,133834.27673009702,1.3553083874259069,0.7378394535720889,0.0
2008-04-18 00:00:00+00:00,0.7390806715245012,46.220001220703125,136556.55211716506,1.3457760857135455,0.7430656634604923,0.0
2008-04-21 00:00:00+00:00,0.745073858087241,46.4900016784668,137149.30583147937,1.3437679184075497,0.7441761231992079,0.0
2008-04-22 00:00:00+00:00,0.7464087315907846,45.93000030517578,135919.88978978543,1.3479593075894025,0.7418621573883644,0.0
2008-04-23 00:00:00+00:00,0.7435603837697472,46.27000045776367,136666.31946247251,1.3454024410126935,0.7432720273996926,0.0
2008-04-24 00:00:00+00:00,0.7456418749442068,46.38999938964844,136929.7627661528,1.3445089742194787,0.7437659540952676,0.0
2008-04-25 00:00:00+00:00,0.7473308539947793,46.56999969482422,137324.93190902896,1.3431773933540787,0.744503298631968,0.0
2008-04-28 00:00:00+00:00,0.74685058825254,47.130001068115234,138554.34795072288,1.3390997399018125,0.7467703638515556,0.0
2008-04-29 00:00:00+00:00,0.7472109622927188,47.060001373291016,138400.6719923501,1.3396041359412392,0.7464891852527575,0.0
2008-04-30 00:00:00+00:00,0.7486422411664482,47.029998779296875,138334.8048853963,1.339820785000857,0.7463684779299496,0.0
2008-05-01 00:00:00+00:00,0.7470909414918787,47.220001220703125,138751.932522161,1.3384534241977737,0.7471309661741633,0.0
2008-05-02 00:00:00+00:00,1.1682528725802117,48.34000015258789,140655.6852408773,0.8548917509573747,1.1697387404664061,23874.71885222579
2008-05-05 00:00:00+00:00,1.1679907607583238,48.400001525878906,140857.66481532584,0.8550580341655527,1.1695112612746754,23876.960423051358
2008-05-06 00:00:00+00:00,1.1685743949816991,48.13999938964844,139970.49761905445,0.8542616481297713,1.1706015389890116,23879.182306868504
2008-05-07 00:00:00+00:00,1.16738602937557,47.869998931884766,139049.26005170838,0.853425759703574,1.1717480854425306,23881.444196081462
2008-05-08 00:00:00+00:00,1.1710363587304928,48.060001373291016,139693.62541240046,0.8539909980124903,1.1709725305387517,23883.772636890582
2008-05-09 00:00:00+00:00,1.1695678243742382,47.900001525878906,139146.7332763336,0.853489083709067,1.1716611484405053,23886.0880359601
2008-05-12 00:00:00+00:00,1.1703692865696234,48.20000076293945,140165.51068175124,0.8543869409171894,1.1704298744623767,23888.39038944579
2008-05-13 00:00:00+00:00,1.1668245201874736,48.7599983215332,142069.27991494432,0.8560457595502968,1.1681618521483317,23890.633243876797
2008-05-14 00:00:00+00:00,1.1663288311415558,49.040000915527344,143020.0226960447,0.8568540545220047,1.1670598916146218,23892.909490321978
2008-05-15 00:00:00+00:00,1.1667820558538802,48.97999954223633,142813.45871825673,0.8566646447350561,1.1673179302377696,23895.25232283589
2008-05-16 00:00:00+00:00,1.1634611849857055,49.45000076293945,144410.81550132832,0.8580130650677558,1.1654834182752587,23897.595385077548
2008-05-19 00:00:00+00:00,1.1633277305069314,49.34000015258789,144034.1529268519,0.8576830342967857,1.16593188860253,23899.859018418192
2008-05-20 00:00:00+00:00,1.164725193146771,48.88999938964844,142500.2363934741,0.8563593346062915,1.1677341036514148,23902.149421574122
2008-05-21 00:00:00+00:00,1.1662253924442854,48.02000045776367,139536.7840169375,0.8537427576476456,1.171313010906638,23904.46660217082
2008-05-22 00:00:00+00:00,1.1706470188004605,48.11000061035156,139840.76527722893,0.8540020489186896,1.1709573779900977,23906.81056792376
2008-05-23 00:00:00+00:00,1.1699645558243896,47.81999969482422,138851.3584068512,0.8531021706166659,1.1721925397014858,23909.168045076985
2008-05-27 00:00:00+00:00,1.170603400704476,48.290000915527344,140448.7403911512,0.8545178085673422,1.1702506255271248,23911.48590609024
2008-05-28 00:00:00+00:00,1.1671717147856715,48.75,142011.9193914289,0.8558756295331781,1.168394058077611,23913.96340171329
2008-05-29 00:00:00+00:00,1.16639999889836,49.25,143711.34520670748,0.8573246342498432,1.1664193002864047,23916.341512518236
2008-05-30 00:00:00+00:00,1.1647029686396022,49.75,145410.81728949354,0.8587447864830727,1.1644903302358642,23918.67335581571
2008-06-02 00:00:00+00:00,1.163495340214845,48.959999084472656,142719.65183176112,0.8564516682239809,1.1676082108330696,23920.9854942401
2008-06-03 00:00:00+00:00,1.1658677161916182,48.66999816894531,141730.23691886,0.8555820534136273,1.1687949694715658,23923.351013916756
2008-06-04 00:00:00+00:00,1.1669506939534466,48.939998626708984,142646.91994252094,0.8563650390572372,1.1677263250971677,23925.643668388926
2008-06-05 00:00:00+00:00,1.1645076516898603,49.70000076293945,145231.3563688374,0.8585478027928255,1.1647575088388038,23927.9564806102
2008-06-06 00:00:00+00:00,1.1615395815758875,49.02000045776367,142914.58895487202,0.8565717293558479,1.167444553361587,23930.269516403325
2008-06-09 00:00:00+00:00,1.1674046914908747,47.95000076293945,139270.39639047414,0.8533568448590768,1.1718427127225304,23932.602717681177
2008-06-10 00:00:00+00:00,1.1684666665430072,48.15999984741211,139982.81084662298,0.8539819985160989,1.1709848705682622,23934.942794391347
2008-06-11 00:00:00+00:00,1.169419514799753,47.349998474121094,137223.58339827726,0.8514698409510693,1.1744397181267472,23937.243208337695
2008-06-12 00:00:00+00:00,1.1743532251822957,47.0,136030.03185770474,0.8503494299819874,1.1759871468617116,23939.537194145163
2008-06-13 00:00:00+00:00,1.1741569703588755,47.459999084472656,137593.3542487291,0.8517854466860898,1.174004561701008,23941.87129902159
2008-06-16 00:00:00+00:00,1.1701738781687268,48.06999969482422,139667.21613297693,0.8536519574826825,1.1714375996382416,23944.21228199305
2008-06-17 00:00:00+00:00,1.1684410900537838,48.470001220703125,141026.29665078927,0.8548453505182745,1.1698022331100255,23946.580098540933
2008-06-18 00:00:00+00:00,1.16951585100547,47.83000183105469,138845.74803682938,0.8528893083243736,1.172485093012418,23948.82176451127
2008-06-19 00:00:00+00:00,1.1716854596422206,47.61000061035156,138094.7282360942,0.8521958123354376,1.1734392325391811,23951.043682974974
2008-06-20 00:00:00+00:00,1.1686183647362933,47.209999084472656,136817.783246679,0.8514693916270675,1.174440337883557,23866.540338029976
2008-06-23 00:00:00+00:00,1.1735337740679779,46.97999954223633,136032.6412702347,0.8507277620121365,1.1754641668620354,23868.854066523858
2008-06-24 00:00:00+00:00,1.1751573911301108,46.40999984741211,134090.27851063843,0.8488798189973601,1.178023057705781,23871.16138908362
2008-06-25 00:00:00+00:00,1.1762337176874835,46.939998626708984,135891.91212628208,0.8505718787389744,1.1756795927494827,23873.435780293752
2008-06-26 00:00:00+00:00,1.1729505574128303,45.63999938964844,131464.9233812628,0.846300789060484,1.181612983145324,23875.736914242574
2008-06-27 00:00:00+00:00,1.1815659659375328,44.970001220703125,129182.15793955734,0.843995476019546,1.184840474164865,23878.091327188282
2008-06-30 00:00:00+00:00,1.1815871215715632,45.150001525878906,129792.49354334798,0.8446023585213862,1.183989116192693,23880.40617548639
2008-07-01 00:00:00+00:00,1.1838926863423824,44.68000030517578,128190.16021990926,0.8429503707854158,1.1863094609807856,23883.039653611853
2008-07-02 00:00:00+00:00,0.9412556387294866,44.63999938964844,128800.21962826703,1.064046399490826,0.9398086403736962,0.0
2008-07-03 00:00:00+00:00,0.9398972143214238,44.279998779296875,127824.02796560328,1.0645671028228754,0.9393489591669093,0.0
2008-07-07 00:00:00+00:00,0.939795967709338,44.2400016784668,127715.57027070405,1.0646254775250434,0.9392974535277141,0.0
2008-07-08 00:00:00+00:00,0.9401363246080919,44.77000045776367,129152.73558291372,1.0638604245018242,0.9399729296897869,0.0
2008-07-09 00:00:00+00:00,0.9414481284915618,44.72999954223633,129044.26754393298,1.0639175332760737,0.9399224739917056,0.0
2008-07-10 00:00:00+00:00,0.9399477124389146,44.380001068115234,128095.19806305517,1.0644216125590342,0.9394773538991239,0.0
2008-07-11 00:00:00+00:00,0.9406088732286616,43.849998474121094,126658.02240676395,1.0652002584644777,0.9387906096094399,0.0
2008-07-14 00:00:00+00:00,0.9397070948737739,44.06999969482422,127254.5862770766,1.0648747731785309,0.9390775565234897,0.0
2008-07-15 00:00:00+00:00,0.9392845597575654,43.29999923706055,125166.62307506391,1.0660284361329178,0.9380612806423438,0.0
2008-07-16 00:00:00+00:00,0.939297453527714,43.91999816894531,126847.83630293953,1.0650963422899502,0.938882202759242,0.0
2008-07-17 00:00:00+00:00,0.9406828072697626,44.97999954223633,129722.17727144039,1.0635622779741254,0.9402364306346039,0.0
2008-07-18 00:00:00+00:00,0.9410497241407754,44.59000015258789,128664.63975158184,1.064118215393496,0.9397452139565283,0.0
2008-07-21 00:00:00+00:00,0.9397452139565283,44.4900016784668,128393.47999821148,1.0642623314524042,0.9396179592631969,0.0
2008-07-22 00:00:00+00:00,0.939985527972109,43.86000061035156,126685.14458854991,1.065185389749057,0.9388037140047387,0.0
2008-07-23 00:00:00+00:00,0.939985527972109,44.720001220703125,129017.15570622854,1.0639318237061242,0.9399098492200162,0.0
2008-07-24 00:00:00+00:00,0.9407197029603269,44.650001525878906,128827.34181005298,1.064032052328656,0.9398213125361021,0.0
2008-07-25 00:00:00+00:00,0.9398719334012882,44.7599983215332,129125.61340112778,1.0638746948478823,0.9399603213073742,0.0
2008-07-28 00:00:00+00:00,0.9405965353203181,44.209999084472656,127634.2140694277,1.0646693348424834,0.9392587607005219,0.0
2008-07-29 00:00:00+00:00,0.9395285548313165,44.56999969482422,128610.40573209144,1.0641469879684935,0.9397198049764224,0.0
2008-07-30 00:00:00+00:00,0.9406828072697626,44.880001068115234,129451.01751807003,1.0637039029887823,0.9401112444828041,0.0
2008-07-31 00:00:00+00:00,0.9409645169573816,45.02000045776367,129830.64531042115,1.0635058019793202,0.9402863605810821,0.0
2008-08-01 00:00:00+00:00,0.9408301198239073,44.400001525878906,128149.43208254555,1.0643925931514493,0.9395029676401675,0.0
2008-08-04 00:00:00+00:00,0.9401112444828043,44.29999923706055,127878.26198509365,1.0645379522216298,0.9393746816757986,0.0
2008-08-05 00:00:00+00:00,0.9395413451891,44.84000015258789,129342.5494790893,1.0637607320350253,0.9400610211348487,0.0
2008-08-06 00:00:00+00:00,0.9414001232659552,45.58000183105469,131349.16682390717,1.0627255620738418,0.9409767071458817,0.0
2008-08-07 00:00:00+00:00,0.9422289929470479,46.08000183105469,132704.98627892206,1.062044946192968,0.9415797359467922,0.0
2008-08-08 00:00:00+00:00,0.9418056669199832,46.150001525878906,132894.8001750976,1.0619508372621922,0.9416631777211955,0.0
2008-08-11 00:00:00+00:00,0.9430233868361313,47.13999938964844,135579.31690334142,1.060649793618951,0.9428182667042124,0.0
2008-08-12 00:00:00+00:00,0.9435074893856344,47.5099983215332,136582.6204037096,1.0601774644324464,0.9432383101402163,0.0
2008-08-13 00:00:00+00:00,0.9435632461264184,47.25,135877.59883849774,1.0605085975487758,0.9429437934886776,0.0
2008-08-14 00:00:00+00:00,0.9434516223660578,47.4900016784668,136528.39672830075,1.0602028033929511,0.9432157666436224,0.0
2008-08-15 00:00:00+00:00,0.9440601560010073,47.959999084472656,137802.8599820393,1.059612829206773,0.9437409329486891,0.0
2008-08-18 00:00:00+00:00,0.9439614752854211,47.2599983215332,135904.71067620214,1.0604957963546304,0.9429551757182066,0.0
2008-08-19 00:00:00+00:00,0.9433395518957168,46.75,134521.77938348288,1.0611557483246987,0.9423687348240366,0.0
2008-08-20 00:00:00+00:00,0.9426692025160507,46.7400016784668,134494.66754577844,1.0611688303703424,0.9423571173410787,0.0
2008-08-21 00:00:00+00:00,0.9427610274953788,46.380001068115234,133518.47588311468,1.0616436215682872,0.9419356737836133,0.0
2008-08-22 00:00:00+00:00,0.9425078022910914,47.08000183105469,135416.62518895182,1.0607270841755532,0.9427495676489178,0.0
2008-08-25 00:00:00+00:00,0.9432157666436224,46.369998931884766,133491.35370132874,1.0616569182669042,0.9419238765310777,0.0
2008-08-26 00:00:00+00:00,0.9420651010681309,46.119998931884766,132813.4439738213,1.0619911383433074,0.9416274429182029,0.0
2008-08-27 00:00:00+00:00,0.941994574758548,46.290000915527344,133274.42796744875,1.0617634732692482,0.941829348226612,0.0
2008-08-28 00:00:00+00:00,0.9423454907382586,46.83000183105469,134738.7154614444,1.0610512731665906,0.9424615240464395,0.0
2008-08-29 00:00:00+00:00,0.9427839377982153,45.91999816894531,132271.11412299902,1.062261135631167,0.9413881073657343,0.0
2008-09-02 00:00:00+00:00,0.9416274429182031,45.34000015258789,130698.36893410416,1.0630575920722942,0.9406828072697626,0.0
2008-09-03 00:00:00+00:00,1.176776246247597,44.790000915527344,128627.65645019237,0.84721558505457,1.1803371156534956,23196.340557496456
2008-09-04 00:00:00+00:00,1.1787823641068398,43.65999984741211,124795.04706692492,0.8432459614618368,1.185893613135623,23198.602200700814
2008-09-05 00:00:00+00:00,1.185893613135623,42.810001373291016,121911.57096130127,0.8401180902741557,1.1903088525015215,23200.851176303047
2008-09-08 00:00:00+00:00,1.186981546607953,42.68000030517578,121468.67197846662,0.8396156404862193,1.1910211670436517,23203.087480569207
2008-09-09 00:00:00+00:00,1.187412540492032,42.349998474121094,120347.86540816403,0.8383505300099213,1.192818474138933,23205.291773879857
2008-09-10 00:00:00+00:00,1.1922768998861915,42.45000076293945,120684.61138631083,0.8387158387023719,1.1922989335066816,23207.522060255902
2008-09-11 00:00:00+00:00,1.1904269500103282,42.16999816894531,119733.15713099533,0.8376286098567588,1.1938465188898073,23209.85570552974
2008-09-12 00:00:00+00:00,1.1863042200195753,42.900001525878906,122205.38209108483,0.840376068028394,1.1899434527521704,23212.112219278886
2008-09-15 00:00:00+00:00,1.1871915684635124,42.029998779296875,119254.02556631462,0.8370556290566762,1.1946637299685263,23214.433430500812
2008-09-16 00:00:00+00:00,1.1943874489601647,41.43000030517578,117217.5500418223,0.8346768224756111,1.1980684895910352,23217.10309034532
2008-09-17 00:00:00+00:00,1.1926100131140265,40.189998626708984,113012.09055612987,0.8295595513274211,1.2054589672312834,23219.347410310722
2008-09-18 00:00:00+00:00,1.2053357875645787,39.5,110670.43909667095,0.8265615292987838,1.2098312884805482,23222.120832362507
2008-09-19 00:00:00+00:00,1.1973208921566239,42.099998474121094,119552.43755498118,0.83775495628845,1.1936664683314473,23153.29836168908
2008-09-22 00:00:00+00:00,1.1893710434362046,40.79999923706055,115143.93298257612,0.8325715285448289,1.20109800265186,23155.21494027569
2008-09-23 00:00:00+00:00,1.2006254998928514,40.439998626708984,113921.70825828938,0.8310669412971713,1.2032725046662902,23157.150973524862
2008-09-24 00:00:00+00:00,1.2024892522236224,40.52000045776367,114190.98523749429,0.8313866165245218,1.202809836151007,23159.055005938244
2008-09-25 00:00:00+00:00,1.2008424286492776,41.029998779296875,115917.98843332802,0.8334700195677317,1.1998032041016147,23160.78550199285
2008-09-26 00:00:00+00:00,1.1970943742457747,40.220001220703125,113170.59544954856,0.8301033606473548,1.2046692585609478,23162.541861560083
2008-09-29 00:00:00+00:00,1.1995296280234244,37.18000030517578,102864.28977708916,0.8161986901071439,1.225191870705806,23164.201843726827
2008-09-30 00:00:00+00:00,1.2205406921660058,37.599998474121094,104285.98233906137,0.8182363323792057,1.2221407928590458,23166.17080088354
2008-10-01 00:00:00+00:00,1.2130683527031836,38.029998779296875,105741.2763782058,0.8202738893766996,1.219105000111449,23168.44237263152
2008-10-02 00:00:00+00:00,0.5553405410058643,36.63999938964844,104316.56825675484,1.8413436630147233,0.5430816745868933,0.0
2008-10-03 00:00:00+00:00,0.5438254397754919,36.099998474121094,103481.62400654999,1.8539288809511387,0.5393950168611433,0.0
2008-10-06 00:00:00+00:00,0.5399449494749029,32.90999984741211,98549.27864389261,1.9367010465595038,0.516341952608779,0.0
2008-10-07 00:00:00+00:00,0.5306999834955674,32.27000045776367,97559.71770953802,1.9552783037512345,0.5114361459857061,0.0
2008-10-08 00:00:00+00:00,0.5143609104722883,31.84000015258789,96894.85535084695,1.9681793703395598,0.5080837727851375,0.0
2008-10-09 00:00:00+00:00,0.5123635436423151,30.969999313354492,95549.66837522498,1.995377203190679,0.5011583766723227,0.0
2008-10-10 00:00:00+00:00,0.505558976606222,29.3799991607666,93091.22534845409,2.049245479234373,0.4879844850864885,0.0
2008-10-13 00:00:00+00:00,0.5039677678458493,32.400001525878906,97760.72411753143,1.9514453656652353,0.5124406850401915,0.0
2008-10-14 00:00:00+00:00,0.5326211069749176,33.189998626708984,98982.21007811066,1.9287988121378459,0.5184573910493122,0.0
2008-10-15 00:00:00+00:00,0.5215961060508684,30.540000915527344,94884.80896565813,2.009391957276297,0.4976629852522582,0.0
2008-10-16 00:00:00+00:00,0.49815364953988694,29.25,92890.22188958491,2.0539087623707366,0.4868765440416857,0.0
2008-10-17 00:00:00+00:00,0.5113586863597508,31.40999984741211,96229.99299215588,1.9814336660012395,0.5046850758411281,0.0
2008-10-20 00:00:00+00:00,0.5116683185675459,31.700000762939453,96678.38963373793,1.9724552226315328,0.506982358091688,0.0
2008-10-21 00:00:00+00:00,0.5185326166167871,31.479999542236328,96338.22585071035,1.9792513261629516,0.5052415460236858,0.0
2008-10-22 00:00:00+00:00,0.5052415460236857,29.709999084472656,93601.46807387122,2.037591122493675,0.4907755972042934,0.0
2008-10-23 00:00:00+00:00,0.4982353363426097,28.899999618530273,92349.05464768814,2.0666723773787976,0.48386963069024047,0.0
2008-10-24 00:00:00+00:00,0.4972533517930925,28.09000015258789,91096.6412215051,2.0974307985720677,0.47677377517332187,0.0
2008-10-27 00:00:00+00:00,0.48908766803700837,28.65999984741211,91977.96929730519,2.075604726569026,0.48178730140637116,0.0
2008-10-28 00:00:00+00:00,0.4820485172054538,28.850000381469727,92271.74630561328,2.068521001446642,0.4834371994776168,0.0
2008-10-29 00:00:00+00:00,0.5082407204155401,31.25,95982.60275856723,1.9864586015790093,0.5034084270395132,0.0
2008-10-30 00:00:00+00:00,0.5076123432304862,31.979999542236328,97111.32106795596,1.9639409549906564,0.5091802772679374,0.0
2008-10-31 00:00:00+00:00,0.5158101856754391,32.09000015258789,97281.40295946975,1.9606366828533033,0.5100384016811854,0.0
2008-11-03 00:00:00+00:00,0.5161901342862996,32.5099983215332,97930.80011079679,1.948226173205481,0.5132874271751862,0.0
2008-11-04 00:00:00+00:00,0.5156580332779083,32.97999954223633,98657.51150244713,1.9347129086483217,0.5168725527854391,0.0
2008-11-05 00:00:00+00:00,0.5226332621300797,31.920000076293945,97018.55046764127,1.965752857946834,0.5087109480509509,0.0
2008-11-06 00:00:00+00:00,0.5092584141220797,30.399999618530273,94668.34029942492,2.0140405159924275,0.4965143412257749,0.0
2008-11-07 00:00:00+00:00,0.49782663618503215,30.59000015258789,94962.11730773302,2.0077421100220594,0.49807193613576833,0.0
2008-11-10 00:00:00+00:00,0.5029279892569261,30.399999618530273,94668.3402994249,2.014040515992427,0.49651434122577504,0.0
2008-11-11 00:00:00+00:00,0.4995386869749692,29.719999313354492,93616.93033211105,2.0372419923136476,0.4908597033503731,0.0
2008-11-12 00:00:00+00:00,0.4940352148813345,28.649999618530273,91962.50703906536,2.0759801643908515,0.4817001709134475,0.0
2008-11-13 00:00:00+00:00,0.4822224982315587,27.280000686645508,89844.22779532202,2.1300157816504313,0.4694800895912402,0.0
2008-11-14 00:00:00+00:00,0.49700725088429243,28.8700008392334,92302.67082209291,2.0677807552208782,0.4836102654863818,0.0
2008-11-17 00:00:00+00:00,0.484560026579575,28.260000228881836,91359.49371333356,2.0908291241922528,0.47827916132856085,0.0
2008-11-18 00:00:00+00:00,0.479248632305532,27.389999389648438,90014.3067377116,2.125477619068312,0.4704824887492078,0.0
2008-11-19 00:00:00+00:00,0.4789845840504702,26.790000915527344,89086.59483631628,2.1506842197036646,0.46496830675485523,0.0
2008-11-20 00:00:00+00:00,0.46561753733328387,25.469999313354492,87045.6209855236,2.210319282701387,0.4524233253658401,0.0
2008-11-21 00:00:00+00:00,0.4532973234891924,25.049999237060547,86396.22088507234,2.2306120653982644,0.4483074468717424,0.0
2008-11-24 00:00:00+00:00,0.4638516495292349,26.979999542236328,89380.36889550014,2.142580868138475,0.46672684091911254,0.0
2008-11-25 00:00:00+00:00,0.47863210289339186,27.520000457763672,90215.313145705,2.1201610024191506,0.47166229303292434,0.0
2008-11-26 00:00:00+00:00,0.4774832718885036,27.809999465942383,90663.70683816285,2.108480111159161,0.4742752823265847,0.0
2008-11-28 00:00:00+00:00,0.4877292400029664,28.829999923706055,92240.82178913364,2.06926227474583,0.4832640174251625,0.0
2008-12-01 00:00:00+00:00,0.4857637976918864,26.889999389648438,89241.21152046601,2.1464050576070712,0.4658952868452771,0.0
2008-12-02 00:00:00+00:00,0.46626519421242535,26.84000015258789,89163.90317839113,2.148540652909487,0.4654321986627672,0.0
2008-12-03 00:00:00+00:00,0.47445454081689015,27.06999969482422,89519.52627053429,2.138782107383552,0.4675558097048677,0.0
2008-12-04 00:00:00+00:00,0.4814386201861332,27.31999969482422,89906.0738791571,2.128361333956537,0.4698450324414797,0.0
2008-12-05 00:00:00+00:00,0.47427528232658467,26.950000762939453,89333.98506990494,2.1438527059982815,0.46644995582117277,0.0
2008-12-08 00:00:00+00:00,0.4842150678946317,29.440000534057617,93183.998897893,2.0471070224228454,0.48849424531622876,0.0
2008-12-09 00:00:00+00:00,0.493869067224143,29.56999969482422,93385.0023567622,2.042503605596581,0.4895952189557663,0.0
2008-12-10 00:00:00+00:00,0.4932867060139117,29.6200008392334,93462.3136479613,2.0407437685994974,0.49001742177866386,0.0
2008-12-11 00:00:00+00:00,0.4924524260269965,28.940000534057617,92410.90368064743,2.065198021094227,0.4842150678946317,0.0
2008-12-12 00:00:00+00:00,0.4855063168005679,28.469999313354492,91684.19228899709,2.0827830011532185,0.48012683003765105,0.0
2008-12-15 00:00:00+00:00,0.49052312801912945,28.739999771118164,92101.66441409949,2.072610700934069,0.4824832755853896,0.0
2008-12-16 00:00:00+00:00,0.4861066885842488,29.100000381469727,92658.29391423607,2.059341267877574,0.48559217240891467,0.0
2008-12-17 00:00:00+00:00,0.49782663618503215,29.81999969482422,93771.549965385,2.033763635641303,0.49169922328986465,0.0
2008-12-18 00:00:00+00:00,0.4947815156396091,29.360000610351562,93060.30378109869,2.049960172292207,0.48781435537931866,0.0
2008-12-19 00:00:00+00:00,0.4903546653890588,29.65999984741211,93574.02437330867,2.040427560960913,0.49009336039798584,0.0
2008-12-22 00:00:00+00:00,0.49177292658609073,28.739999771118164,92151.52905561184,2.073732830379331,0.48222219629761953,0.0
2008-12-23 00:00:00+00:00,0.4862734521293282,28.889999389648438,92383.45703096068,2.068157907625334,0.4835220735868295,0.0
2008-12-24 00:00:00+00:00,0.48498740459279593,28.979999542236328,92522.61440599483,2.0648406413660942,0.4842988751608464,0.0
2008-12-26 00:00:00+00:00,0.48567409791987876,28.969999313354492,92507.15214775498,2.065208216457179,0.4842126774584884,0.0
2008-12-29 00:00:00+00:00,0.48558835937044265,28.459999084472656,91718.5946722696,2.0842966371063687,0.47977815738756896,0.0
2008-12-30 00:00:00+00:00,0.4835220735868295,28.940000534057617,92460.76832215977,2.066312395641734,0.48395392783259683,0.0
2008-12-31 00:00:00+00:00,0.4886569811508202,29.450000762939453,93249.32579764517,2.0478465364991703,0.4883178412917199,0.0
2009-01-02 00:00:00+00:00,0.4907665140423116,29.690000534057617,93620.41114802814,2.039376246017421,0.49034600748775103,0.0
2009-01-05 00:00:00+00:00,0.5013808525010935,30.59000015258789,95011.98194924532,2.008796376116833,0.49781053564676453,0.0
2009-01-06 00:00:00+00:00,0.5013002710597039,31.110000610351562,95816.00168297056,1.9919344485347255,0.5020245524322369,0.0
2009-01-07 00:00:00+00:00,0.5037861841267038,30.190000534057617,94393.5063652737,2.022162330356093,0.4945201406377226,0.0
2009-01-08 00:00:00+00:00,0.49658167175794415,30.079999923706055,94223.42447375994,2.025900311755785,0.49360770329973985,0.0
2009-01-09 00:00:00+00:00,0.4991960195770136,29.920000076293945,93976.03424017128,2.0313864044336727,0.4922746346128021,0.0
2009-01-12 00:00:00+00:00,0.4935245896405745,29.200000762939453,92862.77818902237,2.0568178251046585,0.48618792962333274,0.0
2009-01-13 00:00:00+00:00,0.48891105327696766,29.18000030517578,92831.85367254273,2.057542185627408,0.4860167665019559,0.0
2009-01-14 00:00:00+00:00,0.4889956878876973,28.469999313354492,91734.05693050945,2.0839157725187896,0.4798658435179072,0.0
2009-01-15 00:00:00+00:00,0.4812647790036686,28.06999969482422,91115.5813465378,2.0993616542516063,0.47633526980680535,0.0
2009-01-16 00:00:00+00:00,0.48533098849613304,28.700000762939453,92089.6829717768,2.075229284982899,0.48187446429961145,0.0
2009-01-20 00:00:00+00:00,0.4880631788822208,27.959999084472656,90945.49945502402,2.1036867778898234,0.4753559372574871,0.0
2009-01-21 00:00:00+00:00,0.4753559372574871,28.100000381469727,91161.96812125725,2.098187931687494,0.47660173090202523,0.0
2009-01-22 00:00:00+00:00,0.48575980789346923,28.260000228881836,91409.3583548459,2.0919703131426703,0.47801825566909995,0.0
2009-01-23 00:00:00+00:00,0.48239589560375556,28.139999389648438,91223.8142050923,2.096626935631556,0.4769565739165586,0.0
2009-01-26 00:00:00+00:00,0.4836085022500088,28.75,92166.99131385166,2.073359349542401,0.4823090605208904,0.0
2009-01-27 00:00:00+00:00,0.485416812853444,29.1200008392334,92739.08307222804,2.059721167925503,0.48550260859200367,0.0
2009-01-28 00:00:00+00:00,0.48721248663909505,29.809999465942383,93805.9523486575,2.035192279510109,0.49135406519953484,0.0
2009-01-29 00:00:00+00:00,0.4958414592745484,29.479999542236328,93295.7096232404,2.046780250289078,0.4885722342976314,0.0
2009-01-30 00:00:00+00:00,0.4894184247199463,28.940000534057617,92460.76832215975,2.0663123956417335,0.48395392783259694,0.0
2009-02-02 00:00:00+00:00,0.48498740459279593,28.739999771118164,92151.52905561184,2.073732830379331,0.48222219629761953,0.0
2009-02-03 00:00:00+00:00,0.48797823507211446,29.030000686645508,92599.92569719389,2.063006564568906,0.484729431876027,0.0
2009-02-04 00:00:00+00:00,0.4918566160949571,29.790000915527344,93775.03078130208,2.0358872222544804,0.491186343265434,0.0
2009-02-05 00:00:00+00:00,0.4921910827511123,29.459999084472656,93264.78510676077,2.0474909116887514,0.48840265629077173,0.0
2009-02-06 00:00:00+00:00,0.4976470297142549,30.579999923706055,94996.51969100552,2.0091262712993547,0.49772879598716,0.0
2009-02-09 00:00:00+00:00,0.504105150858176,31.190000534057617,95939.69679976486,1.9893902138811366,0.5026665925178562,0.0
2009-02-10 00:00:00+00:00,0.5051389363610037,30.100000381469727,94254.34899023957,2.0252186348257193,0.493773848810183,0.0
2009-02-11 00:00:00+00:00,0.49575907730605523,29.729999542236328,93682.25723186319,2.037977859888752,0.4906824650463021,0.0
2009-02-12 00:00:00+00:00,0.49460292790078064,29.639999389648438,93543.09985682905,2.0411296199324944,0.48992478980000925,0.0
2009-02-13 00:00:00+00:00,0.4976470297142549,30.290000915527344,94548.12599854765,2.018787730822582,0.49534677902591406,0.0
2009-02-17 00:00:00+00:00,0.4964995315402424,29.059999465942383,92646.30952278915,2.0619092177035356,0.48498740459279593,0.0
2009-02-18 00:00:00+00:00,0.48635896247684013,28.8700008392334,92352.53546360525,2.068897831738458,0.4833491459361809,0.0
2009-02-19 00:00:00+00:00,0.48652989780053707,28.719999313354492,92120.60453913221,2.074480572323513,0.48204838037116654,0.0
2009-02-20 00:00:00+00:00,0.4826562261564785,28.389999389648438,91610.3618137151,2.086970129016483,0.4791635424467074,0.0
2009-02-23 00:00:00+00:00,0.4833491459361809,27.729999542236328,90589.87636288087,2.112841031689947,0.4732963744083265,0.0
2009-02-24 00:00:00+00:00,0.4744624695119998,27.959999084472656,90945.49945502401,2.1036867778898234,0.4753559372574871,0.0
2009-02-25 00:00:00+00:00,0.4825694784069032,28.139999389648438,91223.81420509229,2.096626935631556,0.4769565739165586,0.0
2009-02-26 00:00:00+00:00,0.48091575940840375,27.700000762939453,90543.49253728561,2.1140462256098993,0.4730265534811101,0.0
2009-02-27 00:00:00+00:00,0.47383522241172876,27.389999389648438,90064.1713792239,2.1266550561153594,0.4702220029169391,0.0
2009-03-02 00:00:00+00:00,0.4714922679080882,26.469999313354492,88641.6760615271,2.1658134529597506,0.46172028280340727,0.0
2009-03-03 00:00:00+00:00,0.7363802312028103,26.420000076293945,88315.69458375368,1.3609751037253817,0.7347672982868764,0.0
2009-03-04 00:00:00+00:00,0.7362344221308188,26.920000076293945,89543.76960491648,1.3542705141506723,0.7384049121287616,0.0
2009-03-05 00:00:00+00:00,0.7413141278529471,26.420000076293945,88315.69458375366,1.3609751037253817,0.7347672982868764,0.0
2009-03-06 00:00:00+00:00,0.7354295172915308,25.709999084472656,86571.82561764054,1.3709437031339518,0.7294245545707082,0.0
2009-03-09 00:00:00+00:00,0.7338791608594537,25.6299991607666,86375.33380164388,1.372101544293595,0.7288090332372844,0.0
2009-03-10 00:00:00+00:00,0.7296546608123765,26.15999984741211,87677.09501058087,1.364562779953848,0.732835465462294,0.0
2009-03-11 00:00:00+00:00,0.7413141278529471,27.260000228881836,90378.86099408599,1.3498518777655928,0.7408220238618315,0.0
2009-03-12 00:00:00+00:00,0.7442279636665787,27.440000534057617,90820.96875126212,1.3475569271993213,0.7420836773688946,0.0
2009-03-13 00:00:00+00:00,0.7503867964683172,28.31999969482422,92982.37872722557,1.336757145859284,0.7480790382139215,0.0
2009-03-16 00:00:00+00:00,0.7508432811823724,28.190000534057617,92663.08128300638,1.3383101130644806,0.7472109716859171,0.0
2009-03-17 00:00:00+00:00,0.747679135095566,28.299999237060547,92933.25460204278,1.3369951422286817,0.747945873859397,0.0
2009-03-18 00:00:00+00:00,0.7546254780362393,29.079999923706055,94849.05332156121,1.3279560623447682,0.7530369628602793,0.0
2009-03-19 00:00:00+00:00,0.7569393365013192,29.459999084472656,95782.38827636183,1.3237258168480865,0.7554434515609073,0.0
2009-03-20 00:00:00+00:00,0.7568153767600402,28.979999542236328,94693.70089443722,1.3303558460727984,0.7516785850582709,0.0
2009-03-23 00:00:00+00:00,0.752960126080923,29.200000762939453,95234.0569019789,1.3278668499254191,0.7530875554700126,0.0
2009-03-24 00:00:00+00:00,0.7634585062320595,30.309999465942383,97960.38026334098,1.3158598626411138,0.7599593455133291,0.0
2009-03-25 00:00:00+00:00,0.7600796582037516,29.65999984741211,96363.88367277618,1.3227819392183888,0.7559825019918888,0.0
2009-03-26 00:00:00+00:00,0.760918459106298,30.420000076293945,98230.55826711182,1.3147176937525884,0.76061956475668,0.0
2009-03-27 00:00:00+00:00,0.7664020223201602,30.709999084472656,98942.83934332438,1.3117457685892728,0.762342844128598,0.0
2009-03-30 00:00:00+00:00,0.762990034766199,29.6200008392334,96265.64010714507,1.3232178256822957,0.7557334707793604,0.0
2009-03-31 00:00:00+00:00,0.7584452263204419,30.270000457763672,97862.13669770987,1.316277242259153,0.7597183692727832,0.0
2009-04-01 00:00:00+00:00,0.7600195169380402,29.790000915527344,96683.1858017298,1.3213733458791108,0.7567883846897935,0.0
2009-04-02 00:00:00+00:00,0.7626963008325376,31.229999542236328,100220.03848966998,1.3065549922604718,0.7653715350089468,0.0
2009-04-03 00:00:00+00:00,0.7683800537226078,31.829999923706055,101693.72945201228,1.3007763836290358,0.7687716448311432,0.0
2009-04-06 00:00:00+00:00,0.7716396736237843,31.649999618530273,101251.62169483614,1.30248696313916,0.7677620032294774,0.0
2009-04-07 00:00:00+00:00,0.7712030877681129,31.209999084472656,100170.91436448721,1.306751443409296,0.7652564724864693,0.0
2009-04-08 00:00:00+00:00,0.7664590074798235,31.489999771118164,100858.63806284277,1.3040238913163018,0.7668571156243039,0.0
2009-04-09 00:00:00+00:00,0.7694398797901453,32.43000030517578,103167.42041435455,1.2952115996877387,0.7720746171830835,0.0
2009-04-13 00:00:00+00:00,0.7748088306926834,32.529998779296875,103413.03167079958,1.2943041078150244,0.7726159516623547,0.0
2009-04-14 00:00:00+00:00,0.774543677548537,32.27000045776367,102774.4367823612,1.2966753062335798,0.7712030877681129,0.0
2009-04-15 00:00:00+00:00,0.7723997391158332,31.850000381469727,101742.85357719503,1.300587508737826,0.7688832879615032,0.0
2009-04-16 00:00:00+00:00,0.7719117180103092,32.5099983215332,103363.9075456168,1.2944851664794945,0.7725078864515831,0.0
2009-04-17 00:00:00+00:00,0.7763867839182698,32.93000030517578,104395.49543551738,1.2907291885588001,0.7747558580561567,0.0
2009-04-20 00:00:00+00:00,0.7767517909467031,32.060001373291016,102258.64752214534,1.2986185857103738,0.770049043655861,0.0
2009-04-21 00:00:00+00:00,0.7710389399939485,32.08000183105469,102307.7716473281,1.298432410271781,0.7701594569644833,0.0
2009-04-22 00:00:00+00:00,0.7734767708442917,32.38999938964844,103069.172163989,1.295576179326032,0.7718573527032637,0.0
2009-04-23 00:00:00+00:00,0.7740114935983614,32.4900016784668,103314.7927899029,1.294666413461896,0.7723997391158333,0.0
2009-04-24 00:00:00+00:00,0.775705728898099,33.06999969482422,104739.35494232796,1.2894984081134775,0.7754953350140148,0.0
2009-04-27 00:00:00+00:00,0.7787126423049526,33.349998474121094,105427.07395594912,1.287067847256239,0.7769598177219578,0.0
2009-04-28 00:00:00+00:00,0.7789170519625179,33.36000061035156,105451.64070327494,1.2869817773622607,0.7770117787134131,0.0
2009-04-29 00:00:00+00:00,0.7776332895484193,33.70000076293945,106286.73209244442,1.2840864110155508,0.7787637898987855,0.0
2009-04-30 00:00:00+00:00,0.7799840080029431,34.040000915527344,107121.82348161389,1.2812488839739644,0.7804884847184153,0.0
2009-05-01 00:00:00+00:00,0.7816898036828152,34.0099983215332,107048.1326091053,1.2814969932504603,0.7803373751689767,0.0
2009-05-04 00:00:00+00:00,0.7821369200151314,34.52000045776367,108300.77437759396,1.2773381269122097,0.7828780641014477,0.0
2009-05-05 00:00:00+00:00,0.7854568357254048,34.630001068115234,108570.95238136478,1.2764571750700744,0.7834183704166201,0.0
2009-05-06 00:00:00+00:00,0.7853125097063018,34.459999084472656,108153.40200204564,1.2778210250237243,0.7825822086324129,0.0
2009-05-07 00:00:00+00:00,0.7853606338311048,33.880001068115234,106728.83984962053,1.2825770946322284,0.7796802267755641,0.0
2009-05-08 00:00:00+00:00,0.7813407778317124,33.880001068115234,106728.83984962055,1.2825770946322284,0.7796802267755641,0.0
2009-05-11 00:00:00+00:00,0.781440616049911,33.68000030517578,106237.60796726163,1.2842551122689139,0.7786614905766535,0.0
2009-05-12 00:00:00+00:00,0.7820377170731239,33.52000045776367,105844.62433526828,1.2856119372679602,0.7778396971990544,0.0
2009-05-13 00:00:00+00:00,0.779933442418989,32.959999084472656,104469.17693855712,1.2904645793050078,0.7749147214397466,0.0
2009-05-14 00:00:00+00:00,0.7752317970116314,33.08000183105469,104763.92168965378,1.28941087478953,0.7755479805172494,0.0
2009-05-15 00:00:00+00:00,0.7771674769568397,33.22999954223633,105132.33857432131,1.288104495932849,0.7763345312103714,0.0
2009-05-18 00:00:00+00:00,0.777063695696651,33.38999938964844,105525.32220631467,1.2867239425866188,0.7771674769568397,0.0
2009-05-19 00:00:00+00:00,0.7814905104901629,33.95000076293945,106900.76960302584,1.2819944640005918,0.7800345696340997,0.0
2009-05-20 00:00:00+00:00,0.7822855646705666,34.18000030517578,107465.68298842448,1.2800969041101815,0.7811908589022939,0.0
2009-05-21 00:00:00+00:00,0.7816898036828152,33.310001373291016,105328.83507505241,1.2874125449793972,0.7767517909467032,0.0
2009-05-22 00:00:00+00:00,0.7785078738576978,33.31999969482422,105353.3924529094,1.2873263011899707,0.7768038290491123,0.0
2009-05-26 00:00:00+00:00,0.7779427573955637,33.18000030517578,105009.5329460988,1.2885386431558103,0.7760729608782713,0.0
2009-05-27 00:00:00+00:00,0.7841994823930293,34.43000030517578,108079.72049900591,1.278063089837545,0.7824339877674664,0.0
2009-05-28 00:00:00+00:00,0.7830256807187577,34.209999084472656,107539.36449146422,1.2798512868803362,0.7813407778317124,0.0
2009-05-29 00:00:00+00:00,0.7849749803813619,34.7599983215332,108890.24514084957,1.2754232661177676,0.7840534405835936,0.0
2009-06-01 00:00:00+00:00,0.7870317809701185,35.61000061035156,110977.9782985077,1.2688489779239653,0.7881158572836271,0.0
2009-06-02 00:00:00+00:00,1.008472645579429,36.11000061035156,111969.25422007778,0.9915329895040578,1.0085393129483036,956.1405023734114
2009-06-03 00:00:00+00:00,1.0084613272158196,35.93000030517578,111406.3011440867,0.9914901700673857,1.0085828686854614,956.1856534526903
2009-06-04 00:00:00+00:00,1.0084875672932934,36.34000015258789,112688.43223655531,0.9915857811143081,1.0084856187391436,956.2310722712292
2009-06-05 00:00:00+00:00,1.0083924574306624,36.41999816894531,112938.56175363004,0.9916038668250726,1.0084672251246964,956.2762276274199
2009-06-08 00:00:00+00:00,1.00838365357984,36.119998931884766,112000.34043217417,0.9915337295462381,1.0085385602138177,956.3216507482321
2009-06-09 00:00:00+00:00,1.0084094166589868,36.66999816894531,113720.28614210234,0.9916603157731896,1.0084098194655577,956.3670760266426
2009-06-10 00:00:00+00:00,1.0083455590298622,36.290000915527344,112531.89094087278,0.9915725966096963,1.0084990281287705,956.4117064901906
2009-06-11 00:00:00+00:00,1.0083756657565757,36.75,113970.38348107718,0.9916776939091551,1.008392148116228,956.4563390364935
2009-06-12 00:00:00+00:00,1.0083760598948812,36.20000076293945,112250.34797692377,0.9915508582820322,1.008521138020703,956.5007079833321
2009-06-15 00:00:00+00:00,1.0084156321994828,35.58000183105469,110311.40515875237,0.9914032290794915,1.0086713162398013,956.5450789883968
2009-06-16 00:00:00+00:00,1.0085933590408156,35.52000045776367,110123.71950566563,0.9913882957463704,1.0086865099079532,956.5907805866153
2009-06-17 00:00:00+00:00,1.0086791161992592,35.45000076293945,109904.76648992416,0.9913708787846554,1.008704231080424,956.6364843683544
2009-06-18 00:00:00+00:00,1.008596602953228,35.56999969482422,110279.98822591733,0.9913995743162063,1.0086750346748188,956.6827217984322
2009-06-19 00:00:00+00:00,1.0086139671063326,35.90999984741211,111446.41053110175,0.99239955413312,1.0076586550600772,853.5296159414787
2009-06-22 00:00:00+00:00,1.0076053025885494,35.02000045776367,108663.10870554473,0.9922060173078131,1.0078552060320443,853.5711069644758
2009-06-23 00:00:00+00:00,1.0078416650091577,34.77000045776367,107881.25221273638,0.992149598325866,1.007912518119627,853.6123629013126
2009-06-24 00:00:00+00:00,1.0078601129775457,35.279998779296875,109476.10878901972,0.9922627077029219,1.0077976247993738,853.6536208321861
2009-06-25 00:00:00+00:00,1.0077291797885792,35.279998779296875,109476.06824047274,0.9922623401815379,1.0077979980748302,853.6941693791756
2009-06-26 00:00:00+00:00,1.0075793238056672,36.04999923706055,111884.02052538499,0.9924272552055685,1.0076305288419984,853.7342455776826
2009-06-29 00:00:00+00:00,1.0075628842510311,36.119998931884766,112102.88799641324,0.9924415782941391,1.0076159865438654,853.774086509143
2009-06-30 00:00:00+00:00,1.0075465144992166,36.11000061035156,112071.5810303108,0.992439134755837,1.007618467449919,853.8136921403782
2009-07-01 00:00:00+00:00,1.007561498138158,36.38999938964844,112947.16948482886,0.9924969525258038,1.0075597687782332,853.854485461225
2009-07-02 00:00:00+00:00,1.3625249565871753,35.5,109093.1063625357,0.7271732182496355,1.3751881599917561,40930.44184394471
2009-07-06 00:00:00+00:00,1.3737403979418925,35.040000915527344,107147.24441032892,0.7235787730671621,1.3820195357046228,40932.34056166358
2009-07-07 00:00:00+00:00,1.3765248333910658,34.5099983215332,104905.53508768565,0.719320413795674,1.3902010575832957,40934.25073755646
2009-07-08 00:00:00+00:00,1.3898869262303963,34.29999923706055,104016.16544877234,0.7175887962286246,1.3935557595876942,40936.16100259088
2009-07-09 00:00:00+00:00,1.387107456064481,34.650001525878906,105493.39291433824,0.7204285624244957,1.3880626784627306,40938.04861445934
2009-07-10 00:00:00+00:00,1.3862061467113058,34.560001373291016,105111.17455245205,0.7196876635404564,1.3894916512540527,40939.924941687495
2009-07-13 00:00:00+00:00,1.3839346797692922,34.47999954223633,104771.2091657653,0.7190243945367967,1.3907733973952454,40941.80135491399
2009-07-14 00:00:00+00:00,1.3740272250556915,35.400001525878906,108657.29800192708,0.7263142095196334,1.376814589186374,40943.65510869755
2009-07-15 00:00:00+00:00,1.372182491796366,36.13999938964844,111782.68656386939,0.731906025540269,1.3662956241709212,40945.50894641498
2009-07-16 00:00:00+00:00,1.355803564446227,36.720001220703125,114231.91796314015,0.7361286183227416,1.3584582573062918,40947.37424182254
2009-07-17 00:00:00+00:00,1.3501674104104855,37.16999816894531,116131.73526080797,0.7393112179127497,1.352610342939522,40949.25099647529
2009-07-20 00:00:00+00:00,1.3476760703287107,37.61000061035156,117989.31553222972,0.7423492286228495,1.347074882606297,40951.12783714596
2009-07-21 00:00:00+00:00,1.3432635716053796,37.63999938964844,118114.21391009998,0.7425427746505997,1.346723763449918,40953.0047638385
2009-07-22 00:00:00+00:00,1.3401517844721547,38.130001068115234,120183.10293323654,0.7458397325387532,1.3407706191732562,40954.87040072219
2009-07-23 00:00:00+00:00,1.3363940236778729,38.38999938964844,121279.99413316952,0.7475495465297662,1.3377039751306727,40956.736122596005
2009-07-24 00:00:00+00:00,1.3267730002362343,38.779998779296875,122926.26039262553,0.7500769144712424,1.3331966105168533,40958.61330633495
2009-07-27 00:00:00+00:00,1.3301322569624952,38.869998931884766,123304.725157507,0.7506441616797602,1.3321891397413146,40960.490576111486
2009-07-28 00:00:00+00:00,1.326812744750316,38.93000030517578,123556.40315387008,0.751017004281087,1.331527774071178,40962.37930984361
2009-07-29 00:00:00+00:00,1.329835545760482,39.0,123850.34550277803,0.7514525036510576,1.330756095882751,40964.25675222864
2009-07-30 00:00:00+00:00,1.3269628466814511,39.5099983215332,126003.70599883891,0.7546493942478595,1.3251186678506188,40966.15703858354
2009-07-31 00:00:00+00:00,1.3244657210878863,39.40999984741211,125579.21052847605,0.7540154340600513,1.326232799526963,40968.0574130906
2009-08-03 00:00:00+00:00,1.3257942419013011,39.63999938964844,126549.28030304072,0.7554312751300463,1.323747153343435,40969.96925576988
2009-08-04 00:00:00+00:00,1.3194796269408076,39.77000045776367,127096.7548925303,0.7562193509554181,1.3223676420559536,40971.881187668485
2009-08-05 00:00:00+00:00,1.3194992994208572,39.459999084472656,125784.7836617821,0.7542927902537413,1.3257451389182757,40973.78182771247
2009-08-06 00:00:00+00:00,1.3228167848866224,39.2400016784668,124853.17049849288,0.7529037812106283,1.3281909653741604,40975.68255592503
2009-08-07 00:00:00+00:00,1.3266431072711673,39.59000015258789,126330.36863857246,0.7550768933586323,1.3243684302825551,40977.58337231026
2009-08-10 00:00:00+00:00,1.3212519210444482,39.34000015258789,125271.96387340146,0.753509008596237,1.3271241466150057,40979.48427687225
2009-08-11 00:00:00+00:00,1.3242798966327185,39.04999923706055,124044.51453331945,0.7516669485301825,1.3303764412621981,40981.3852696151
2009-08-12 00:00:00+00:00,1.3280295987323214,39.20000076293945,124676.53360086303,0.7526058051064378,1.3287168305306578,40983.274966824756
2009-08-13 00:00:00+00:00,1.3214173937473725,39.63999938964844,126534.0961918832,0.7553406341368617,1.323906003207035,40985.1533669274
2009-08-14 00:00:00+00:00,1.3191100248975502,39.279998779296875,125010.84956705513,0.7530870183253974,1.327867797035794,40987.03185312338
2009-08-17 00:00:00+00:00,1.3240338628311017,38.459999084472656,121543.63962164184,0.7478110666844947,1.3372361610448125,40988.91042541665
2009-08-18 00:00:00+00:00,1.3370018077795962,38.61000061035156,122175.64695638367,0.7487791783070755,1.3355072215828876,40990.81185542805
2009-08-19 00:00:00+00:00,1.330702902585127,38.540000915527344,121877.92564687406,0.7483112142239441,1.336342394704156,40992.71337364468
2009-08-20 00:00:00+00:00,1.3277065702108857,39.20000076293945,124665.19358761716,0.7525373514884848,1.3288376955935082,40994.61498007062
2009-08-21 00:00:00+00:00,1.322711561173663,39.7400016784668,126945.34410092598,0.7558886361901171,1.3229462014937414,40996.51667470997
2009-08-24 00:00:00+00:00,1.3171395364223937,40.099998474121094,128464.80572365297,0.7580689850389356,1.319141159624989,40998.40706964553
2009-08-25 00:00:00+00:00,1.3175740922914256,40.25,129096.82400630243,0.7589594863440621,1.3175933867261342,41000.2975517493
2009-08-26 00:00:00+00:00,1.3163506998791246,40.08000183105469,128376.52993884924,0.7579260254258547,1.3193899753450629,41002.17673205375
2009-08-27 00:00:00+00:00,1.3170935600578684,39.66999816894531,126641.96886488612,0.7554128943295589,1.3237793629237902,41004.0559984873
2009-08-28 00:00:00+00:00,1.3160796450549836,40.15999984741211,128710.85556235531,0.7583861532360381,1.3185894754710306,41005.92396103836
2009-08-31 00:00:00+00:00,1.3156872636863437,39.790000915527344,127145.36631487837,0.7561283271898026,1.3225268304873081,41007.79200868547
2009-09-01 00:00:00+00:00,1.3199744044991437,39.15999984741211,124481.09254847179,0.7521935936411289,1.329444983916068,41009.67153248586
2009-09-02 00:00:00+00:00,1.3281083197313959,39.040000915527344,123972.09559930567,0.7514205077147431,1.3308127602761988,41011.5511424311
2009-09-03 00:00:00+00:00,1.3284614553626988,39.02000045776367,123885.68226774907,0.7512816253246533,1.3310587751535483,41013.44223062267
2009-09-04 00:00:00+00:00,1.3256161295146023,39.52000045776367,125996.81020619819,0.7544171104919247,1.3255266696535297,41015.32201339157
2009-09-08 00:00:00+00:00,1.3166065478114604,40.459999084472656,129967.37904961345,0.7601116915995705,1.3155961302155625,41017.20188231718
2009-09-09 00:00:00+00:00,1.3127486922202956,40.59000015258789,130514.88561591534,0.7608690427534921,1.314286616762751,41019.08183740346
2009-09-10 00:00:00+00:00,1.3092794494830364,41.0,132245.67126122446,0.7632495008687682,1.3101875584088176,41020.961878654336
2009-09-11 00:00:00+00:00,1.3055015415838105,41.220001220703125,133173.50829513956,0.764502237581779,1.3080406450648612,41022.85340078541
2009-09-14 00:00:00+00:00,1.3051357762818907,41.209999084472656,133129.35889885807,0.764434283324931,1.3081569231176662,41024.73361489961
2009-09-15 00:00:00+00:00,1.303626940573433,41.56999969482422,134648.83534144016,0.7664635393094014,1.304693502969521,41026.62531094963
2009-09-16 00:00:00+00:00,1.3024155389503227,41.84000015258789,135787.9582658512,0.7679598252223728,1.3021514500585194,41028.52849051267
2009-09-17 00:00:00+00:00,1.2967940809985687,42.209999084472656,137349.67619783164,0.7699831431403872,1.2987297305256396,41030.43175836209
2009-09-18 00:00:00+00:00,1.2969026856348376,42.209999084472656,137477.73421388882,0.7707010371787103,1.297519987336049,40902.37374230493
2009-09-21 00:00:00+00:00,1.2954312581774712,42.15999984741211,137264.5506120606,0.7704185165603621,1.2979958016386153,40904.25979620527
2009-09-22 00:00:00+00:00,1.294281143791591,42.439998626708984,138445.95499865845,0.7719227321406268,1.2954664480820377,40906.13457477925
2009-09-23 00:00:00+00:00,1.2935844931822413,42.380001068115234,138190.52952503145,0.7715893737836014,1.2960261428904258,40908.00943928059
2009-09-24 00:00:00+00:00,1.295393803369315,41.77000045776367,135610.78257535768,0.7682430896445214,1.3016713244537172,40909.88438971323
2009-09-25 00:00:00+00:00,1.2988771742007996,41.58000183105469,134805.98177233277,0.7671734770262294,1.3034861474568553,40911.748062224324
2009-09-28 00:00:00+00:00,1.302348762469007,41.88999938964844,136114.18384903017,0.7688859937096908,1.3005829319054696,40913.60045526158
2009-09-29 00:00:00+00:00,1.2958071975768888,42.029998779296875,136703.9709547066,0.7696453910455799,1.2992996666185168,40915.45293217108
2009-09-30 00:00:00+00:00,1.2975519463355814,41.599998474121094,134884.95319480318,0.7672539115363212,1.3033494974273074,40917.282762149436
2009-10-01 00:00:00+00:00,1.2972951167273512,41.0,132347.56592956447,0.7638375810229994,1.309178842262135,40919.06721031434
2009-10-02 00:00:00+00:00,1.66492537951732,40.720001220703125,130746.0336976795,0.597863371207947,1.6726229572812936,87942.78383853284
2009-10-05 00:00:00+00:00,1.6682312174945493,40.83000183105469,131332.81566224707,0.5989286136490053,1.6696480635771356,87946.76569235664
2009-10-06 00:00:00+00:00,1.6594015537142015,41.41999816894531,134497.43867764436,0.604623669231932,1.6539213578428447,87950.74772646993
2009-10-07 00:00:00+00:00,1.6406196092799767,41.77000045776367,136373.18581497145,0.6079189930838499,1.6449560079167826,87954.70551011762
2009-10-08 00:00:00+00:00,1.637673390897794,42.13999938964844,138356.30132111246,0.6113439582371519,1.6357403823594852,87958.68790372822
2009-10-09 00:00:00+00:00,1.6332821268472786,42.060001373291016,137922.70980397816,0.6105872126406598,1.6377676756039692,87962.64604468389
2009-10-12 00:00:00+00:00,1.6275053022740145,42.279998779296875,139100.2586346651,0.6125960291952964,1.6323971301505102,87966.6043637559
2009-10-13 00:00:00+00:00,1.625394769576887,42.369998931884766,139579.65049005958,0.6134015364544984,1.630253497211739,87970.56286095228
2009-10-14 00:00:00+00:00,1.625201743625948,42.849998474121094,142153.5535328738,0.6177149549882422,1.6188696613619047,87974.52153628101
2009-10-15 00:00:00+00:00,1.6117054719976707,42.869998931884766,142257.00814520527,0.6178761104572598,1.6184474250994252,87978.48038975016
2009-10-16 00:00:00+00:00,1.6140428604301067,42.47999954223633,140158.5133095688,0.6143504557951281,1.6277354245725133,87982.46385983445
2009-10-19 00:00:00+00:00,1.6206014387792962,42.59000015258789,140745.31791708648,0.6153291944059341,1.6251463592028068,87986.42307070816
2009-10-20 00:00:00+00:00,1.6106985282250676,42.939998626708984,142621.04296199925,0.6184474281843224,1.6169523138544921,87990.38245974635
2009-10-21 00:00:00+00:00,1.6105151628755725,43.060001373291016,143261.5641895922,0.6194936446528693,1.6142215640651907,87994.34202695703
2009-10-22 00:00:00+00:00,1.6123850557142168,42.790000915527344,141807.57782930136,0.6170755646383511,1.6205470728468545,87998.27732947546
2009-10-23 00:00:00+00:00,1.6085623455073474,43.02000045776367,143038.86647695865,0.6191057751273127,1.6152328732426382,88002.21280798936
2009-10-26 00:00:00+00:00,1.6127023555447975,42.790000915527344,141799.7066962702,0.6170413134090875,1.6206370274870356,88006.14846250661
2009-10-27 00:00:00+00:00,1.6159711270287596,42.18000030517578,138519.73186340678,0.6114856499408663,1.6353613532822968,88010.08429303506
2009-10-28 00:00:00+00:00,1.6314442794875053,41.29999923706055,133789.7057967519,0.6031896224261081,1.657853455730668,88014.02029958261
2009-10-29 00:00:00+00:00,1.6554853432522656,41.540000915527344,135074.71071676078,0.6054645919685161,1.65162424568669,88017.95648215711
2009-10-30 00:00:00+00:00,1.6376795410940759,40.91999816894531,131741.01837940424,0.599468844164604,1.6681434068413685,88021.89284076646
2009-11-02 00:00:00+00:00,1.6670556551193962,40.63999938964844,130233.33429759143,0.5966912550471583,1.675908590148463,88025.8293754185
2009-11-03 00:00:00+00:00,1.6625212585705118,40.84000015258789,131303.4873062517,0.598648269870136,1.6704299508239264,88029.79053774041
2009-11-04 00:00:00+00:00,1.659107352861961,41.279998779296875,133662.5607522193,0.6029083621926247,1.6586268539438629,88033.75187831461
2009-11-05 00:00:00+00:00,1.6573062478775622,41.779998779296875,136343.84996350837,0.6076427718135223,1.6457037693635017,88037.73785096909
2009-11-06 00:00:00+00:00,1.6315246847302025,42.08000183105469,137951.0453103631,0.6104223853215766,1.638209908493428,88041.72400409958
2009-11-09 00:00:00+00:00,1.6255464051041764,42.880001068115234,142243.51962968783,0.6176734133665954,1.618978538431101,88045.68588167978
2009-11-10 00:00:00+00:00,1.6045974657011932,43.400001525878906,145032.24622356734,0.6222372902260593,1.6071039388152053,88049.64793754445
2009-11-11 00:00:00+00:00,1.6021981236794327,43.61000061035156,146156.07019154524,0.6240393424471767,1.602463069200877,88053.63462993715
2009-11-12 00:00:00+00:00,1.596110808665965,43.54999923706055,145829.84292124212,0.6235043134112824,1.6038381427208661,88057.62150283846
2009-11-13 00:00:00+00:00,1.6016224661180956,43.630001068115234,146255.53419147688,0.6241777607223781,1.6021077054117925,88061.5840958061
2009-11-16 00:00:00+00:00,1.5938217415000535,44.119998931884766,148883.12962772395,0.6283349281800368,1.591507896746224,88065.54686709041
2009-11-17 00:00:00+00:00,1.5843412016850964,44.25,149577.3439623069,0.6294101587450536,1.588789100566545,88069.50981669941
2009-11-18 00:00:00+00:00,1.5814818285374164,44.04999923706055,148499.266663383,0.627710812790309,1.5930902887506202,88073.47294464117
2009-11-19 00:00:00+00:00,1.5867245487737724,43.349998474121094,144735.93846702832,0.6216822974699756,1.6085386443680993,88077.41178607008
2009-11-20 00:00:00+00:00,1.6016183100474684,43.279998779296875,144356.06256265548,0.6210534718658157,1.6101673129621583,88081.35080365273
2009-11-23 00:00:00+00:00,1.6065567512231236,43.86000061035156,147467.05241605715,0.6260479131946607,1.5973218326007967,88085.289997397
2009-11-24 00:00:00+00:00,1.5912923205027159,43.72999954223633,146764.91129381524,0.6249193460675343,1.6002065007152637,88089.2538354469
2009-11-25 00:00:00+00:00,1.594549819231271,44.0099983215332,148264.6948245535,0.6272888990500173,1.5941617993151578,88093.21785186949
2009-11-27 00:00:00+00:00,1.5905253829397368,42.900001525878906,142299.46140083368,0.617628253541929,1.619096915118882,88097.15757633452
2009-11-30 00:00:00+00:00,1.6051648095344127,43.11000061035156,143423.30768911337,0.6194737545132863,1.6142733936899214,88101.12194842547
2009-12-01 00:00:00+00:00,1.6040941170720062,43.880001068115234,147554.64490780776,0.62613425171929,1.5971015756670701,88105.11097144702
2009-12-02 00:00:00+00:00,1.281652434911143,43.97999954223633,148028.53995939292,0.7800828806681627,1.2819150692596564,41731.476095058046
2009-12-03 00:00:00+00:00,1.2811774575920938,43.880001068115234,147595.18814411282,0.7795717297921196,1.2827555974440732,41733.36560355902
2009-12-04 00:00:00+00:00,1.2826729767801892,43.65999984741211,146644.0617240666,0.7784509686115668,1.2846024224025114,41735.255197612736
2009-12-07 00:00:00+00:00,1.2808019110579012,43.81999969482422,147332.53320396852,0.7792499766918918,1.2832852485222348,41737.133284096635
2009-12-08 00:00:00+00:00,1.2825405596254413,43.36000061035156,145345.90208701548,0.7768980370205019,1.287170197823026,41739.01145509441
2009-12-09 00:00:00+00:00,1.2848029305832291,43.31999969482422,145171.43232509558,0.7766819797860293,1.2875282625657072,41740.889710609896
2009-12-10 00:00:00+00:00,1.281176959027698,44.2400016784668,149139.07633620105,0.7813161949229205,1.2798915554267416,41742.76805064687
2009-12-11 00:00:00+00:00,1.2794065705098794,43.95000076293945,147885.93417905446,0.7798633198760362,1.282275976460793,41744.64647520915
2009-12-14 00:00:00+00:00,1.2808013059909964,44.189998626708984,148919.57178992583,0.781049039705607,1.2803293380616918,41746.52498430054
2009-12-15 00:00:00+00:00,1.27743557416521,44.16999816894531,148831.39744309933,0.7809400400553504,1.2805080399375133,41748.40357792483
2009-12-16 00:00:00+00:00,1.2794548335734202,44.290000915527344,149347.2816873729,0.7815236863427727,1.2795517493265132,41750.293852864605
2009-12-17 00:00:00+00:00,1.2789875492585363,43.7599983215332,147058.58341776277,0.7788675202691892,1.2839153950782078,41752.19581069568
2009-12-18 00:00:00+00:00,1.2834164584737846,44.0,148328.45476784726,0.781308066274837,1.2799048712857328,41517.857039805946
2009-12-21 00:00:00+00:00,1.2762089750546488,44.66999816894531,151217.4201300111,0.784578498133322,1.2745697242267169,41519.72534337274
2009-12-22 00:00:00+00:00,1.2723164146992327,45.029998779296875,152768.84238154677,0.7862911084982168,1.271793600604181,41521.59373101319
2009-12-23 00:00:00+00:00,1.270266951261126,45.209999084472656,153543.61922941692,0.7871323962102003,1.2704343066232462,41523.46220273109
2009-12-24 00:00:00+00:00,1.2678004033270807,45.599998474121094,155224.48824727628,0.7889435331201132,1.2675178362197874,41525.31922423516
2009-12-28 00:00:00+00:00,1.264721666319241,45.939998626708984,156689.62602869596,0.790496184809324,1.2650282432940654,41527.17632878935
2009-12-29 00:00:00+00:00,1.2630004309670637,45.9900016784668,156903.5049183827,0.7907145523353888,1.2646788870224825,41529.045051724155
2009-12-30 00:00:00+00:00,1.2643880918140493,45.959999084472656,156772.18425193607,0.7905685072274059,1.264912516572522,41530.913858751475
2009-12-31 00:00:00+00:00,1.2633902260796845,45.75,155864.24617740198,0.7895977772994341,1.2664675974901793,41532.771213510154
2010-01-04 00:00:00+00:00,1.2664675974901793,46.27000045776367,158106.09816642554,0.7919534030287523,1.2627005530572795,41534.55943004852
2010-01-05 00:00:00+00:00,1.751710967588555,46.15999984741211,157036.80635841712,0.5684339222110456,1.7592194289008751,119225.39443985475
2010-01-06 00:00:00+00:00,1.751770224708632,46.06999969482422,156492.80082770588,0.5675713769067302,1.7618929366206064,119230.75958260453
2010-01-07 00:00:00+00:00,1.759858752209084,45.91999816894531,155589.69385341657,0.5661392896829941,1.7663497627234868,119236.12496678575
2010-01-08 00:00:00+00:00,1.7590503913595101,45.93000030517578,155644.256085701,0.5662144926535794,1.7661151612588954,119241.42435011761
2010-01-11 00:00:00+00:00,1.7482759640363992,46.119998931884766,156776.04290524527,0.5679822206971296,1.7606184904390507,119246.75709159549
2010-01-12 00:00:00+00:00,1.7537129727930194,45.529998779296875,153239.6280109762,0.5623643503343384,1.7782066011216346,119252.09007156541
2010-01-13 00:00:00+00:00,1.770681719952483,45.61000061035156,153713.09639536578,0.5631124436899588,1.7758442584703116,119257.42329003806
2010-01-14 00:00:00+00:00,1.7541165592430636,46.220001220703125,157358.54525339446,0.5688591012891566,1.7579045456665556,119262.75674702408
2010-01-15 00:00:00+00:00,1.753035709607377,45.650001525878906,153941.8300443008,0.5634562235880404,1.7747607678056811,119268.09044253416
2010-01-19 00:00:00+00:00,1.7687831758901207,45.95000076293945,155731.9233299301,0.5662868226658395,1.7658895809943478,119273.4575066041
2010-01-20 00:00:00+00:00,1.7475042584986946,45.43000030517578,152614.38096577307,0.5613025964819289,1.7815702372796611,119278.85794370786
2010-01-21 00:00:00+00:00,1.766835027001371,45.29999923706055,151830.939094757,0.5600237108489732,1.7856386803409459,119284.25862533142
2010-01-22 00:00:00+00:00,1.7797983570580223,44.040000915527344,144284.6287021754,0.547415485009921,1.826766007508678,119289.62641696956
2010-01-25 00:00:00+00:00,1.822671145719827,44.119998931884766,144758.07257733913,0.5482159036158848,1.8240988512085632,119294.96131415099
2010-01-26 00:00:00+00:00,1.8176756265762273,44.04999923706055,144333.76431683416,0.5474776125475571,1.8265587068423443,119300.32958741013
2010-01-27 00:00:00+00:00,1.8164029464992602,44.0099983215332,144088.9950005716,0.5470459305887688,1.8280000710794622,119305.69810224157
2010-01-28 00:00:00+00:00,1.8049307918940778,43.31999969482422,139954.0651567971,0.539810594925874,1.852501617048325,119311.06685865618
2010-01-29 00:00:00+00:00,1.8441984898053434,42.630001068115234,135819.13507142867,0.5323410396181388,1.8784950352828786,119316.43585666482
2010-02-01 00:00:00+00:00,1.8723446492119968,42.880001068115234,137309.9865949839,0.5350466740308348,1.8689958251051009,119321.80509627836
2010-02-02 00:00:00+00:00,1.3192810664289472,43.029998779296875,134463.60733221704,0.7566839350438745,1.3215557430091567,43237.54516340257
2010-02-03 00:00:00+00:00,1.3155471603207747,43.41999816894531,136072.2196106517,0.7588584205148922,1.317768865662044,43239.51487379335
2010-02-04 00:00:00+00:00,1.313299883096593,42.619998931884766,132766.5018760218,0.7543209461036826,1.3256956540386835,43241.47266293901
2010-02-05 00:00:00+00:00,1.3256956540386835,42.119998931884766,130699.68005158773,0.7513932031061783,1.3308611202045852,43243.44255224922
2010-02-08 00:00:00+00:00,1.3221083578041892,42.63999938964844,132845.16998756272,0.7544138769340696,1.3255323511067822,43245.40051923144
2010-02-09 00:00:00+00:00,1.325229055539776,42.7599983215332,133338.77198535824,0.7550919857767842,1.324341959438587,43247.35857486606
2010-02-10 00:00:00+00:00,1.320863763709549,42.75,133295.52373393555,0.7550236154839751,1.3244618836974966,43249.31671915709
2010-02-11 00:00:00+00:00,1.321770263663363,42.7599983215332,133334.86762181483,0.7550698755265,1.3243807393358311,43251.262938409454
2010-02-12 00:00:00+00:00,1.3154887213184738,43.15999984741211,134984.80916450976,0.7573289378374547,1.320430198871695,43253.209245241684
2010-02-16 00:00:00+00:00,1.3146543228529073,43.849998474121094,137832.35276927945,0.7611367232356102,1.3138244016777647,43255.15563965772
2010-02-17 00:00:00+00:00,1.3094664708815718,44.2599983215332,139523.57222861346,0.7633387039018986,1.310034451139944,43257.11413698251
2010-02-18 00:00:00+00:00,1.3072155609960707,44.45000076293945,140306.2794761092,0.7643397132381355,1.3083187785225583,43259.06070711869
2010-02-19 00:00:00+00:00,1.304731079040275,44.619998931884766,141006.37491460587,0.7652269933522923,1.30680178389842,43261.007364850506
2010-02-22 00:00:00+00:00,1.3049263558064912,44.560001373291016,140756.64400239795,0.7649002402696279,1.3073600286064746,43262.96612712841
2010-02-23 00:00:00+00:00,1.3057453610284562,43.95000076293945,138235.5752874998,0.7616264651505358,1.3129795848183263,43264.91296060414
2010-02-24 00:00:00+00:00,1.3110283190705603,44.31999969482422,139761.6143874087,0.7636058539280909,1.309576131267022,43266.859881687364
2010-02-25 00:00:00+00:00,1.306945910378381,43.83000183105469,137736.13332286404,0.7609523933775244,1.314142656890073,43268.79487180984
2010-02-26 00:00:00+00:00,1.3070538299430015,44.400001525878906,140088.11617285042,0.7640106269944197,1.3088823174279014,43270.74196757907
2010-03-01 00:00:00+00:00,1.305638737178603,44.95000076293945,142357.49094773363,0.7668875915237491,1.3039720697697998,43272.70117061816
2010-03-02 00:00:00+00:00,1.2999691931144495,45.45000076293945,144420.37157091527,0.7694415816848572,1.2996438245646742,43274.67248256038
2010-03-03 00:00:00+00:00,1.2987894484816047,45.43000030517578,144335.80420133553,0.769329571007188,1.2998330464417527,43276.6438843068
2010-03-04 00:00:00+00:00,1.2983817326928528,45.400001525878906,144209.9346135258,0.7691665724403667,1.3001085016308735,43278.6273971515
2010-03-05 00:00:00+00:00,1.2971304172792149,45.9900016784668,146644.46490151813,0.7721173990452144,1.2951398339638258,43280.62302274814
2010-03-08 00:00:00+00:00,1.2914464742316476,46.439998626708984,148500.81130026118,0.7743150800863324,1.291463934666628,43282.630762760586
2010-03-09 00:00:00+00:00,1.2907362678988314,46.400001525878906,148333.65133092122,0.7741101854198927,1.2918057646503904,43284.61455000388
2010-03-10 00:00:00+00:00,1.2886714186447048,46.79999923706055,149983.55157221542,0.7760306539966128,1.2886088904477282,43286.58640466671
2010-03-11 00:00:00+00:00,1.2856982847133835,46.97999954223633,150724.9275846539,0.7768786116036988,1.287202382796606,43288.558349158484
2010-03-12 00:00:00+00:00,1.2843200653701856,47.099998474121094,151218.50357915967,0.7774368683556128,1.2862780769776705,43290.54240808281
2010-03-15 00:00:00+00:00,1.2842596820006535,46.90999984741211,150431.8573149361,0.7765250591169094,1.2877884470814553,43292.55060824452
2010-03-16 00:00:00+00:00,1.2852046874899172,47.22999954223633,151751.31692268437,0.7780286981837282,1.285299632692796,43294.594978689915
2010-03-17 00:00:00+00:00,1.2829129052955872,47.529998779296875,152988.1804660596,0.7794193179832009,1.283006434312619,43296.63944567501
2010-03-18 00:00:00+00:00,1.2819409542224065,47.599998474121094,153275.23796685055,0.7797334213079709,1.2824895953831772,43298.65995551582
2010-03-19 00:00:00+00:00,1.2807497905728737,47.31999969482422,152274.86649322932,0.7792280608095417,1.2833213410732385,43142.71938661009
2010-03-22 00:00:00+00:00,1.2820210928667188,47.25,151983.77515569286,0.778890674742236,1.2838772274824541,43144.7327135148
2010-03-23 00:00:00+00:00,1.2788015905854746,47.77000045776367,154129.20963779013,0.7812873547336644,1.2799388009305401,43146.746134374764
2010-03-24 00:00:00+00:00,1.2763842230750957,47.90999984741211,154705.3641294413,0.7819163459739619,1.27890918913377,43148.7476639871
2010-03-25 00:00:00+00:00,1.2780926103687795,47.900001525878906,154662.07239984858,0.781860705900656,1.2790002009987966,43150.74928644818
2010-03-26 00:00:00+00:00,1.2786282175987402,47.7400016784668,153999.3186954376,0.7811194624127489,1.2802139085245237,43152.751001762306
2010-03-29 00:00:00+00:00,1.2782737248015348,48.099998474121094,155483.99704755648,0.7827475613852063,1.2775510896901783,43154.75280993377
2010-03-30 00:00:00+00:00,1.276596039726627,48.060001373291016,155316.83095185805,0.7825567307307167,1.277862627373027,43156.74272353557
2010-03-31 00:00:00+00:00,1.2754457876274186,48.06999969482422,155356.13105363073,0.782591933387037,1.2778051463832838,43158.732728894494
2010-04-01 00:00:00+00:00,1.2771421116479447,47.790000915527344,154197.9128337416,0.7813084939784274,1.2799041706407084,43160.63890625668
2010-04-05 00:00:00+00:00,1.751656514433855,48.13999938964844,155460.03100683077,0.5706899852880326,1.7522648474290126,116947.11650666312
2010-04-06 00:00:00+00:00,1.7396117613442874,48.38999938964844,156869.1696537083,0.5728877857450604,1.7455425388402466,116952.63900938706
2010-04-07 00:00:00+00:00,1.735984979382643,48.369998931884766,156750.4714079094,0.5726910020567889,1.7461423287751228,116958.16177289584
2010-04-08 00:00:00+00:00,1.739204159668418,48.2400016784668,156009.3726161206,0.5715193750701796,1.749721958030216,116963.6523088235
2010-04-09 00:00:00+00:00,1.7363674976754027,48.630001068115234,158210.74976205843,0.5749357197399879,1.7393248769658034,116969.14310250133
2010-04-12 00:00:00+00:00,1.728896900574905,48.939998626708984,159959.42472107388,0.5776083496947773,1.7312769119913605,116974.63415394141
2010-04-13 00:00:00+00:00,1.7279292724476312,48.86000061035156,159501.25306871533,0.5768969104381435,1.7334119526494203,116980.12546315585
2010-04-14 00:00:00+00:00,1.7216352682586038,49.5,163117.25809645228,0.5823476074625779,1.7171874447243451,116985.64952463609
2010-04-15 00:00:00+00:00,1.7071298216965571,49.869998931884766,165205.42623143928,0.5854267067198315,1.708155758050463,116991.17384697475
2010-04-16 00:00:00+00:00,1.7019048477271776,49.20000076293945,161408.55513348908,0.579761033190954,1.724848588902375,116996.76342528076
2010-04-19 00:00:00+00:00,1.7165586950847103,48.900001525878906,159705.40872490781,0.5771628028444937,1.7326133892752478,117002.32077154345
2010-04-20 00:00:00+00:00,1.717362966201185,49.43000030517578,162698.95834494577,0.5816767982999783,1.7191677627896154,117007.84588113546
2010-04-21 00:00:00+00:00,1.7112518568868427,49.720001220703125,164334.44508862734,0.584097105235325,1.7120440951288627,117013.37125163541
2010-04-22 00:00:00+00:00,1.7045237507695767,49.2599983215332,161725.92653656827,0.5801934706895174,1.7235630018579375,117018.89688305564
2010-04-23 00:00:00+00:00,1.6979222716527163,50.09000015258789,166417.08602218004,0.5871302574141389,1.703199566658747,117024.42277540844
2010-04-26 00:00:00+00:00,1.6930661027022418,50.29999923706055,167599.8700539036,0.5888345453507933,1.6982699264090533,117029.94892870617
2010-04-27 00:00:00+00:00,1.6956861958526166,49.209999084472656,161426.42016394564,0.5797073954053499,1.7250081815857603,117035.47534296114
2010-04-28 00:00:00+00:00,1.721719263778169,48.97999954223633,160119.4078214097,0.5777138513905274,1.7309607474237487,117041.00201818568
2010-04-29 00:00:00+00:00,1.7210231459415226,49.61000061035156,163678.8330262835,0.5830568063798622,1.715098750341144,117046.5289543921
2010-04-30 00:00:00+00:00,1.7000927003525612,49.20000076293945,161353.29492010182,0.5795625448370917,1.7254393143730302,117052.02363866799
2010-05-03 00:00:00+00:00,1.7244230732019743,49.43000030517578,162649.25313074142,0.581499093598293,1.71969313625588,117057.55109533982
2010-05-04 00:00:00+00:00,1.707387955154934,48.08000183105469,155004.5638396094,0.5697280364850671,1.7552234328671845,117063.07881303044
2010-05-05 00:00:00+00:00,1.7456955667733092,47.63999938964844,152509.1859050169,0.5657334233028454,1.767616970837315,117068.63930927405
2010-05-06 00:00:00+00:00,1.7525391012776572,42.63999938964844,124210.4021526206,0.5147879351132523,1.942547468172505,117074.20006964123
2010-05-07 00:00:00+00:00,1.7994202642382808,44.279998779296875,133485.04733635136,0.532736681968255,1.8770999517160873,117079.72857353343
2010-05-10 00:00:00+00:00,1.8370052634405214,47.310001373291016,150625.22638305154,0.5626422405620912,1.7773283410093408,117085.25733849384
2010-05-11 00:00:00+00:00,1.764123438652104,47.20000076293945,149997.24299742334,0.5616022678206474,1.78061959023171,117090.78636453483
2010-05-12 00:00:00+00:00,1.7656007900117774,47.900001525878906,153952.76924637676,0.5679885224636924,1.7605989565817735,117096.3156516687
2010-05-13 00:00:00+00:00,1.7409893970682082,47.72999954223633,152985.25889168037,0.566429335477647,1.765445285697889,117101.84519990781
2010-05-14 00:00:00+00:00,1.7620628387242672,46.380001068115234,145340.56750888226,0.5537881764831623,1.805744583336016,117107.37500926446
2010-05-17 00:00:00+00:00,1.7888524906917584,46.06999969482422,143580.8498419241,0.5507644396202075,1.8156582525363718,117112.90507975103
2010-05-18 00:00:00+00:00,1.7844338237288464,46.220001220703125,144424.0923031001,0.5522011108530315,1.8109344228866469,117118.4679427423
2010-05-19 00:00:00+00:00,1.8043165687915654,45.54999923706055,140627.22607021255,0.5455927844174595,1.832868814545853,117124.03106996957
2010-05-20 00:00:00+00:00,1.8161205687216189,44.25,133265.46155246545,0.5322208872230181,1.8789191179957714,117129.56192699233
2010-05-21 00:00:00+00:00,1.8752029362174885,43.4900016784668,128959.37003732198,0.5240238582453658,1.908310059294602,117135.09304519444
2010-05-24 00:00:00+00:00,1.8575135593621903,44.63999938964844,135461.26699448522,0.5362638665668235,1.8647536452568183,117140.62442458824
2010-05-25 00:00:00+00:00,1.864031762067951,43.22999954223633,127477.0147945135,0.5211157936915427,1.9189593025305944,117146.1886042484
2010-05-26 00:00:00+00:00,1.8626679246477231,44.119998931884766,132507.64058937342,0.530753674671376,1.8841131917158458,117151.7530482071
2010-05-27 00:00:00+00:00,1.8811029727294597,45.09000015258789,137991.000591236,0.5408266810633982,1.8490212021968928,117157.28521432327
2010-05-28 00:00:00+00:00,1.822706379844465,45.20000076293945,138607.92252346588,0.5419225140216166,1.8452822573821157,117162.81764168062
2010-06-01 00:00:00+00:00,1.8317007195626194,45.130001068115234,138206.31898507505,0.5411904672016172,1.8477782972985295,117168.31778506436
2010-06-02 00:00:00+00:00,0.7402572549041231,45.130001068115234,128988.52170877613,1.351270468050069,0.7400442943469604,0.0
2010-06-03 00:00:00+00:00,0.7447324878114878,46.08000183105469,130997.92630067265,1.3440285583411857,0.744031809289983,0.0
2010-06-04 00:00:00+00:00,0.7465283346803145,44.939998626708984,128586.6359491774,1.3527556093176023,0.7392318265857719,0.0
2010-06-07 00:00:00+00:00,0.7398736677930114,44.220001220703125,127063.72549455288,1.3584992347506966,0.7361064139160254,0.0
2010-06-08 00:00:00+00:00,0.7363258725878952,43.59000015258789,125731.17178664482,1.363680581390312,0.7333095547789286,0.0
2010-06-09 00:00:00+00:00,0.7359745498544555,43.689998626708984,125942.68466212909,1.362848182572513,0.7337574447304904,0.0
2010-06-10 00:00:00+00:00,0.7343374710659699,44.2400016784668,127106.02968338954,1.3583371608688948,0.736194244557312,0.0
2010-06-11 00:00:00+00:00,0.7397882704931303,44.61000061035156,127888.63700512014,1.3553650836449074,0.7378085890413791,0.0
2010-06-14 00:00:00+00:00,0.7416120023578993,45.40999984741211,129580.76421509127,1.3491045287726506,0.7412324091075071,0.0
2010-06-15 00:00:00+00:00,0.7415698874777711,45.45000076293945,129665.37259276459,1.34879727903599,0.7414012583971984,0.0
2010-06-16 00:00:00+00:00,0.7466093660031627,46.5,131886.29006014537,1.340921217167676,0.7457559677608969,0.0
2010-06-17 00:00:00+00:00,0.7473765797344941,46.63999938964844,132182.41131330293,1.339897873193699,0.7463255371966975,0.0
2010-06-18 00:00:00+00:00,0.7479789839715603,46.86000061035156,132788.93632053552,1.3397265555045732,0.7464209736615812,0.0
2010-06-21 00:00:00+00:00,0.7469852003330256,46.33000183105469,131667.9035568107,1.3436129067369504,0.7442619782721228,0.0
2010-06-22 00:00:00+00:00,0.7453664067050849,46.150001525878906,131287.17392597982,1.3449531109846211,0.743520344190969,0.0
2010-06-23 00:00:00+00:00,0.7438916981332719,45.689998626708984,130314.19372013479,1.348426068653695,0.7416053599426677,0.0
2010-06-24 00:00:00+00:00,0.7431064548245886,45.20000076293945,129277.76933408329,1.3522032373802477,0.73953380110034,0.0
2010-06-25 00:00:00+00:00,0.7401714638759073,44.95000076293945,128890.166075402,1.3556470818011068,0.7376551120306358,0.0
2010-06-28 00:00:00+00:00,0.7390255871214344,44.810001373291016,128594.04482224442,1.3567582260291022,0.7370509946541869,0.0
2010-06-29 00:00:00+00:00,0.7383421440846376,43.06999969482422,124913.6610804456,1.3711710404357873,0.729303617499228,0.0
2010-06-30 00:00:00+00:00,0.7306717731897692,42.63999938964844,124004.14119220505,1.3749140906924564,0.7273181697456922,0.0
2010-07-01 00:00:00+00:00,0.727643362871973,41.77000045776367,122163.95335565512,1.3827229213095593,0.7232106914470707,0.0
2010-07-02 00:00:00+00:00,0.7270854156297942,42.09000015258789,122840.80423964358,1.3798131751091007,0.7247357961493089,0.0
2010-07-06 00:00:00+00:00,0.7265251776839687,42.25,123179.22968163781,1.3783748307289216,0.725492063338949,0.0
2010-07-07 00:00:00+00:00,0.7271319911283685,42.70000076293945,124131.053758715,1.3743872672754596,0.7275969617954678,0.0
2010-07-08 00:00:00+00:00,0.7333225389639304,43.68000030517578,126203.91059951701,1.3659875569278024,0.7320710902001678,0.0
2010-07-09 00:00:00+00:00,0.7343859537032885,44.08000183105469,127049.97823885208,1.3626664231904466,0.7338553170325235,0.0
2010-07-12 00:00:00+00:00,0.7362266426694646,44.459999084472656,127853.73362065152,1.3595667325121485,0.7355284415883311,0.0
2010-07-13 00:00:00+00:00,0.7367912275640082,44.79999923706055,128572.8886934766,1.3568378765746123,0.7370077274998669,0.0
2010-07-14 00:00:00+00:00,0.739280964783696,45.2400016784668,129503.56471048498,1.353367285702513,0.7388977187230551,0.0
2010-07-15 00:00:00+00:00,0.7402552755343978,44.9900016784668,128974.77445307531,1.355330873569368,0.7378272121599526,0.0
2010-07-16 00:00:00+00:00,0.740423966136336,44.29999923706055,127515.30817865727,1.3608653921809342,0.7348265344578949,0.0
2010-07-19 00:00:00+00:00,0.7350023644844892,44.099998474121094,127092.27435898974,1.3625019762229265,0.7339438895877127,0.0
2010-07-20 00:00:00+00:00,0.7366611597299568,43.86000061035156,126584.6402303479,1.3644855534845557,0.7328769421165724,0.0
2010-07-21 00:00:00+00:00,0.7389829674016798,44.560001373291016,128065.25456483476,1.3587597869303265,0.7359652600988237,0.0
2010-07-22 00:00:00+00:00,0.7363136607583282,45.2400016784668,129503.56471048498,1.353367285702513,0.7388977187230551,0.0
2010-07-23 00:00:00+00:00,0.7411385234233532,45.380001068115234,129799.68596364255,1.3522771313799993,0.7394933899233359,0.0
2010-07-26 00:00:00+00:00,0.7423484266610971,45.90999984741211,130920.71872736738,1.3482103387373041,0.7417240257455464,0.0
2010-07-27 00:00:00+00:00,0.743916785429151,46.209999084472656,131555.26542251918,1.3459497276568575,0.7429698000243175,0.0
2010-07-28 00:00:00+00:00,0.7438347139289401,45.880001068115234,130857.2664784619,1.3484380171343722,0.7415987885932986,0.0
2010-07-29 00:00:00+00:00,0.7423068854239847,45.25,129524.7127705538,1.3532892065921975,0.7389403500218277,0.0
2010-07-30 00:00:00+00:00,0.7408867735598507,45.06999969482422,129143.98313972293,1.3547001709905224,0.7381707195539995,0.0
2010-08-02 00:00:00+00:00,0.7413060850685527,46.209999084472656,131555.26542251918,1.3459497276568575,0.7429698000243175,0.0
2010-08-03 00:00:00+00:00,1.2217375660635936,46.25,130945.03131098014,0.8168496376054128,1.2242155152709508,29359.907667562202
2010-08-04 00:00:00+00:00,1.2229173942264437,46.5,131810.16621009354,0.8178257653063392,1.2227543352408596,29361.285952116596
2010-08-05 00:00:00+00:00,1.220206521033202,46.52000045776367,131878.1105021628,0.8178955395299319,1.222650022733623,29362.664301373792
2010-08-06 00:00:00+00:00,1.2208506351463047,46.04999923706055,130247.6830718829,0.8160282863272691,1.2254477164029935,29364.04271533683
2010-08-09 00:00:00+00:00,1.2212671049894113,46.790000915527344,132811.19759120065,0.8189294194549895,1.2211064546508976,29365.413037330214
2010-08-10 00:00:00+00:00,1.2194456186260774,46.279998779296875,131042.13290628913,0.8169254920783972,1.2241018424530128,29366.783423271954
2010-08-11 00:00:00+00:00,1.22181373417009,45.209999084472656,127332.08708805323,0.8125838627112681,1.2306422092402858,29368.153873165043
2010-08-12 00:00:00+00:00,1.2294554710810937,44.45000076293945,124696.53047133065,0.8093706117722282,1.2355279342430812,29369.516229191933
2010-08-13 00:00:00+00:00,1.2317276956592542,44.709999084472656,125596.32778726668,0.8104703186181202,1.233851477380485,29370.886806615963
2010-08-16 00:00:00+00:00,1.2337869459566593,44.29999923706055,124173.86789496524,0.8087072273540227,1.2365414406791697,29372.26560657994
2010-08-17 00:00:00+00:00,1.2332856018621898,45.029998779296875,126702.69778098853,0.8117994651153659,1.2318313117610746,29373.652630233588
2010-08-18 00:00:00+00:00,1.2296949253038203,45.11000061035156,126978.60125714233,0.8121243641278849,1.2313385045083198,29375.03971938557
2010-08-19 00:00:00+00:00,1.2285930205244697,44.560001373291016,125070.89590254141,0.8097965070666152,1.2348781345357647,29376.418714305728
2010-08-20 00:00:00+00:00,1.2329415077351373,44.540000915527344,125000.19420155867,0.809702164161972,1.23502201705856,29377.797773962036
2010-08-23 00:00:00+00:00,1.2325714793415998,44.459999084472656,124721.5163513579,0.8093507376020972,1.2355582734906114,29379.185058856925
2010-08-24 00:00:00+00:00,1.2354274183586442,43.470001220703125,121288.7523588001,0.8049996846738332,1.242236511440593,29380.564248377737
2010-08-25 00:00:00+00:00,1.2409968609273572,43.27000045776367,120594.15991321142,0.8040891659841749,1.2436431708118312,29381.943502643844
2010-08-26 00:00:00+00:00,1.2381669622514393,43.5,121389.97113653831,0.8051158660113568,1.2420572519010502,29383.322821658272
2010-08-27 00:00:00+00:00,1.2417811021587357,42.970001220703125,119551.5880344182,0.8027028727645634,1.2457909818560033,29384.702205424066
2010-08-30 00:00:00+00:00,1.238194650458494,43.599998474121094,121733.8122889427,0.8055445852479872,1.2413962160668606,29386.081653944264
2010-08-31 00:00:00+00:00,1.2413274896813444,43.18000030517578,120276.69697363528,0.803643961705489,1.2443321267266232,29387.461167221907
2010-09-01 00:00:00+00:00,1.2423764358674703,44.06999969482422,123360.08588757647,0.8076002589459718,1.2382363538430958,29388.85707162735
2010-09-02 00:00:00+00:00,1.4530502417605742,44.72999954223633,125571.56783239325,0.6879836942593146,1.453522820881101,56949.57166580951
2010-09-03 00:00:00+00:00,1.4458442395240876,45.54999923706055,128914.91002074238,0.6935862870173714,1.4417816769421714,56952.24513181271
2010-09-07 00:00:00+00:00,1.4354415498701592,45.630001068115234,129238.68457400295,0.6941091545858756,1.4406955928950786,56954.91872332029
2010-09-08 00:00:00+00:00,1.439723746082768,45.81999969482422,130011.2860311423,0.6953631860703725,1.4380974144621994,56957.6082611489
2010-09-09 00:00:00+00:00,1.4322636259697417,46.31999969482422,132048.86639495383,0.6986374333906245,1.431357600102823,56960.28210442559
2010-09-10 00:00:00+00:00,1.429896303394274,46.25,131760.57390473562,0.6981672341903262,1.4323215857583365,56962.9402509238
2010-09-13 00:00:00+00:00,1.42768583775102,46.939998626708984,134573.46083624678,0.7025901729261357,1.423304849020613,56965.59852146885
2010-09-14 00:00:00+00:00,1.4193629226822118,47.08000183105469,135142.0866949934,0.7034607515386964,1.421543416335135,56968.256916066515
2010-09-15 00:00:00+00:00,1.4168860384315065,47.189998626708984,135588.25520202133,0.7041380766806461,1.420176003993516,56970.9312592384
2010-09-16 00:00:00+00:00,1.4132120755126703,47.540000915527344,137013.73636729084,0.7063023418568379,1.4158242734563837,56973.63737847321
2010-09-17 00:00:00+00:00,1.4109290277529676,47.75,138210.6958574662,0.7093392638661012,1.4097626494686264,56633.58091945787
2010-09-20 00:00:00+00:00,1.406879595222411,48.11000061035156,139676.9912820207,0.7115005356643169,1.4054803192330918,56636.27101455155
2010-09-21 00:00:00+00:00,1.3971271323337575,48.61000061035156,141714.55526623572,0.714454463748418,1.3996693291738347,56638.961237424744
2010-09-22 00:00:00+00:00,1.3972671803586325,48.41999816894531,140936.57408774947,0.7133204320889425,1.4018945133416731,56641.63585503874
2010-09-23 00:00:00+00:00,1.3987771648929868,48.31999969482422,140525.83899499042,0.7127135018698757,1.4030883340590563,56644.326332741846
2010-09-24 00:00:00+00:00,1.3990329406544821,49.150001525878906,143909.9935794252,0.7175516053929639,1.393627987846748,56647.001203707565
2010-09-27 00:00:00+00:00,1.3880169554734485,49.349998474121094,144723.39207697992,0.7186829003793835,1.3914342465531222,56649.69193626473
2010-09-28 00:00:00+00:00,1.3909932707508637,48.59000015258789,141619.55314288783,0.7142693944624119,1.4000319875845173,56652.351324580624
2010-09-29 00:00:00+00:00,1.391239184919469,49.11000061035156,143738.75987300865,0.7172815769831653,1.394152634180189,56655.01083774003
2010-09-30 00:00:00+00:00,1.3921487874418128,48.75,142267.11471535166,0.7151804365588749,1.3982485382451848,56657.670475748804
2010-10-01 00:00:00+00:00,1.3946265617161302,48.779998779296875,142386.92817679077,0.7153425490170325,1.3979316641714117,56660.267285645605
2010-10-04 00:00:00+00:00,1.6588556779208221,48.20000076293945,139318.3169905938,0.5961316317244708,1.6774818627007453,94385.63290312038
2010-10-05 00:00:00+00:00,1.6709437405287195,49.0,143192.7598633295,0.6027066345244362,1.6591820011887657,94390.0900024519
2010-10-06 00:00:00+00:00,1.6447725213545745,48.90999984741211,142751.9251506629,0.6019567724035328,1.66124885680268,94394.5473122576
2010-10-07 00:00:00+00:00,1.6541390682353365,49.0,143183.87125394167,0.6026692218517923,1.65928500036446,94398.97861183973
2010-10-08 00:00:00+00:00,1.6502569575493242,49.08000183105469,143567.36521350686,0.6032983707024077,1.6575546173541311,94403.38389750829
2010-10-11 00:00:00+00:00,1.643005010767738,49.619998931884766,146181.20564336993,0.6075972245690199,1.645827136075743,94407.78938875685
2010-10-12 00:00:00+00:00,1.6426298313697663,49.2599983215332,144431.29033508804,0.6047110310783499,1.653682417892645,94412.19508559498
2010-10-13 00:00:00+00:00,1.6355470845686164,50.279998779296875,149372.4888330567,0.6127119509026331,1.6320882896552338,94416.60098803233
2010-10-14 00:00:00+00:00,1.6272021016400013,50.16999816894531,148834.73051084118,0.6118446864811276,1.6344017069940593,94421.00709607842
2010-10-15 00:00:00+00:00,1.629276677526955,50.630001068115234,151060.68163710518,0.6153532462551768,1.625082838330094,94425.43963780043
2010-10-18 00:00:00+00:00,1.608291772311716,51.29999923706055,154304.79560460057,0.6203589575131572,1.6119699536679795,94429.89861689445
2010-10-19 00:00:00+00:00,1.6119699536679792,50.41999816894531,150033.56342817008,0.6137147923885716,1.629421373579754,94434.33157602395
2010-10-20 00:00:00+00:00,1.6213887828362141,50.869998931884766,152211.01727524248,0.6171139338928208,1.6204463148188746,94438.76474325627
2010-10-21 00:00:00+00:00,1.6141856258110752,50.790000915527344,151818.7031507179,0.6164928572718384,1.6220788095182368,94443.19811860115
2010-10-22 00:00:00+00:00,1.6123012851843606,51.209999084472656,153850.68511656573,0.6196203304468783,1.613891524958174,94447.6317020684
2010-10-25 00:00:00+00:00,1.6056835855671552,51.849998474121094,156949.37130262016,0.6242978294105661,1.6017995784866894,94452.06549366773
2010-10-26 00:00:00+00:00,1.6010568246715655,51.41999816894531,154860.02509988265,0.6211382312203524,1.6099475925597053,94456.49949340898
2010-10-27 00:00:00+00:00,1.5985165429260593,51.65999984741211,156019.27013163693,0.6228806418398483,1.6054440174063311,94460.93370130187
2010-10-28 00:00:00+00:00,1.595633436932577,51.84000015258789,156887.59052130452,0.624172444084267,1.602121352004117,94465.36811735618
2010-10-29 00:00:00+00:00,1.593681383762094,52.16999816894531,158483.19404353312,0.6265321860494327,1.5960871959435154,94469.80274158169
2010-11-01 00:00:00+00:00,1.595904846066476,51.97999954223633,157557.50000616568,0.6251493764793422,1.5996176875864558,94474.26381560005
2010-11-02 00:00:00+00:00,1.595221534167705,52.58000183105469,160462.22757257643,0.629409382408967,1.5887910602359543,94478.72510028024
2010-11-03 00:00:00+00:00,1.5852542307605546,52.36000061035156,159391.06164888572,0.6278346967092499,1.5927759412492295,94483.18659563219
2010-11-04 00:00:00+00:00,1.581109013956422,53.5,164914.03471505464,0.6357477437971155,1.5729509223694977,94487.64830166587
2010-11-05 00:00:00+00:00,1.5701014935482354,53.5099983215332,164958.07720252546,0.635798707759042,1.5728248387365151,94492.08397182226
2010-11-08 00:00:00+00:00,1.5701435154528431,53.45000076293945,164662.76163406885,0.6353728771284597,1.5738789551726804,94496.49360240762
2010-11-09 00:00:00+00:00,1.5690199154623687,53.209999084472656,163494.6725580535,0.6337111476673648,1.5780060105947518,94500.90343877573
2010-11-10 00:00:00+00:00,1.5739211063820164,53.099998474121094,162956.93655197465,0.6329353260365563,1.5799402543416312,94505.28723068524
2010-11-11 00:00:00+00:00,1.5694355378310783,52.65999984741211,160819.1621960824,0.6298511611113747,1.5876766794166042,94509.67122595399
2010-11-12 00:00:00+00:00,1.5751905962842705,52.11000061035156,158148.03542265212,0.625927043080897,1.5976302846380717,94514.05542459141
2010-11-15 00:00:00+00:00,1.5903900648026965,52.290000915527344,159016.35331854987,0.6271972316429002,1.5943947924970403,94518.49233441552
2010-11-16 00:00:00+00:00,1.5940325266609687,50.849998474121094,152029.8252443889,0.616621757288007,1.6217397264704814,94522.98196280141
2010-11-17 00:00:00+00:00,1.6100657249861705,51.349998474121094,154449.65019729448,0.6203367159020163,1.612027749390788,94527.47180444463
2010-11-18 00:00:00+00:00,1.607261814989631,52.130001068115234,158227.13005682768,0.6259998217851228,1.5974445442306442,94531.9356017243
2010-11-19 00:00:00+00:00,1.5920022556307767,52.13999938964844,158271.14420638478,0.6260538820054615,1.5973066037010473,94536.39960979437
2010-11-22 00:00:00+00:00,1.5913285138775448,52.16999816894531,158412.10669633903,0.6262511561818385,1.5968034392093637,94540.89008877582
2010-11-23 00:00:00+00:00,1.5835853784191878,51.77000045776367,156468.2277887699,0.6233457278275648,1.604246175689887,94545.32825833833
2010-11-24 00:00:00+00:00,1.5986806243029679,52.560001373291016,160294.18496270882,0.6289894950933215,1.589851671293227,94549.79289883943
2010-11-26 00:00:00+00:00,1.5800266094808835,52.66999816894531,160823.05382949283,0.6297468355144968,1.5879396983122749,94554.25775017076
2010-11-29 00:00:00+00:00,1.5861724156358505,52.099998474121094,158054.87138122,0.6256784077111553,1.5982651593462858,94558.72281234228
2010-11-30 00:00:00+00:00,1.5869220316880122,51.880001068115234,156983.7201759136,0.6240733438586223,1.6023757621452588,94563.18808536399
2010-12-01 00:00:00+00:00,1.598493887460328,52.84000015258789,161633.93465851247,0.6308857637323584,1.5850730155709005,94567.6535692458
2010-12-02 00:00:00+00:00,1.5789940911346467,53.209999084472656,163423.45673283158,0.6334351126037915,1.5786936658585453,94572.11926399768
2010-12-03 00:00:00+00:00,1.569901255391228,53.5,164825.12411712407,0.6354049912100985,1.5737994095632577,94576.55889959645
2010-12-06 00:00:00+00:00,1.5676213120388889,53.68000030517578,165693.4653500973,0.6366105974000119,1.570818965446241,94580.9724723451
2010-12-07 00:00:00+00:00,1.5679934272650005,53.81999969482422,166367.85675448697,0.6375389508033448,1.568531614797697,94585.38625106048
2010-12-08 00:00:00+00:00,1.5675391694130365,53.689998626708984,165733.1420180358,0.6366444590330433,1.570735417251307,94589.77396203378
2010-12-09 00:00:00+00:00,1.564296905575608,53.95000076293945,166989.40815447713,0.638378810009632,1.5664680348411184,94594.16187654813
2010-12-10 00:00:00+00:00,1.563522834499499,54.09000015258789,167663.85149567339,0.6392981507880431,1.5642153802061385,94598.52371845688
2010-12-13 00:00:00+00:00,1.5577634263826452,54.27000045776367,168532.24425835704,0.64047793331754,1.5613340413153844,94602.88576149502
2010-12-14 00:00:00+00:00,1.5608499956815147,54.22999954223633,168333.9061129841,0.6401960539565376,1.5620214992263748,94607.27428425117
2010-12-15 00:00:00+00:00,1.5592828720433565,54.029998779296875,167359.73521002207,0.6388472282441094,1.56531946260224,94611.71557018285
2010-12-16 00:00:00+00:00,1.563198288703231,54.060001373291016,167500.73889955427,0.6390306183393509,1.5648702445568263,94616.18334564034
2010-12-17 00:00:00+00:00,1.5564936742454454,54.40999984741211,169586.02286759793,0.6428243554955964,1.5556348969214664,94227.9123353592
2010-12-20 00:00:00+00:00,1.5538928901547449,54.15999984741211,168369.41581890773,0.641158705115454,1.5596762424366195,94232.36198677502
2010-12-21 00:00:00+00:00,1.553302709312521,54.619998931884766,170595.30495364527,0.6441638958004622,1.5523999505705959,94236.8380239694
2010-12-22 00:00:00+00:00,1.5481931681323446,54.790000915527344,171415.1315288332,0.6452512300299189,1.5497839499719082,94241.28809687609
2010-12-23 00:00:00+00:00,1.5483879000115974,54.61000061035156,170537.95261819797,0.6440652324007139,1.552637760421504,94245.71220178952
2010-12-27 00:00:00+00:00,1.5506026723992472,54.209999084472656,168594.06907153677,0.6414220495966816,1.5590358963007085,94250.1365143901
2010-12-28 00:00:00+00:00,1.5501752207727768,54.54999923706055,170238.17935137457,0.6436402719518479,1.5536628821678395,94254.5610346876
2010-12-29 00:00:00+00:00,1.5517770499336432,54.72999954223633,171106.5356109148,0.6447957202847842,1.5508787799620232,94258.95958086924
2010-12-30 00:00:00+00:00,1.5499437363669781,54.54999923706055,170229.38205374585,0.6436070109344911,1.5537431740341685,94263.35833231633
2010-12-31 00:00:00+00:00,1.5520136389033423,54.209999084472656,168576.42211262207,0.6413549111224843,1.5591990996838605,94267.7834733047
2011-01-03 00:00:00+00:00,1.5552068563469552,54.95000076293945,172160.14791106642,0.6461686994159532,1.5475834730216134,94272.05170905641
2011-01-04 00:00:00+00:00,1.7507279971018748,54.91999816894531,171681.28328721342,0.5681255835209619,1.7601742097275284,130507.68384786537
2011-01-05 00:00:00+00:00,1.751741549949546,55.06999969482422,172500.55359296952,0.5692818384058698,1.7565991614983676,130513.77420644494
2011-01-06 00:00:00+00:00,1.740767888665349,55.68000030517578,175850.89886677417,0.5739806786191123,1.7422189234763246,130519.86484924123
2011-01-07 00:00:00+00:00,1.736686776016395,55.31999969482422,173863.99539269527,0.5711884227246314,1.7507357646184252,130525.9195207495
2011-01-10 00:00:00+00:00,1.7378919713451852,55.58000183105469,175288.56279319339,0.5731745956634205,1.74466908960358,130531.97447312728
2011-01-11 00:00:00+00:00,1.7331620269555026,55.95000076293945,177318.3706115558,0.5759775350729351,1.7361788248796397,130538.02970638758
2011-01-12 00:00:00+00:00,1.7314126036205322,56.20000076293945,178687.9022114303,0.5778441735453999,1.73057036097541,130544.08522054339
2011-01-13 00:00:00+00:00,1.7225604012197269,56.40999984741211,179837.37081684673,0.5793963512428133,1.7259342380306435,130550.10475336191
2011-01-14 00:00:00+00:00,1.7221778857055454,56.459999084472656,180106.46423130826,0.5797494475594047,1.7248830580343655,130556.12456374777
2011-01-18 00:00:00+00:00,1.7131185167174323,56.4900016784668,180265.52887008543,0.5799532803099751,1.7242768235839914,130562.14465171378
2011-01-19 00:00:00+00:00,1.7097616724400173,56.31999969482422,179323.98955050608,0.5786655904237628,1.728113813139796,130568.27381905992
2011-01-20 00:00:00+00:00,1.7238935950590843,55.68000030517578,175796.3967108439,0.5738027825455142,1.7427590635998347,130574.36700517149
2011-01-21 00:00:00+00:00,1.7328951618088833,55.650001525878906,175625.23950343396,0.5735531360632441,1.7435176222098676,130580.46047563173
2011-01-24 00:00:00+00:00,1.7428194733646374,55.68000030517578,175784.24575791162,0.5737631216040298,1.7428795305009657,130586.51795810377
2011-01-25 00:00:00+00:00,1.7253957977651428,56.04999923706055,177814.01477202954,0.5765570494890807,1.734433740574598,130592.6119956085
2011-01-26 00:00:00+00:00,1.7236846362404932,56.45000076293945,180008.90450422795,0.5795380385276692,1.7255122761924737,130598.67004177606
2011-01-27 00:00:00+00:00,1.7171818312676386,56.91999816894531,182588.9356783517,0.5829905155768534,1.7152937711354137,130604.72836896966
2011-01-28 00:00:00+00:00,1.7097328662576528,55.470001220703125,174604.48860057804,0.5720699538057107,1.7480379686915442,130610.78697720233
2011-01-31 00:00:00+00:00,1.7419588163028452,55.38999938964844,174158.2317597026,0.5714319986928517,1.7499895040660935,130616.84586648711
2011-02-01 00:00:00+00:00,1.735808750771321,56.36000061035156,179489.4573085243,0.578788462191756,1.7277469495732523,130622.90503683702
2011-02-02 00:00:00+00:00,1.7126722991202916,56.84000015258789,182124.4863131189,0.5823259974182665,1.7172511693338177,130629.00077240543
2011-02-03 00:00:00+00:00,1.7146602329642342,56.400001525878906,179697.36452871512,0.5790479144969306,1.7269728030516907,130635.09679244147
2011-02-04 00:00:00+00:00,1.7125722515733321,56.900001525878906,182442.47873978573,0.5827276102110596,1.7160676488931208,130641.15680943154
2011-02-07 00:00:00+00:00,1.705849434272468,57.400001525878906,185187.5926697388,0.5863431988397048,1.7054858007714033,130647.21710753911
2011-02-08 00:00:00+00:00,1.7002840392137513,57.560001373291016,186061.90700388837,0.5874739071497765,1.7022032601441988,130653.27768677715
2011-02-09 00:00:00+00:00,1.69257707533179,57.75,187101.32108642132,0.588812166590052,1.6983344719101718,130659.3022545816
2011-02-10 00:00:00+00:00,1.6946572903334627,57.4900016784668,185664.73117198562,0.5869336397825204,1.7037701236046638,130665.29080593493
2011-02-11 00:00:00+00:00,1.6928869408397844,57.77000045776367,187199.39319713705,0.5889168432279388,1.6980326025638097,130671.27963176354
2011-02-14 00:00:00+00:00,1.6845515614019055,58.380001068115234,190549.84001342155,0.5931935220460748,1.685790493043057,130677.26873207999
2011-02-15 00:00:00+00:00,1.6818526203849025,58.22999954223633,189718.489974269,0.5921268879163807,1.6888272098550918,130683.25810689687
2011-02-16 00:00:00+00:00,1.68347509254628,58.630001068115234,191913.41180240002,0.594890911531512,1.6809804631668657,130689.28405713181
2011-02-17 00:00:00+00:00,1.6761341038019246,58.54999923706055,191467.22392529013,0.594318783746215,1.682598678265936,130695.2739826511
2011-02-18 00:00:00+00:00,1.6765712671115975,58.5099983215332,191241.13474943727,0.5940228294992116,1.683436983125793,130701.26418270863
2011-02-22 00:00:00+00:00,1.6791381558104608,56.939998626708984,182596.458877902,0.5828097497394522,1.7158257912587336,130707.254657317
2011-02-23 00:00:00+00:00,1.7138896809852415,56.130001068115234,178133.57931273986,0.5767699877590788,1.7337934033032723,130713.2454064888
2011-02-24 00:00:00+00:00,1.7241747463627586,56.13999938964844,178182.60253804404,0.576825968835817,1.733625138303424,130719.23643023659
2011-02-25 00:00:00+00:00,1.7176685535999587,57.119998931884766,183568.91020793136,0.5840672416391588,1.7121316326413796,130725.22772857298
2011-02-28 00:00:00+00:00,1.7009953033557126,57.43000030517578,185268.65421271708,0.5862934442104311,1.7056305334382733,130731.21930151054
2011-03-01 00:00:00+00:00,1.6985764724506718,56.70000076293945,181245.91419674485,0.5809477448473555,1.721325211896211,130737.24746328947
2011-03-02 00:00:00+00:00,1.435439921589383,56.790000915527344,179106.21782891764,0.6963695507568576,1.4360191351174645,78093.73819192487
2011-03-03 00:00:00+00:00,1.4321941182510984,57.66999816894531,183088.09405820505,0.700988917289849,1.4265560771861876,78097.33918096373
2011-03-04 00:00:00+00:00,1.4203177301907746,57.59000015258789,182722.20633908373,0.7005598385959663,1.427429813853103,78100.91864234285
2011-03-07 00:00:00+00:00,1.4234415309917579,56.66999816894531,178551.96945150004,0.6956846676733359,1.4374328578268418,78104.49826778063
2011-03-08 00:00:00+00:00,1.4317383172763662,56.77000045776367,179001.31827565824,0.6962068906596972,1.4363546431613752,78108.05636159061
2011-03-09 00:00:00+00:00,1.4292945571090483,56.720001220703125,178771.31519908938,0.6959252423924599,1.436935950996961,78111.61461749152
2011-03-10 00:00:00+00:00,1.433531243134003,55.90999984741211,175099.28849039305,0.6915058778050647,1.4461193058461606,78115.17303549076
2011-03-11 00:00:00+00:00,1.4434810514339735,55.81999969482422,174688.12232243287,0.6909944077910749,1.4471897148874673,78118.73161559572
2011-03-14 00:00:00+00:00,1.439554444837266,55.86000061035156,174865.74804704977,0.6912017032443282,1.4467556941862987,78122.26865816608
2011-03-15 00:00:00+00:00,1.4418350362106318,54.470001220703125,168566.92983531643,0.6833071696716169,1.4634706679290064,78125.82756151607
2011-03-16 00:00:00+00:00,1.4511081294144361,53.77000045776367,165393.0914505904,0.67916971261231,1.4723860346387818,78129.38662699387
2011-03-17 00:00:00+00:00,1.4675212034032796,54.130001068115234,167019.9625743983,0.6812889296100938,1.4678060313886307,78132.94585460689
2011-03-18 00:00:00+00:00,1.4613014525731909,54.40999984741211,168546.05576046254,0.6839759870322796,1.4620396314480641,77874.95748558898
2011-03-21 00:00:00+00:00,1.4615435385300761,54.5,168950.09407943307,0.6844834019192658,1.4609558057887706,77878.52675447369
2011-03-22 00:00:00+00:00,1.4489217715057199,55.279998779296875,172479.13385687134,0.6889211589592409,1.4515449075634554,77882.07455402585
2011-03-23 00:00:00+00:00,1.4501265417345879,54.81999969482422,170392.26590294042,0.6862965807731218,1.457095996126758,77885.62251519998
2011-03-24 00:00:00+00:00,1.4465328744446742,55.81999969482422,174917.68330002512,0.6919024566592775,1.445290431296218,77889.17063800346
2011-03-25 00:00:00+00:00,1.435370526102457,56.72999954223633,179035.51458349865,0.6968308901555885,1.4350684134808085,77892.69728656289
2011-03-28 00:00:00+00:00,1.4338611399654178,56.5,177990.327778882,0.6955829701701004,1.4376430172743537,77896.22409480116
2011-03-29 00:00:00+00:00,1.4373092107513907,56.22999954223633,176763.97804739204,0.6941073967033551,1.440699241571944,77899.75106272545
2011-03-30 00:00:00+00:00,1.4313060984087809,57.08000183105469,180610.08197765885,0.6986489280874479,1.4313340503326912,77903.27819034302
2011-03-31 00:00:00+00:00,1.4284333779031744,57.150001525878906,180923.58089460235,0.6990044075983743,1.430606143723443,77906.80547766108
2011-04-01 00:00:00+00:00,1.4276090051714143,57.290000915527344,181554.1707784376,0.6997266046613311,1.4291295962428092,77910.26800234898
2011-04-04 00:00:00+00:00,1.4273174732146354,57.02000045776367,180327.8636945529,0.69829126101243,1.4320671843295478,77913.75232266798
2011-04-05 00:00:00+00:00,1.429371251001255,57.0,180233.8411202317,0.6981720657289749,1.43231167370737,77917.19351339556
2011-04-06 00:00:00+00:00,1.4310120146649228,56.93000030517578,179913.3735732566,0.6977875985764087,1.433100849083804,77920.63485610906
2011-04-07 00:00:00+00:00,1.429532698885981,56.810001373291016,179366.43940900016,0.6971357797238118,1.4344407920020625,77924.09799543601
2011-04-08 00:00:00+00:00,1.4299893651959918,56.650001525878906,178638.34232363908,0.696266884291719,1.4362308800845167,77927.56128868026
2011-04-11 00:00:00+00:00,1.432938043075355,56.560001373291016,178227.29293516028,0.6957701378453067,1.4372562799214788,77931.00308930383
2011-04-12 00:00:00+00:00,1.4350453108655283,56.150001525878906,176366.97581043496,0.6935351568987809,1.4418879707145786,77934.44504194027
2011-04-13 00:00:00+00:00,1.439405609919716,56.400001525878906,177495.79673420795,0.6948802095346165,1.4390969641655675,77937.86549813935
2011-04-14 00:00:00+00:00,1.4341124509476735,56.22999954223633,176722.443005659,0.6939442991084279,1.4410378488371316,77941.28610445844
2011-04-15 00:00:00+00:00,1.4352377210585268,56.279998779296875,176945.445419524,0.6942026940103739,1.4405014682715367,77944.72851126138
2011-04-18 00:00:00+00:00,1.4363689157635584,55.31999969482422,172594.13515404012,0.6888820216016912,1.4516273739804404,77948.23602404438
2011-04-19 00:00:00+00:00,1.4408685406191595,56.099998474121094,176123.258364985,0.6931940842496235,1.4425974236097114,77951.7003900899
2011-04-20 00:00:00+00:00,1.4369790205230444,57.529998779296875,182596.19426728826,0.7008068569245962,1.4269266776132523,77955.18656335735
2011-04-21 00:00:00+00:00,1.4232523526955463,58.15999984741211,185445.98270731652,0.70403462509165,1.4203846861506586,77958.65123831572
2011-04-25 00:00:00+00:00,1.4185447754248537,58.279998779296875,185985.98890330215,0.7046308929705906,1.419182738049121,77962.11606725966
2011-04-26 00:00:00+00:00,1.417050025968395,58.5099983215332,187024.1839167442,0.7057788965550316,1.4168743283216418,77965.58105019598
2011-04-27 00:00:00+00:00,1.413768181683259,58.65999984741211,187700.0921755507,0.7065182980359979,1.4153915090095075,77969.02453002568
2011-04-28 00:00:00+00:00,1.4098535174803568,58.880001068115234,188693.02648653171,0.707601959283379,1.4132238992282413,77972.46816194242
2011-04-29 00:00:00+00:00,1.4107591630887477,58.97999954223633,189142.47234385705,0.7080848173244677,1.4122601919054667,77975.9119459529
2011-05-02 00:00:00+00:00,1.4112753815496242,58.81999969482422,188414.39461562934,0.7072778331459427,1.413871541190597,77979.35588206384
2011-05-03 00:00:00+00:00,1.7511824521998018,58.33000183105469,185368.39623747586,0.5663170334053037,1.7657953778768236,141954.26104309858
2011-05-04 00:00:00+00:00,1.7575397060323654,58.11000061035156,184127.57521249657,0.564655907038089,1.7709900623293129,141960.53068962798
2011-05-05 00:00:00+00:00,1.7596459464125382,58.08000183105469,183952.9651579694,0.5644118107497638,1.771755978443473,141966.80061306676
2011-05-06 00:00:00+00:00,1.7670760514481512,58.310001373291016,185237.3525776132,0.5661107939591552,1.766438673614391,141973.07081342716
2011-05-09 00:00:00+00:00,1.762741647300917,58.34000015258789,185399.4222314073,0.5663147488150235,1.765802501334169,141979.34129072144
2011-05-10 00:00:00+00:00,1.7577749681833474,58.779998779296875,187862.2328276413,0.569542095690209,1.7557964680172298,141985.61204496177
2011-05-11 00:00:00+00:00,1.7466522479283944,58.36000061035156,185499.11433550247,0.5664250797780748,1.7654585499494475,141991.88307616042
2011-05-12 00:00:00+00:00,1.7563069331752388,58.2400016784668,184819.46109655403,0.565512543822365,1.7683073716471147,141998.1543843296
2011-05-13 00:00:00+00:00,1.7485346254146352,58.38999938964844,185654.9115732697,0.566609555416825,1.7648837553831092,142004.42596948158
2011-05-16 00:00:00+00:00,1.7644216398745014,57.27000045776367,179363.6917421901,0.5581144533017957,1.7917471839046937,142010.69783162855
2011-05-17 00:00:00+00:00,1.7885400269971732,56.97999954223633,177730.02086701308,0.5558457281322652,1.7990603316502363,142017.0094181989
2011-05-18 00:00:00+00:00,1.7846905206168715,57.40999984741211,180136.72355801717,0.5591529691515776,1.7884193685268899,142023.28183611482
2011-05-19 00:00:00+00:00,1.7732439857120228,57.849998474121094,182599.4927626321,0.5624865430074281,1.777820309537244,142029.59398197423
2011-05-20 00:00:00+00:00,1.769309151645459,57.689998626708984,181695.37007905042,0.5612537478412746,1.781725295993578,142035.86695570842
2011-05-23 00:00:00+00:00,1.7797985583948455,56.650001525878906,175853.04496305616,0.5531792595219769,1.8077322726526983,142042.1796609065
2011-05-24 00:00:00+00:00,1.8008325085265502,56.560001373291016,175341.69017760264,0.5524483732210563,1.810123892970286,142048.4926466692
2011-05-25 00:00:00+00:00,1.809864750565103,56.470001220703125,174830.3351115719,0.5517151563064618,1.8125295065204423,142054.80591300907
2011-05-26 00:00:00+00:00,1.8042687834214044,56.61000061035156,175609.67684462416,0.5528040370753018,1.808959292863815,142061.08000027022
2011-05-27 00:00:00+00:00,1.7954869366897517,57.189998626708984,178858.09965104517,0.5573197682297436,1.7943020452627665,142067.35436463688
2011-05-31 00:00:00+00:00,1.7883657228741134,57.66999816894531,181545.3346759493,0.5609847781234295,1.7825795618646483,142073.66846927535
2011-06-01 00:00:00+00:00,1.7662372728571674,57.040000915527344,178003.74909927373,0.5561162012599825,1.7981853392048603,142079.98285454066
2011-06-02 00:00:00+00:00,1.796929199203857,56.88999938964844,177155.69096507586,0.5549260352796936,1.802041959512641,142086.2975204453
2011-06-03 00:00:00+00:00,1.793993817063615,56.27000045776367,173670.2110686634,0.550002084235377,1.818174928173624,142092.61246700177
2011-06-06 00:00:00+00:00,1.816065508525625,55.86000061035156,171363.11515188665,0.5466789280720193,1.8292272642128622,142098.96716439264
2011-06-07 00:00:00+00:00,1.828413464632317,55.75,170739.52395300992,0.5457642905881777,1.8322928363859907,142105.28267404443
2011-06-08 00:00:00+00:00,1.8312000745557055,55.22999954223633,167815.2307277476,0.5414673280751279,1.8468334988094632,142111.55899069586
2011-06-09 00:00:00+00:00,1.8423268582500996,55.22999954223633,167808.9541338922,0.5414470762154513,1.8469025763140006,142117.83558455127
2011-06-10 00:00:00+00:00,1.8396026302027162,54.59000015258789,164211.2784234304,0.536050627229891,1.8654954386820244,142124.11245562293
2011-06-13 00:00:00+00:00,1.8640191617026276,54.45000076293945,163419.38545481692,0.5348371977148423,1.8697278429260773,142130.38960392307
2011-06-14 00:00:00+00:00,1.8640902969659552,55.029998779296875,166667.76571939996,0.5397194040490432,1.8528146153313623,142136.7065101277
2011-06-15 00:00:00+00:00,1.8440053180609755,54.18000030517578,161891.62596258376,0.5324775519625911,1.8780134417201768,142143.0236970837
2011-06-16 00:00:00+00:00,1.874678385320941,53.619998931884766,158742.82380718473,0.5275738031329695,1.8954693998480445,142149.34116480357
2011-06-17 00:00:00+00:00,1.8811410563991247,53.630001068115234,159301.88332463082,0.5293330689395013,1.8891697093541917,141646.40929533736
2011-06-20 00:00:00+00:00,1.88418630051557,53.63999938964844,159351.6941702164,0.529399885094458,1.8889312751202718,141652.70469130605
2011-06-21 00:00:00+00:00,1.875671463506498,54.029998779296875,161533.94517227766,0.5327761364915248,1.8769609438314392,141658.96101909658
2011-06-22 00:00:00+00:00,1.8418659830228523,54.81999969482422,165960.83087584935,0.5394888751638266,1.8536063411804924,141665.21762320824
2011-06-23 00:00:00+00:00,1.853317750685538,54.060001373291016,161689.793225235,0.5329941901803231,1.876193058805536,141671.47450365327
2011-06-24 00:00:00+00:00,1.8389252142414123,54.27000045776367,162861.99915210184,0.5347808634456315,1.8699248016410466,141677.69230725648
2011-06-27 00:00:00+00:00,1.8666400829387642,54.31999969482422,163136.35509622865,0.5351886786114707,1.8684999140760354,141683.9103837522
2011-06-28 00:00:00+00:00,1.8415777083945712,55.290000915527344,168573.3626538935,0.5433232311680606,1.840525018321332,141690.12873315238
2011-06-29 00:00:00+00:00,1.8192530767148145,55.900001525878906,171990.20273987856,0.5482868254555407,1.8238629008989158,141696.347355469
2011-06-30 00:00:00+00:00,1.8132493284368438,56.470001220703125,175182.61413396336,0.5528268493989573,1.808884646408214,141702.52689061756
2011-07-01 00:00:00+00:00,1.794130587680765,56.91999816894531,177701.62192134705,0.5563427541338012,1.7974530854759703,141708.70669526252
2011-07-05 00:00:00+00:00,1.3754817912310888,57.83000183105469,180648.27768910525,0.7266283629569426,1.3762193316134792,67963.37428932144
2011-07-06 00:00:00+00:00,1.3729355917040207,57.939998626708984,181118.17197842523,0.7271353729973042,1.3752597344809785,67966.35712630412
2011-07-07 00:00:00+00:00,1.3712938753608195,58.7400016784668,184554.42756823104,0.7308398851899881,1.3682887596371964,67969.32121465658
2011-07-08 00:00:00+00:00,1.364468321602738,58.369998931884766,182960.81850966805,0.7291218880072426,1.3715127970346526,67972.28543227621
2011-07-11 00:00:00+00:00,1.3658393831132247,57.7599983215332,180335.45653791656,0.7262492190233379,1.376937797392475,67975.24977916868
2011-07-12 00:00:00+00:00,1.3751491580541635,57.459999084472656,179042.7928821437,0.724807962516705,1.3796757923681786,67978.2142553396
2011-07-13 00:00:00+00:00,1.3791295815574192,57.54999923706055,179426.75855334796,0.7252264180487195,1.378879719647529,67981.15997795733
2011-07-14 00:00:00+00:00,1.3769829257492388,56.869998931884766,176500.48581629663,0.7219288734274433,1.385178009645716,67984.10582822305
2011-07-15 00:00:00+00:00,1.3831250142903724,57.310001373291016,178389.1139412475,0.7240518310693674,1.3811165956490696,67987.05180614226
2011-07-18 00:00:00+00:00,1.3762206789943408,56.97999954223633,176967.48725851666,0.7224416397626315,1.3841948538965225,67989.99791172054
2011-07-19 00:00:00+00:00,1.3790384474179576,58.09000015258789,181736.4427492744,0.7277335078960536,1.374129388230445,67992.94414496337
2011-07-20 00:00:00+00:00,1.3675221135956375,58.5,183496.08909368084,0.729629984168306,1.370557709658663,67995.89050587632
2011-07-21 00:00:00+00:00,1.3696915969458234,58.34000015258789,182805.3019493436,0.7288767351255725,1.3719740963164613,67998.8369944649
2011-07-22 00:00:00+00:00,1.3663737077337585,58.91999816894531,185295.7715603823,0.7315339914560345,1.366990477106354,68001.78361073465
2011-07-25 00:00:00+00:00,1.361290560691015,59.02000045776367,185722.735475903,0.7319772609872053,1.3661626573635868,68004.73035469113
2011-07-26 00:00:00+00:00,1.362304904678069,59.31999969482422,187009.48778385628,0.7333211777190735,1.3636589674259865,68007.67722633982
2011-07-27 00:00:00+00:00,1.3610857375501113,57.939998626708984,181073.90487904305,0.7269576538128116,1.375595943938566,68010.62422568629
2011-07-28 00:00:00+00:00,1.374263082286859,57.88999938964844,180855.99173012207,0.7267099108500498,1.3760648988951814,68013.59024457613
2011-07-29 00:00:00+00:00,1.3734021370743565,57.439998626708984,178918.44972010652,0.7245567926868933,1.3801540612043306,68016.57528548132
2011-08-01 00:00:00+00:00,1.3751067839997373,57.029998779296875,177152.81516239236,0.7225641704505716,1.3839601254742908,68019.61713787602
2011-08-02 00:00:00+00:00,1.3775467093711236,56.209999084472656,173624.47439729178,0.7185038382688193,1.3917810131807014,68022.7724923377
2011-08-03 00:00:00+00:00,1.391199824468309,55.349998474121094,169924.18811724155,0.7141169098307355,1.4003309349403676,68025.90909795818
2011-08-04 00:00:00+00:00,1.3860704799120689,54.16999816894531,164848.29596540495,0.7078762930989939,1.4126762115766371,68028.9702638676
2011-08-05 00:00:00+00:00,1.4126762115766376,52.31999969482422,156892.13274549396,0.6975336454774859,1.4336226022695513,68031.97487672091
2011-08-08 00:00:00+00:00,1.4163940348168065,50.59000015258789,149451.86468260785,0.6871766342758828,1.4552299221491387,68034.96072450717
2011-08-09 00:00:00+00:00,1.4552299221491387,49.93000030517578,146611.47725308526,0.6830274026640915,1.4640701033363865,68038.00339913956
2011-08-10 00:00:00+00:00,1.4254013110972905,50.79999923706055,150348.58588249312,0.688442017385214,1.4525551531530874,68041.02731040177
2011-08-11 00:00:00+00:00,1.4517800541660824,51.34000015258789,152667.0301997673,0.6917053240987868,1.445702331846131,68044.05135606
2011-08-12 00:00:00+00:00,1.4246561791323518,52.880001068115234,159284.50148204784,0.7006704339748532,1.4272045051581121,68047.05663499488
2011-08-15 00:00:00+00:00,1.4193942459640851,53.529998779296875,162075.8226576547,0.704291955480814,1.4198657136688557,68050.08094862312
2011-08-16 00:00:00+00:00,1.4108212669078326,53.18000030517578,160568.1518999794,0.7023325555927471,1.4238269207897258,68053.10539666528
2011-08-17 00:00:00+00:00,1.4158112778773912,53.02000045776367,159877.305565409,0.7014210900777754,1.42567712055695,68056.11107548697
2011-08-18 00:00:00+00:00,1.4193623155228818,50.47999954223633,148954.81499433808,0.6863836515148017,1.4569111571831124,68059.11688705947
2011-08-19 00:00:00+00:00,1.4507962064065028,49.9900016784668,146845.3042165225,0.6832956228347801,1.463495398743098,68062.12283138864
2011-08-22 00:00:00+00:00,1.4629533056020962,50.060001373291016,147143.2274013574,0.6837245073769986,1.4625773819872898,68065.12890848037
2011-08-23 00:00:00+00:00,1.4605590252656289,50.34000015258789,148343.93823920377,0.6854697888972118,1.4588534990124167,68068.13511834049
2011-08-24 00:00:00+00:00,1.4344293708266715,51.709999084472656,154230.58744419628,0.6937894784796337,1.441359419562537,68071.12255315958
2011-08-25 00:00:00+00:00,1.4296236436731637,51.650001525878906,153969.66988199053,0.6934203240515838,1.4421267524394188,68074.11011909385
2011-08-26 00:00:00+00:00,1.4399158177489686,51.150001525878906,151817.1780857938,0.6904098683928154,1.448414986199242,68077.09781614908
2011-08-29 00:00:00+00:00,1.4246081972094957,53.63999938964844,162518.69257735932,0.7047681713809342,1.4189063022533832,68080.10455463595
2011-08-30 00:00:00+00:00,1.4084265456635785,54.11000061035156,164536.22480708058,0.7073196384769767,1.4137879759046874,68083.11142592045
2011-08-31 00:00:00+00:00,1.4046944408964648,54.599998474121094,166639.74154845442,0.7099335155912925,1.4085826039176579,68086.09951803304
2011-09-01 00:00:00+00:00,1.403790716688906,54.459999084472656,166034.89480134452,0.7091750832109197,1.4100890226886107,68089.08774128967
2011-09-02 00:00:00+00:00,0.514010740954326,52.9900016784668,161155.36250148708,1.9734976690423398,0.5067145584647488,0.0
2011-09-06 00:00:00+00:00,0.5080786978085865,51.90999984741211,159491.03533499368,1.9937515559270187,0.5015670066950935,0.0
2011-09-07 00:00:00+00:00,0.5081256130282698,53.900001525878906,162557.70963091165,1.9570619973316583,0.510970015954243,0.0
2011-09-08 00:00:00+00:00,0.5143767371090906,54.209999084472656,163035.42859719374,1.9515890792795227,0.5124029492771985,0.0
2011-09-09 00:00:00+00:00,0.5132311359798912,52.849998474121094,160939.61181506357,1.9760765299131817,0.5060532751957408,0.0
2011-09-12 00:00:00+00:00,0.5076091604869972,52.56999969482422,160508.12219942684,1.981275317024892,0.5047254116614205,0.0
2011-09-13 00:00:00+00:00,0.5107845019169555,53.79999923706055,162403.601997752,1.9588409637188604,0.5105059668047269,0.0
2011-09-14 00:00:00+00:00,0.5141022960676014,54.31999969482422,163204.9440543668,1.9496620656544728,0.5129093998473601,0.0
2011-09-15 00:00:00+00:00,0.5176461488391859,55.38999938964844,164853.85751824162,1.931316910723377,0.517781413525473,0.0
2011-09-16 00:00:00+00:00,0.5213164281433362,56.09000015258789,166052.78863861598,1.921084738384574,0.5205392453645188,0.0
2011-09-19 00:00:00+00:00,0.522753770160897,55.43000030517578,165035.7017741828,1.9320520085170014,0.5175844105602401,0.0
2011-09-20 00:00:00+00:00,0.5228419277469374,56.22999954223633,166268.53344643436,1.9187914553997236,0.5211613785259844,0.0
2011-09-21 00:00:00+00:00,0.5217376369273752,55.369998931884766,164943.237194287,1.9330620211875535,0.5173139759818269,0.0
2011-09-22 00:00:00+00:00,0.5173590780652392,52.75,160905.71126318641,1.9794055567116038,0.5052021788103419,0.0
2011-09-23 00:00:00+00:00,0.5091043916023237,53.09000015258789,161429.66545871896,1.9731332259945145,0.5068081500152997,0.0
2011-09-26 00:00:00+00:00,0.511748760841497,53.209999084472656,161614.5887399054,1.9709386206626192,0.5073724719361404,0.0
2011-09-27 00:00:00+00:00,0.5146385242333659,54.97999954223633,164342.23212147725,1.9396806756400289,0.5155487769501204,0.0
2011-09-28 00:00:00+00:00,0.5172237637313792,54.400001525878906,163448.43136357184,1.9496992953568197,0.5128996057912547,0.0
2011-09-29 00:00:00+00:00,0.5134958911455895,52.970001220703125,161244.74217753246,1.9753377747015144,0.5062425337110288,0.0
2011-09-30 00:00:00+00:00,0.5104997225020038,52.459999084472656,160458.8079449311,1.9848197487260097,0.5038240881278347,0.0
2011-10-03 00:00:00+00:00,0.5039670170139323,51.11000061035156,158378.4048654195,2.010832371347564,0.4973064956826052,0.0
2011-10-04 00:00:00+00:00,0.9999872139085696,50.099998474121094,155047.21851260675,1.000013051678414,0.99998694849193,0.0
2011-10-05 00:00:00+00:00,0.9999874711459407,51.65999984741211,159874.9774817161,1.000012657550727,0.9999873426094845,0.0
2011-10-06 00:00:00+00:00,0.9999877847730966,53.209999084472656,164671.78269416624,1.0000122888381862,0.9999877113128276,0.0
2011-10-07 00:00:00+00:00,0.9999879867497772,53.720001220703125,166250.09373260933,1.0000121721715147,0.9999878279766452,0.0
2011-10-10 00:00:00+00:00,0.9999879067659573,54.88999938964844,169870.90410539194,1.0000119127177245,0.9999880874241865,0.0
2011-10-11 00:00:00+00:00,0.9999883110217843,55.70000076293945,172377.6271518255,1.000011739480425,0.9999882606573888,0.0
2011-10-12 00:00:00+00:00,0.9999883898884864,56.560001373291016,175039.0835653576,1.0000115609804234,0.9999884391532312,0.0
2011-10-13 00:00:00+00:00,0.9999884473227546,56.43000030517578,174636.76736658203,1.0000115876141253,0.9999884125201459,0.0
2011-10-14 00:00:00+00:00,0.9999885524930767,57.5099983215332,177979.0529564276,1.0000113700067417,0.9999886301225339,0.0
2011-10-17 00:00:00+00:00,0.9999887610567862,56.970001220703125,176307.91606420442,1.0000114777787366,0.9999885223530014,0.0
2011-10-18 00:00:00+00:00,0.9999885844689582,56.65999984741211,175348.5502995547,1.0000115405766041,0.9999884595565792,0.0
2011-10-19 00:00:00+00:00,0.999988724233892,56.68000030517578,175410.44600747398,1.0000115365043245,0.9999884636287649,0.0
2011-10-20 00:00:00+00:00,0.9999885021705186,55.790000915527344,172656.15193476257,1.0000117205423535,0.999988279595016,0.0
2011-10-21 00:00:00+00:00,0.9999884452816511,56.779998779296875,175719.91274167105,1.000011516186733,0.9999884839458882,0.0
2011-10-24 00:00:00+00:00,0.9999885884534825,57.310001373291016,177360.1194880334,1.0000114096850978,0.9999885904450815,0.0
2011-10-25 00:00:00+00:00,0.9999888206233579,57.220001220703125,177081.59470509633,1.000011427631155,0.9999885724994344,0.0
2011-10-26 00:00:00+00:00,0.9999885964141924,56.209999084472656,173955.9263848694,1.000011632967075,0.9999883671682495,0.0
2011-10-27 00:00:00+00:00,0.9999885824760326,58.029998779296875,179588.3059461307,1.0000112681213578,0.9999887320056114,0.0
2011-10-28 00:00:00+00:00,0.9999888890090021,58.5,181042.82556873528,1.0000111775909168,0.9999888225340204,0.0
2011-10-31 00:00:00+00:00,0.9999889059750661,57.90999984741211,179216.94350401437,1.0000112914707366,0.9999887086567594,0.0
2011-11-01 00:00:00+00:00,0.9999887164507018,56.119998931884766,173677.40160193233,1.00001165162297,0.9999883485127887,0.0
2011-11-02 00:00:00+00:00,0.9999884145728392,56.380001068115234,174482.03399948348,1.00001159789032,0.9999884022441895,0.0
2011-11-03 00:00:00+00:00,0.9999885122702395,56.709999084472656,175503.28366665327,1.0000115304016786,0.9999884697312702,0.0
2011-11-04 00:00:00+00:00,0.9999887455812967,57.220001220703125,177081.59470509633,1.000011427631155,0.9999885724994344,0.0
2011-11-07 00:00:00+00:00,0.9999886871681674,57.16999816894531,176926.8495325986,1.000011437626195,0.9999885625046228,0.0
2011-11-08 00:00:00+00:00,0.99998876684876,57.970001220703125,179402.63062777213,1.0000112797835925,0.9999887203436395,0.0
2011-11-09 00:00:00+00:00,0.9999888946705993,56.630001068115234,175255.71264037542,1.0000115466900281,0.9999884534432963,0.0
2011-11-10 00:00:00+00:00,0.9999884900276962,56.22999954223633,174017.82209278864,1.000011628829343,0.9999883713058851,0.0
2011-11-11 00:00:00+00:00,0.9999884839458882,57.20000076293945,177019.69899717707,1.0000114316269215,0.9999885685037592,0.0
2011-11-14 00:00:00+00:00,0.9999886969456364,57.279998779296875,177267.2700234549,1.0000114156613575,0.9999885844689582,0.0
2011-11-15 00:00:00+00:00,0.999988626167815,57.2599983215332,177205.37431553568,1.0000114196487566,0.9999885804816504,0.0
2011-11-16 00:00:00+00:00,0.9999887513899661,57.060001373291016,176586.44084714146,1.0000114596749543,0.9999885404563683,0.0
2011-11-17 00:00:00+00:00,0.9999885625046228,55.47999954223633,171696.78617011287,1.0000117860323365,0.9999882141065725,0.0
2011-11-18 00:00:00+00:00,0.999988287992319,55.29999923706055,171139.73660423874,1.0000118243956175,0.9999881757441971,0.0
2011-11-21 00:00:00+00:00,0.9999881970878551,53.779998779296875,166435.7690509679,1.0000121585921062,0.9999878415557234,0.0
2011-11-22 00:00:00+00:00,0.9999879668531754,53.869998931884766,166714.29383390496,1.000012138278849,0.999987861868487,0.0
2011-11-23 00:00:00+00:00,0.9999880065806901,53.2599983215332,164826.5160612648,1.000012277301713,0.9999877228490173,0.0
2011-11-25 00:00:00+00:00,0.999987729761043,52.869998931884766,163619.57927033724,1.0000123678661215,0.9999876322868407,0.0
2011-11-28 00:00:00+00:00,0.9999876346261377,54.13999938964844,167549.86818271616,1.0000120777442927,0.9999879224015775,0.0
2011-11-29 00:00:00+00:00,0.9999880504159294,54.220001220703125,167797.45101439318,1.000012059923532,0.999987940221908,0.0
2011-11-30 00:00:00+00:00,0.9999879757044275,55.66999816894531,172284.77768724703,1.0000117458072595,0.9999882543307028,0.0
2011-12-01 00:00:00+00:00,0.9999884043005248,56.349998474121094,174389.18453490498,1.0000116040654186,0.9999883960692342,0.0
2011-12-02 00:00:00+00:00,0.9999884839458882,56.56999969482422,175070.02551661764,1.0000115589371072,0.9999884411965002,0.0
2011-12-05 00:00:00+00:00,0.9999884514035771,56.91999816894531,176153.1708917067,1.0000114878617299,0.9999885122702395,0.0
2011-12-06 00:00:00+00:00,0.9999885764923174,56.88999938964844,176060.3332325274,1.0000114939194171,0.9999885062126914,0.0
2011-12-07 00:00:00+00:00,0.9999885444716712,56.349998474121094,174389.18453490504,1.0000116040654186,0.9999883960692342,0.0
2011-12-08 00:00:00+00:00,0.9999885444716712,56.0099983215332,173336.98111107602,1.0000116745061278,0.9999883256301646,0.0
2011-12-09 00:00:00+00:00,0.9999883485127887,56.2400016784668,174048.77584944788,1.0000116267611863,0.9999883733739937,0.0
2011-12-12 00:00:00+00:00,0.9999885324173123,55.900001525878906,172996.57242561888,1.0000116974785471,0.9999883026582823,0.0
2011-12-13 00:00:00+00:00,0.9999884022441895,55.529998779296875,171851.5195372114,1.0000117754201874,0.9999882247184715,0.0
2011-12-14 00:00:00+00:00,0.9999882732887313,54.58000183105469,168911.55014614144,1.0000119803782832,0.9999880197652447,0.0
2011-12-15 00:00:00+00:00,0.9999880874241865,54.65999984741211,169159.12117241925,1.0000119628443187,0.9999880372987893,0.0
2011-12-16 00:00:00+00:00,0.9999880547819194,54.77000045776367,169873.2284468264,1.0022166128912533,0.9977882896144988,0.0
2011-12-19 00:00:00+00:00,0.9977919100071386,54.16999816894531,168016.39262544626,1.0022411647253522,0.9977638468621808,0.0
2011-12-20 00:00:00+00:00,0.9977700080990464,55.16999816894531,171111.10718901394,1.0022005418361055,0.9978042899157947,0.0
2011-12-21 00:00:00+00:00,0.9978340615937487,54.4900016784668,169006.71214675516,1.0022280030341164,0.9977769499281887,0.0
2011-12-22 00:00:00+00:00,0.9978027004170715,55.16999816894531,171111.10718901394,1.0022005418361055,0.9978042899157947,0.0
2011-12-23 00:00:00+00:00,0.9978212341412852,55.58000183105469,172379.95149325996,1.0021843088353553,0.9978204519706624,0.0
2011-12-27 00:00:00+00:00,0.9978398424823535,55.93000030517578,173576.8276285601,1.002827711214119,0.9971802621901068,0.0
2011-12-28 00:00:00+00:00,0.9971957613245127,55.439998626708984,172060.41229803627,1.0028527036974428,0.9971554110719101,0.0
2011-12-29 00:00:00+00:00,0.9971630650056958,55.5,172246.09942179406,1.0028496196228582,0.9971584776350317,0.0
2011-12-30 00:00:00+00:00,0.9971832754349623,55.81999969482422,173236.4071377038,1.0028332835889158,0.9971747212270656,0.0
2012-01-03 00:00:00+00:00,0.9971752259556607,56.75,176114.49262625366,1.002786852670813,0.997220892292923,0.0
2012-01-04 00:00:00+00:00,1.3041153199367916,56.560001373291016,175093.10025376547,0.7653913026855664,1.3065212480090256,53669.7556075536
2012-01-05 00:00:00+00:00,1.302468830334403,56.79999923706055,176061.45617984366,0.7663724099157044,1.304848644159819,53672.0962052287
2012-01-06 00:00:00+00:00,1.2992796753186908,57.400001525878906,178485.8876473618,0.7688044371557609,1.3007209007528122,53674.43690497988
2012-01-09 00:00:00+00:00,1.2979526643002839,57.43000030517578,178604.88005376345,0.7689151256095347,1.3005336566988193,53676.77770681156
2012-01-10 00:00:00+00:00,1.299246113651392,57.63999938964844,179451.8875551506,0.7697469291166396,1.2991282747273816,53679.13352094426
2012-01-11 00:00:00+00:00,1.296455580074208,57.810001373291016,180137.12248514695,0.7704139589366511,1.2980034803370262,53681.48943847101
2012-01-12 00:00:00+00:00,1.2956798833406378,57.86000061035156,180336.99362092494,0.7706022862307111,1.2976862616011098,53683.84545939636
2012-01-13 00:00:00+00:00,1.2941892828780712,57.68000030517578,179606.60738930997,0.7698763120044125,1.298909947490719,53686.20158372486
2012-01-17 00:00:00+00:00,1.2955818081969177,58.4900016784668,182880.3717315292,0.7730531670258165,1.2935720887701951,53688.5727242948
2012-01-18 00:00:00+00:00,1.2921506328587322,58.68000030517578,183646.4698532838,0.7737780019392142,1.2923603378408748,53690.943969590124
2012-01-19 00:00:00+00:00,1.2872362273843647,59.650001525878906,187567.3701448642,0.7774468922848161,1.2862614924874534,53693.31531961545
2012-01-20 00:00:00+00:00,1.2849710550305493,59.560001373291016,187200.96872165118,0.7771006896956688,1.2868345289870016,53695.70168918522
2012-01-23 00:00:00+00:00,1.2855389889903062,59.439998626708984,186713.2334706736,0.776640816183076,1.2875965042819382,53698.07324934315
2012-01-24 00:00:00+00:00,1.2854324149973106,59.40999984741211,186589.5285975383,0.7765181620796524,1.2877998852233203,53700.444914244996
2012-01-25 00:00:00+00:00,1.286125291038711,59.83000183105469,188285.89888787075,0.7780771861323887,1.2852195358287388,53702.81668389537
2012-01-26 00:00:00+00:00,1.2815902096668121,59.93000030517578,188687.99624432297,0.7784377601634107,1.2846242193981938,53705.17364084984
2012-01-27 00:00:00+00:00,1.282865843575424,60.060001373291016,189211.4421345074,0.7789076329679625,1.2838492751567776,53707.53070124853
2012-01-30 00:00:00+00:00,1.2818011777005656,59.65999984741211,187591.22194038858,0.7774154478341793,1.286313518448758,53709.90278385449
2012-01-31 00:00:00+00:00,1.2815184149108918,60.13999938964844,189530.25822946525,0.7791822249815539,1.2833968331652763,53712.274971227445
2012-02-01 00:00:00+00:00,1.2810576892491945,60.65999984741211,191631.05247055742,0.7810653676476337,1.280302573153052,53714.677103524766
2012-02-02 00:00:00+00:00,1.7516528988229025,60.970001220703125,192621.55254599807,0.570518254414319,1.7527922941336507,145004.02044068743
2012-02-03 00:00:00+00:00,1.7476339461102899,61.68000030517578,196546.73638131417,0.5754430366905263,1.737791468902248,145010.50534271268
2012-02-06 00:00:00+00:00,1.7301797360024112,61.65999984741211,196429.49727952297,0.5752863312108956,1.738264835695197,145016.99053475718
2012-02-07 00:00:00+00:00,1.7312557586080042,61.66999816894531,196478.37819024548,0.5753361973581123,1.7381141749674407,145023.47601683385
2012-02-08 00:00:00+00:00,1.7286671701312812,61.90999984741211,197800.91821093598,0.5769635401892573,1.7332117722239035,145029.96178895576
2012-02-09 00:00:00+00:00,1.7220932719076447,62.31999969482422,200064.8344881931,0.579727879108472,1.7249472313421235,145036.44785113574
2012-02-10 00:00:00+00:00,1.7132986800672905,62.25,199670.72001390258,0.5792364693742029,1.7264106334333242,145042.9342033869
2012-02-13 00:00:00+00:00,1.7220053863268745,62.650001525878906,201879.2290285013,0.5819041052301305,1.718496210994287,145049.46113542604
2012-02-14 00:00:00+00:00,1.710698442045855,62.689998626708984,202094.18849809532,0.5821520539798548,1.71776427337763,145055.98836117715
2012-02-15 00:00:00+00:00,1.7076808849630196,62.66999816894531,201976.9070688724,0.581999893131013,1.7182133739239225,145062.51588065337
2012-02-16 00:00:00+00:00,1.7162495988424653,62.630001068115234,201748.8925603126,0.5817141256859685,1.7190574473686382,145069.043693868
2012-02-17 00:00:00+00:00,1.699848136642087,63.150001525878906,204621.94303127294,0.5851398935702207,1.7089930305358567,145075.53150387763
2012-02-21 00:00:00+00:00,1.7036610741157188,63.209999084472656,204947.77613372335,0.5855153641787505,1.707897112832572,145081.93900651907
2012-02-22 00:00:00+00:00,1.700328102083495,63.22999954223633,205052.0819572919,0.5856280552592077,1.7075684660588624,145088.38709269717
2012-02-23 00:00:00+00:00,1.7058528804897586,63.09000015258789,204270.457945113,0.5846903196357885,1.7103070914923195,145094.75486079737
2012-02-24 00:00:00+00:00,1.698007573866653,63.79999923706055,208195.75863487995,0.5892940739398854,1.6969456239636498,145101.1229083718
2012-02-27 00:00:00+00:00,1.693992229686026,63.33000183105469,205586.70705742255,0.5862277860021031,1.7058215660838916,145107.53154130024
2012-02-28 00:00:00+00:00,1.6923935956881837,64.02999877929688,209456.53905419225,0.5907330907291618,1.6928118903338667,145113.98076492432
2012-02-29 00:00:00+00:00,1.6807535172424117,64.19999694824219,210391.46609056075,0.5917986662086704,1.6897638624406703,145120.43027518052
2012-03-01 00:00:00+00:00,1.685972190979551,64.45999908447266,211824.7959962188,0.593427094472271,1.6851269672634182,145126.88007208164
2012-03-02 00:00:00+00:00,1.6769859447975488,64.66000366210938,212925.8446971051,0.5946665682058443,1.6816146282059852,145133.37046866262
2012-03-05 00:00:00+00:00,1.6779122427589488,63.9900016784668,209209.1719682629,0.5904042410500601,1.6937547708354121,145139.86115550858
2012-03-06 00:00:00+00:00,1.6899199364139101,63.22999954223633,204994.11691735664,0.585462507300434,1.7080513056438016,145146.35213263248
2012-03-07 00:00:00+00:00,1.7016073730443282,63.77000045776367,207977.91784065848,0.5889544063222908,1.6979243032486537,145152.8434000473
2012-03-08 00:00:00+00:00,1.6925766479593367,64.30000305175781,210906.35208085724,0.5923242810475577,1.6882644051522682,145159.33495776603
2012-03-09 00:00:00+00:00,1.6802274198647442,64.81999969482422,213779.37738964325,0.5955766364641017,1.6790450443740244,145165.82680580163
2012-03-12 00:00:00+00:00,1.6755453413337478,64.72000122070312,213219.09650285167,0.5949335372525594,1.6808600244962875,145172.3592680079
2012-03-13 00:00:00+00:00,1.67507425764501,65.2699966430664,216258.20120605212,0.5983287417274039,1.6713220179143524,145178.89202417494
2012-03-14 00:00:00+00:00,1.6547245150891476,66.08000183105469,220737.12756613432,0.6032345532499253,1.6577299735442896,145185.42507431604
2012-03-15 00:00:00+00:00,1.6510337964297739,66.3499984741211,222225.67886393133,0.6048312109217869,1.6533538315193093,145191.9987477291
2012-03-16 00:00:00+00:00,1.6480249877100313,66.36000061035156,222743.761029636,0.6061498982290859,1.6497569378821604,144729.30409897197
2012-03-19 00:00:00+00:00,1.6471826939867593,66.44999694824219,223235.48851083592,0.6066652808222313,1.6483554137871061,144735.9375254098
2012-03-20 00:00:00+00:00,1.6397853378008767,66.45999908447266,223284.2422973135,0.6067064520151895,1.6482435561357178,144742.57125587974
2012-03-21 00:00:00+00:00,1.6379594044024235,67.02999877929688,226434.02075606023,0.6100330102948149,1.6392555535916375,144749.20529039562
2012-03-22 00:00:00+00:00,1.637851580638516,66.68000030517578,224489.24580728752,0.6079681346118825,1.644823047573677,144755.83962897141
2012-03-23 00:00:00+00:00,1.640086218227774,66.55999755859375,223818.1279161129,0.6072434387617183,1.6467860106305718,144762.43406166567
2012-03-26 00:00:00+00:00,1.640761669266162,67.33000183105469,228075.48477373554,0.6117174223399904,1.6347417344673953,144769.0287947729
2012-03-27 00:00:00+00:00,1.622944404247945,68.12999725341797,232498.91938518066,0.6162592296973957,1.622693749335055,144775.62382830688
2012-03-28 00:00:00+00:00,1.6215094925406475,67.54000091552734,229225.17877234533,0.6128894242151114,1.6316156887200928,144782.21916228128
2012-03-29 00:00:00+00:00,1.6255707087814326,67.19999694824219,227335.82801365387,0.6109131899087208,1.6368937788843851,144788.77457942668
2012-03-30 00:00:00+00:00,1.6295331633680603,67.27999877929688,227772.2879386807,0.6113582522805413,1.6357021374451295,144795.3302933868
2012-04-02 00:00:00+00:00,1.63155640731251,67.36000061035156,228208.90845057965,0.6118026879884313,1.6345139039645886,144801.72542047474
2012-04-03 00:00:00+00:00,1.6211005265959182,67.8499984741211,230915.66855910688,0.6145885002706039,1.627104964638452,144808.36216622317
2012-04-04 00:00:00+00:00,1.6214418493713316,66.91000366210938,225703.74562011636,0.6091560785132536,1.6416154008356378,144814.9992161558
2012-04-05 00:00:00+00:00,1.635534285004558,67.12999725341797,226915.3379007546,0.6104190690841049,1.6382188084334204,144821.63657028653
2012-04-09 00:00:00+00:00,1.629159995099807,66.76000213623047,224859.82684661655,0.6082419915399139,1.6440824768909075,144828.27422862934
2012-04-10 00:00:00+00:00,1.6370230093366926,65.91999816894531,220201.56894120225,0.603231611235263,1.657738058442026,144834.95242127433
2012-04-11 00:00:00+00:00,1.6542827913757223,66.27999877929688,222188.45879969405,0.6053685770651789,1.65188620269653,144841.59068992696
2012-04-12 00:00:00+00:00,1.6491359188479615,66.4800033569336,223289.3190904795,0.6065376805108754,1.6487021864127527,144848.2694966088
2012-04-13 00:00:00+00:00,1.6371669959025439,66.16000366210938,221510.65990380992,0.6046164789559523,1.653941026759299,144854.9083756274
2012-04-16 00:00:00+00:00,1.6534509759695353,65.23999786376953,216409.42536875323,0.5990224556791997,1.669386498818568,144861.54755892794
2012-04-17 00:00:00+00:00,1.6658087499068834,65.62999725341797,218562.43431084714,0.6013869538415383,1.6628229023130652,144868.18704652437
2012-04-18 00:00:00+00:00,1.644057130934732,66.41000366210938,222875.0933854552,0.6060506250051312,1.65002717387105,144874.86707959377
2012-04-19 00:00:00+00:00,1.6468130711759104,65.62000274658203,218493.7689110524,0.6012895848690201,1.6630921691714178,144881.50717766825
2012-04-20 00:00:00+00:00,1.6590832461001974,65.58000183105469,218265.7011788729,0.6010283253265314,1.6638150946658166,144888.06709035434
2012-04-23 00:00:00+00:00,1.6621352322790257,64.48999786376953,212223.2093174729,0.5942666858783237,1.6827461874663294,144894.58705337343
2012-04-24 00:00:00+00:00,1.6723946364897315,64.44999694824219,211995.14099306567,0.5939964852354083,1.6835116450288212,144901.1475582872
2012-04-25 00:00:00+00:00,1.678548668767462,65.97000122070312,220405.66808835272,0.6033330778814666,1.6574592653056297,144907.74861056486
2012-04-26 00:00:00+00:00,1.6496250321114896,66.3499984741211,222503.28739595093,0.6055867775396595,1.651291007479949,144914.3902157095
2012-04-27 00:00:00+00:00,1.6434442932065487,66.7699966430664,224822.45447263282,0.6080498699726148,1.6446019469505646,144920.9918712638
2012-04-30 00:00:00+00:00,1.6372250910575645,66.70999908447266,224483.65216707584,0.6076795957451241,1.6456040436470813,144927.55357172905
2012-05-01 00:00:00+00:00,1.644808687207266,66.58999633789062,223812.44593806958,0.6069544668280579,1.6475700479246769,144934.23634225488
2012-05-02 00:00:00+00:00,1.3670427499183548,66.37999725341797,219650.7364555474,0.729511571744054,1.3707801750276358,81442.13850793696
2012-05-03 00:00:00+00:00,1.3656456520020235,66.18000030517578,218739.83799906448,0.7286817168271458,1.3723412800231063,81445.87127261858
2012-05-04 00:00:00+00:00,1.3710333258580394,64.69000244140625,211977.6272227656,0.7224197501672697,1.3842367955312118,81449.60420838524
2012-05-07 00:00:00+00:00,1.3841546392687667,64.29000091552734,210159.50550126057,0.7206798135711735,1.3875787571247702,81453.35994013485
2012-05-08 00:00:00+00:00,1.3836866047535843,63.47999954223633,206481.66625345958,0.7171026589353532,1.3945004770790426,81457.11584506543
2012-05-09 00:00:00+00:00,1.385688952040238,63.5099983215332,206613.981568495,0.7172232461951502,1.394266018711709,81460.87192318495
2012-05-10 00:00:00+00:00,1.3873775335634004,63.95000076293945,208606.05399454475,0.7191559957308972,1.3905188942820028,81464.60554648141
2012-05-11 00:00:00+00:00,1.3884915282205288,63.90999984741211,208420.88014053303,0.7189673369481077,1.3908837698313634,81468.3393409023
2012-05-14 00:00:00+00:00,1.3886003293937628,63.47999954223633,206466.70879206966,0.7170507122636304,1.3946015015355577,81472.07330645542
2012-05-15 00:00:00+00:00,1.3937364762473243,63.2599983215332,205465.0489995718,0.7160535984372233,1.3965435020262251,81475.83007428012
2012-05-16 00:00:00+00:00,1.3955828682283211,62.810001373291016,203420.15194888908,0.7140061015444958,1.4005482555917366,81479.58701533354
2012-05-17 00:00:00+00:00,1.3993905417481267,61.599998474121094,197927.9455019732,0.7083749041169408,1.4116818568644787,81483.34412962369
2012-05-18 00:00:00+00:00,1.4115875135590679,60.7599983215332,194114.033478413,0.7043295868573438,1.419789852165534,81487.10141715856
2012-05-21 00:00:00+00:00,1.4192999294066915,60.849998474121094,194518.50750016657,0.7047532844725654,1.4189362746260858,81490.85887794613
2012-05-22 00:00:00+00:00,1.4033240605140114,61.9900016784668,199685.68774599838,0.7101695414725059,1.408114459438155,81494.61651199439
2012-05-23 00:00:00+00:00,1.403985019634169,61.369998931884766,196869.66092425294,0.7072279716024057,1.4139712230757,81498.37431931133
2012-05-24 00:00:00+00:00,1.4029239425485942,61.689998626708984,198317.41145267032,0.7087332958867332,1.4109679985456982,81502.10966146764
2012-05-25 00:00:00+00:00,1.4066891632233027,61.88999938964844,199220.85893418852,0.7096612328580766,1.4091230487152557,81505.84517482712
2012-05-29 00:00:00+00:00,1.4074531912393304,62.279998779296875,200986.12057293757,0.7114661198520176,1.4055483066544285,81509.58085939763
2012-05-30 00:00:00+00:00,1.4003084274095705,61.68000030517578,198260.8303940412,0.7086459431571221,1.4111419244776209,81513.33935673726
2012-05-31 00:00:00+00:00,1.4051174160302196,61.59000015258789,197848.84024085198,0.7082067394017251,1.4120170627644328,81517.09802738538
2012-06-01 00:00:00+00:00,1.4076247898882857,60.38999938964844,192402.00073069747,0.7023948363236532,1.423700671311904,81520.85687134998
2012-06-04 00:00:00+00:00,1.423500985124427,60.040000915527344,190810.68444967974,0.7006461674731038,1.4272539356156368,81524.61588863905
2012-06-05 00:00:00+00:00,1.4189871193479424,60.630001068115234,193483.08293152886,0.7035454755184765,1.4213722279473862,81528.3977249872
2012-06-06 00:00:00+00:00,1.4165868091564449,61.52000045776367,197516.2470787211,0.7078206794884385,1.4127872058255313,81532.17973677054
2012-06-07 00:00:00+00:00,1.403520486444909,62.220001220703125,200687.61936985585,0.7110944966205506,1.406282856571752,81535.93927616952
2012-06-08 00:00:00+00:00,1.405824246028095,61.959999084472656,199504.51657283638,0.7098687876356377,1.408711042685372,81539.69898892504
2012-06-11 00:00:00+00:00,1.4004263858644768,61.77000045776367,198638.91970835815,0.7089628714508133,1.4105111004665332,81543.48152496145
2012-06-12 00:00:00+00:00,1.4101364750578567,61.68000030517578,198226.90551431294,0.7085246850732951,1.4113834296352743,81547.26423646553
2012-06-13 00:00:00+00:00,1.4032631243505544,61.91999816894531,199311.75103074306,0.709641036176411,1.4091631529485114,81551.02447142756
2012-06-14 00:00:00+00:00,1.407216979637291,61.79999923706055,198763.665093634,0.7090637417908857,1.4103104432815803,81554.80753284052
2012-06-15 00:00:00+00:00,1.4051330280835874,62.36000061035156,201786.46580701956,0.713382866802888,1.4017718206236458,81072.11574449729
2012-06-18 00:00:00+00:00,1.3961615371151437,62.630001068115234,203007.37688924157,0.7146051670069304,1.3993741525665482,81075.89910989872
2012-06-19 00:00:00+00:00,1.3910730969523815,63.849998474121094,208537.39926127502,0.7200452891104799,1.3888015311305861,81079.6601307741
2012-06-20 00:00:00+00:00,1.385531117681246,63.810001373291016,208352.21530941565,0.7198568142173124,1.3891651509714225,81083.42132611905
2012-06-21 00:00:00+00:00,1.385140528285067,62.619998931884766,202950.74715993524,0.7145199352641736,1.3995410773672512,81087.16017276909
2012-06-22 00:00:00+00:00,1.3989169815602014,62.72999954223633,203445.93712900818,0.7150073208610385,1.398587078515172,81090.92171603265
2012-06-25 00:00:00+00:00,1.3931524957721575,61.95000076293945,199904.18076461187,0.7114056540223864,1.405667771047167,81094.68343379004
2012-06-26 00:00:00+00:00,1.404017653226533,62.060001373291016,200399.37038468916,0.7119038202080245,1.404684132342191,81098.44532604932
2012-06-27 00:00:00+00:00,1.40051407862207,62.689998626708984,203253.23391997739,0.7147858647748669,1.3990203909739678,81102.18486547271
2012-06-28 00:00:00+00:00,1.3971590943645777,61.540000915527344,198033.2447963413,0.7094427529582632,1.4095570020698067,81105.90204894569
2012-06-29 00:00:00+00:00,1.403457881982892,63.209999084472656,205604.46824811198,0.7171062640579163,1.3944934664790993,81109.6194027896
2012-07-02 00:00:00+00:00,1.386395272013841,63.869998931884766,208594.57767753128,0.7200171776326241,1.3888557538140183,81113.20174431322
2012-07-03 00:00:00+00:00,1.1672522845906417,64.29000091552734,207596.42448128737,0.8565724097832788,1.1674436259895526,34760.69805761309
2012-07-05 00:00:00+00:00,1.1656389259080078,64.4800033569336,208311.07335421708,0.8569884122774657,1.1668769211738557,34762.31056777298
2012-07-06 00:00:00+00:00,1.1655289410018532,63.650001525878906,205180.56276627062,0.8551168074582464,1.1694308792414048,34763.923152735435
2012-07-09 00:00:00+00:00,1.1679803264279982,63.68000030517578,205292.0379541695,0.8551783421493101,1.1693467323864999,34765.535812503906
2012-07-10 00:00:00+00:00,1.1683574457514707,63.119998931884766,203179.3609869596,0.8538867049776666,1.1711155521810765,34767.14854708187
2012-07-11 00:00:00+00:00,1.1703255060292252,62.5,200840.50824960205,0.852430418316715,1.173116278481344,34768.76135647281
2012-07-12 00:00:00+00:00,1.1714429377986095,61.86000061035156,198426.25874550018,0.8508967569753,1.175230710191822,34770.374240680176
2012-07-13 00:00:00+00:00,1.1733534677328903,62.560001373291016,201063.46282371343,0.8525582331636976,1.1729404058291377,34771.99685814475
2012-07-16 00:00:00+00:00,1.1703218415894787,62.95000076293945,202532.0300131088,0.8534648127481274,1.1716944683167831,34773.62921021947
2012-07-17 00:00:00+00:00,1.1708992273442176,62.630001068115234,201324.08893379848,0.8527092373699563,1.1727326926636072,34775.251979582616
2012-07-18 00:00:00+00:00,1.1698700001301279,63.38999938964844,204187.4781395108,0.8544683918780976,1.1703183049311257,34776.86516488278
2012-07-19 00:00:00+00:00,1.1672308568353977,64.72000122070312,209199.6466994497,0.8574525067602797,1.166245351335328,34778.468764776495
2012-07-20 00:00:00+00:00,1.1651147286848764,64.20999908447266,207275.4923146327,0.8563137862319595,1.1677962168521232,34780.043456556676
2012-07-23 00:00:00+00:00,1.1677047185015597,62.5099983215332,200865.34254217905,0.8523994618594224,1.1731588823608619,34781.6182196354
2012-07-24 00:00:00+00:00,1.1701256814496979,62.54999923706055,201014.55143009342,0.8524871331298246,1.173038232645924,34783.202715576524
2012-07-25 00:00:00+00:00,1.1717178977049378,62.150001525878906,199505.06650275923,0.8515309350831003,1.174355456507767,34784.79694570099
2012-07-26 00:00:00+00:00,1.1730799895448119,62.970001220703125,202594.66466636173,0.8534575932575137,1.1717043798077382,34786.39124889433
2012-07-27 00:00:00+00:00,1.1704358438184603,63.63999938964844,205118.80442054442,0.8549937775549217,1.1695991552824647,34787.97596227345
2012-07-30 00:00:00+00:00,1.1658500403240788,64.5999984741211,208736.17456481446,0.857142159110292,1.166667616767321,34789.56074784507
2012-07-31 00:00:00+00:00,1.1660080347079507,64.73999786376953,209262.3521700929,0.8574445934080123,1.1662561146083912,34791.145605612466
2012-08-01 00:00:00+00:00,1.1660765922774061,64.3499984741211,207790.57736286338,0.856574128867782,1.1674412830116618,34792.72087137183
2012-08-02 00:00:00+00:00,1.4695801675056543,63.90999984741211,205318.14675134054,0.6769519106813603,1.4772098050413773,97979.83278266412
2012-08-03 00:00:00+00:00,1.4720813603141651,65.19000244140625,211388.1974093771,0.6832805168588398,1.4635277537213778,97984.29630837977
2012-08-06 00:00:00+00:00,1.4593001313319414,65.80000305175781,214278.6163759241,0.6862023783498822,1.4572960274557925,97988.7600374338
2012-08-07 00:00:00+00:00,1.454277758275492,66.27999877929688,216552.0703702183,0.6884606899765114,1.4525157566136675,97993.22396983551
2012-08-08 00:00:00+00:00,1.4488760220289438,66.37000274658203,216974.7656953381,0.688869079909192,1.4516546455123547,97997.66088525412
2012-08-09 00:00:00+00:00,1.4491984117688859,66.48999786376953,217539.7899572734,0.6894165188795787,1.4505019427517827,98002.09800156642
2012-08-10 00:00:00+00:00,1.4472819144890163,66.41000366210938,217155.72379017744,0.6890283259300463,1.4513191437379678,98006.53531878149
2012-08-13 00:00:00+00:00,1.4469240041833065,66.5,217578.38230573625,0.6894351116734974,1.4504628253885334,98010.97283690842
2012-08-14 00:00:00+00:00,1.445411021803556,66.86000061035156,219282.4011351366,0.6910933295330137,1.44698256699384,98015.4105559563
2012-08-15 00:00:00+00:00,1.4451520889678944,66.98999786376953,219894.8917772112,0.6916788180444728,1.445757733086606,98019.84847593427
2012-08-16 00:00:00+00:00,1.4435559822218391,67.38999938964844,221788.74273310904,0.6934950186294103,1.4419714246489486,98024.28659685137
2012-08-17 00:00:00+00:00,1.4360927593593495,68.01000213623047,224726.6542906496,0.6962754729019496,1.4362131640687872,98028.72491871673
2012-08-20 00:00:00+00:00,1.4333760986913793,68.0,224674.748584022,0.6962170439943401,1.4363336959733055,98033.16344153944
2012-08-21 00:00:00+00:00,1.4324968288355502,67.87999725341797,224100.81227513263,0.6956662174686148,1.4374709808948216,98037.60216532859
2012-08-22 00:00:00+00:00,1.4349838363512488,67.80999755859375,223764.1754774392,0.6953382624616925,1.438148961427377,98042.0410900933
2012-08-23 00:00:00+00:00,1.4324623692933904,67.69000244140625,223190.2749734422,0.6947843650143024,1.4392954855560323,98046.48021584266
2012-08-24 00:00:00+00:00,1.4376205566063756,67.5999984741211,222758.70340616078,0.6943641570307553,1.4401665032311097,98050.91954258576
2012-08-27 00:00:00+00:00,1.43378980322604,68.25,225838.97910238255,0.6972612746998855,1.4341826174563028,98055.35907033172
2012-08-28 00:00:00+00:00,1.4328183386599913,68.11000061035156,225170.14362776728,0.6966252629232225,1.4354920115927716,98059.79879908962
2012-08-29 00:00:00+00:00,1.4328464182265537,68.11000061035156,225165.70369798833,0.6966115267892938,1.4355203173410493,98064.23872886857
2012-08-30 00:00:00+00:00,1.4328745001651684,67.5999984741211,222740.9440890688,0.6943087992240636,1.4402813288807035,98068.67885967769
2012-08-31 00:00:00+00:00,1.4392518691625253,67.47000122070312,222119.54795386817,0.6937058585278537,1.4415331623725187,98073.14643282576
2012-09-04 00:00:00+00:00,1.4351185248466418,67.41999816894531,221877.80770756642,0.6934648122850803,1.4420342348804058,98077.5869669559
2012-09-05 00:00:00+00:00,1.7511004294351626,67.83999633789062,223462.228331312,0.5694691913877767,1.7560212477219963,168942.19268177613
2012-09-06 00:00:00+00:00,1.7525150823123843,68.41999816894531,226809.32169473503,0.5730991517375539,1.7448987613541993,168949.98279399425
2012-09-07 00:00:00+00:00,1.724392598689548,69.2300033569336,231486.81474288402,0.5780745243536214,1.7298807642806227,168957.77326542308
2012-09-10 00:00:00+00:00,1.7262513866327769,68.48999786376953,227198.68401170583,0.5734962506400313,1.7436905627264059,168965.51716336436
2012-09-11 00:00:00+00:00,1.7427450257283257,68.31999969482422,226207.62553921208,0.5724154001524755,1.7469830471605547,168973.26141623437
2012-09-12 00:00:00+00:00,1.744887840746999,68.20999908447266,225563.60840565732,0.5717062156118836,1.7491501276223205,168981.00602404927
2012-09-13 00:00:00+00:00,1.7411675557140285,68.62000274658203,227927.4326988986,0.5742457527994632,1.7414147081192566,168988.75098682538
2012-09-14 00:00:00+00:00,1.7241404369228501,69.79000091552734,234687.26519445537,0.5813641458427027,1.720092315893464,168996.49630457893
2012-09-17 00:00:00+00:00,1.7132365485842307,69.95999908447266,235662.78679786067,0.5823621464121869,1.717144574318221,169004.28892079744
2012-09-18 00:00:00+00:00,1.7127708940386068,70.0199966430664,236002.0355161998,0.5827007636768654,1.7161467125767256,169012.08189634213
2012-09-19 00:00:00+00:00,1.7117853581032456,70.05999755859375,236225.61802071132,0.5829197904832714,1.7155018860672875,169019.87523122955
2012-09-20 00:00:00+00:00,1.709594230830451,69.87000274658203,235118.8912023212,0.581766472147848,1.718902769195444,169027.621975511
2012-09-21 00:00:00+00:00,1.7108582420510547,70.08000183105469,237193.42674893906,0.5851409184078862,1.7089900373416145,168167.7764879158
2012-09-24 00:00:00+00:00,1.7077818313550661,69.41999816894531,233368.08390474433,0.5811774921939383,1.7206447486894436,168175.48417767146
2012-09-25 00:00:00+00:00,1.7149739219148386,68.7300033569336,229369.21727535527,0.5769533395948898,1.7332424155862487,168183.23893610857
2012-09-26 00:00:00+00:00,1.7326881273260004,67.8499984741211,224271.32867098533,0.5714468431300047,1.7499440447035581,168190.94733455978
2012-09-27 00:00:00+00:00,1.7432349090854458,68.25,226577.33418279293,0.5739389926635172,1.7423454631636592,168198.6560863126
2012-09-28 00:00:00+00:00,1.725853576445787,68.51000213623047,228073.59269044985,0.5755365999321956,1.7375089614071646,168206.31846953434
2012-10-01 00:00:00+00:00,1.736388456861193,68.25,226562.24268717223,0.5739007646658865,1.7424615222148727,168213.74758193336
2012-10-02 00:00:00+00:00,1.7383145886171278,68.12999725341797,225860.40537221116,0.5731306784726935,1.7448027780764566,168221.45737869755
2012-10-03 00:00:00+00:00,1.7346431247879293,68.58999633789062,228513.404451343,0.5759739278711674,1.73618969819703,168229.21425701003
2012-10-04 00:00:00+00:00,1.7266253831738338,69.0,230877.21647136964,0.5784740894552725,1.7286858966175354,168236.97149300078
2012-10-05 00:00:00+00:00,1.7223518401240323,68.80000305175781,229712.67054361055,0.5772293660888851,1.7324135928420772,168244.6823541942
2012-10-08 00:00:00+00:00,1.7291089176774777,68.19000244140625,226176.55500641954,0.5734278780080093,1.7438984715459414,168252.3935688021
2012-10-09 00:00:00+00:00,1.7408670246127615,67.0999984741211,219863.97317343956,0.5664785707978479,1.7652918425344237,168260.10513684066
2012-10-10 00:00:00+00:00,1.762083899017665,66.80000305175781,218120.96191318746,0.5645115681390127,1.7714428834410474,168267.8637972442
2012-10-11 00:00:00+00:00,1.7689958593377837,66.66999816894531,217361.22038436966,0.5636422562243785,1.774175000111974,168275.62281540822
2012-10-12 00:00:00+00:00,1.77335178556515,66.55000305175781,216659.3776206609,0.5628353101808391,1.7767186633665537,168283.38219134914
2012-10-15 00:00:00+00:00,1.774032305616804,66.52999877929688,216535.90790201255,0.5626836990780735,1.7771973875170817,168291.1419250835
2012-10-16 00:00:00+00:00,1.7641336621325145,67.25,220692.82465879119,0.567345805899211,1.762593447597725,168298.90201662784
2012-10-17 00:00:00+00:00,1.745592159809729,67.68000030517578,223172.29931992275,0.5700748216502208,1.7541557038166598,168306.6624659986
2012-10-18 00:00:00+00:00,1.7464173045202438,67.04000091552734,219462.6600950347,0.5659506349576224,1.7669385600651877,168314.37652136164
2012-10-19 00:00:00+00:00,1.7619181893536764,65.5999984741211,211125.5919894649,0.5564023750650124,1.7972604805706585,168322.09093028554
2012-10-22 00:00:00+00:00,1.795516841864352,65.5,210539.41293754466,0.5557046511090913,1.7995170600141124,168329.8524489229
2012-10-23 00:00:00+00:00,1.7882559176715083,65.19000244140625,208738.59022700193,0.5535714362002913,1.806451588008207,168337.56756716012
2012-10-24 00:00:00+00:00,1.802006843797176,65.05999755859375,207978.89224450127,0.5526588667544888,1.8094344633834243,168345.28303900693
2012-10-25 00:00:00+00:00,1.8071893888387955,64.97000122070312,207450.52035304558,0.5520184301556719,1.811533719477437,168353.09238963682
2012-10-26 00:00:00+00:00,1.8072570608906426,64.6500015258789,205591.7948201339,0.5497802856412776,1.8189084369105284,168360.8553377859
2012-10-31 00:00:00+00:00,1.803092175327669,64.7300033569336,206046.78319282457,0.550315991762223,1.81713781712539,168368.61864389316
2012-11-01 00:00:00+00:00,1.8121223231284773,65.16999816894531,208583.9719631515,0.5533311868005327,1.8072359264298696,168376.47584609655
2012-11-02 00:00:00+00:00,1.7918643359302118,65.11000061035156,208229.11947163809,0.5528988508918171,1.808649083619935,168384.28664372608
2012-11-05 00:00:00+00:00,1.8073036041261665,65.04000091552734,207816.45839874636,0.5523970170535276,1.8102921795884706,168392.0510302769
2012-11-06 00:00:00+00:00,1.7978562311877138,65.45999908447266,210238.02699664675,0.5552482538082391,1.800996208707323,168399.86255042188
2012-11-07 00:00:00+00:00,1.795307043457793,63.900001525878906,201206.82480745993,0.5443694732899802,1.8369876509723202,168407.62765519504
2012-11-08 00:00:00+00:00,1.8305411376988234,63.15999984741211,196918.69457660665,0.5390099123222325,1.855253451076011,168415.39311802582
2012-11-09 00:00:00+00:00,1.8552534510760108,63.15999984741211,196910.9287557018,0.5389886555570785,1.855326619011002,168423.15893893072
2012-11-12 00:00:00+00:00,1.8485961733110796,63.25,197423.74718274668,0.5396234136938847,1.8531442013508994,168430.92511792624
2012-11-13 00:00:00+00:00,1.8489159807490296,62.779998779296875,194697.36969574267,0.5361554260723079,1.8651308023228628,168438.6916550289
2012-11-14 00:00:00+00:00,1.8600207122584225,62.13999938964844,190987.67763099133,0.5313565363048456,1.881975531823115,168446.45855025522
2012-11-15 00:00:00+00:00,1.879312380427187,61.79999923706055,189013.2598731628,0.5287565091837894,1.8912296730751208,168454.22580362172
2012-11-16 00:00:00+00:00,1.885000558488346,61.310001373291016,186171.21545725336,0.5249683639307459,1.9048766910684176,168461.99341514488
2012-11-19 00:00:00+00:00,1.8778743053317022,62.959999084472656,195707.46917801112,0.5373962256661032,1.8608243829038784,168469.76138484123
2012-11-20 00:00:00+00:00,1.8404554140090301,63.189998626708984,197030.07882884718,0.5390587616356995,1.8550853286673938,168477.52971272732
2012-11-21 00:00:00+00:00,1.8400419023189338,63.599998474121094,199393.85733355768,0.5420091196431135,1.84498740659281,168485.29839881964
2012-11-23 00:00:00+00:00,1.836974960583593,64.25,203145.86845122473,0.5466215964760219,1.8294191200033676,168493.0674431347
2012-11-26 00:00:00+00:00,1.8143473538420343,64.54000091552734,204815.54078649095,0.5486379732000158,1.8226955640116294,168500.83684568905
2012-11-27 00:00:00+00:00,1.8080897975291528,64.8499984741211,206600.87861798637,0.5507748717533639,1.8156238624622627,168508.60660649915
2012-11-28 00:00:00+00:00,1.8131196828199616,64.25,203122.5591687779,0.5465588762381902,1.829629054572705,168516.37672558153
2012-11-29 00:00:00+00:00,1.8006724667901606,65.58000183105469,210807.8698623127,0.5557344499766874,1.7994205686581948,168524.1472029528
2012-11-30 00:00:00+00:00,1.7922469517153334,65.61000061035156,210973.61987357808,0.5559171047521932,1.7988293424534256,168531.91803862934
2012-12-03 00:00:00+00:00,1.7946895686204183,65.63999938964844,211139.3695265216,0.5560995916302525,1.798239047556961,168539.6892326278
2012-12-04 00:00:00+00:00,1.4565029145503097,65.19999694824219,204376.6303435412,0.6843021307247962,1.4613428120424297,94287.68935844548
2012-12-05 00:00:00+00:00,1.4569389723975426,64.55000305175781,201394.80254683748,0.6811083813194493,1.4681951175858254,94292.06325959071
2012-12-06 00:00:00+00:00,1.4644973729016046,64.52999877929688,201298.82023771066,0.6809948160466458,1.4684399593601363,94296.41117139657
2012-12-07 00:00:00+00:00,1.460167435777422,64.70999908447266,202119.00695989252,0.6818675067498766,1.4665605709333516,94300.75928368948
2012-12-10 00:00:00+00:00,1.4642458335994106,64.75,202297.89249346248,0.6820493805933122,1.4661695009972793,94305.10759647867
2012-12-11 00:00:00+00:00,1.462296302309584,65.5199966430664,205820.6994148037,0.6857714748958287,1.4582117171786766,94309.45610977341
2012-12-12 00:00:00+00:00,1.453668098358578,65.6500015258789,206411.84324166097,0.686379185109461,1.4569206375926507,94313.83102065405
2012-12-13 00:00:00+00:00,1.4551026798297184,65.02999877929688,203567.39593169047,0.6833744045355704,1.4633266820691244,94318.20613448195
2012-12-14 00:00:00+00:00,1.4604257119732906,64.47000122070312,200997.84286194504,0.6806094131857192,1.4692714802742937,94322.55525176483
2012-12-17 00:00:00+00:00,1.4669303715446045,64.66000366210938,201863.81937654497,0.6815331649501721,1.4672800260176795,94326.93077030011
2012-12-18 00:00:00+00:00,1.4580296250453766,65.69999694824219,206623.41006916622,0.6865598599664807,1.4565372348578929,94331.28028988563
2012-12-19 00:00:00+00:00,1.4480932644615794,66.22000122070312,209001.0392002723,0.689006778146016,1.4513645318422073,94335.65621316574
2012-12-20 00:00:00+00:00,1.450969161492061,65.93000030517578,207668.24389910628,0.6876243475363438,1.4542824197293942,94340.03233944008
2012-12-21 00:00:00+00:00,1.4509995163414724,64.5999984741211,202832.32228116132,0.6854391220121663,1.458918768838891,93083.55962200371
2012-12-24 00:00:00+00:00,1.4527834199357403,64.91999816894531,204293.84006084705,0.6869751161006012,1.4556568011898106,93087.87766490834
2012-12-26 00:00:00+00:00,1.4541293906551818,64.29000091552734,201403.64151336905,0.6838929391765415,1.4622171727698712,93092.22176586605
2012-12-27 00:00:00+00:00,1.4600200082823198,63.599998474121094,198238.6003784367,0.6804486406192843,1.4696186314515791,93096.54021059794
2012-12-28 00:00:00+00:00,1.4610949048569852,63.75,198921.39992015302,0.6811857450663291,1.468028371472493,93100.85885565773
2012-12-31 00:00:00+00:00,1.4677052765654475,63.58000183105469,198138.36343894177,0.6803184807579977,1.4698998017602276,93105.17770105465
2013-01-02 00:00:00+00:00,1.453643841452305,66.4800033569336,211418.40809422795,0.6942501766635522,1.4404029463929406,93109.2898464031
2013-01-03 00:00:00+00:00,1.7511079672087546,66.6500015258789,211497.83838854232,0.5675074007272685,1.7620915581338434,161180.717199464
2013-01-04 00:00:00+00:00,1.758083181357314,66.47000122070312,210483.8759897721,0.5663160965681027,1.7657982989712608,161188.1941938452
2013-01-07 00:00:00+00:00,1.7625571646687979,66.25,209246.2898554153,0.5648558666548636,1.7703631298407259,161195.6267605775
2013-01-08 00:00:00+00:00,1.7622157857105993,66.16999816894531,208791.52061948832,0.5643096730122595,1.7720766590124981,161203.0596700337
2013-01-09 00:00:00+00:00,1.7649070381442444,66.55000305175781,210908.95836648616,0.5667776382438374,1.7643603637901164,161210.44814360185
2013-01-10 00:00:00+00:00,1.759928139099903,66.55000305175781,210901.61433495957,0.5667579025584685,1.7644218024764764,161217.79217512844
2013-01-11 00:00:00+00:00,1.752059627669659,67.0,213410.46214967436,0.5696481137815146,1.7554696940215704,161225.1365412164
2013-01-14 00:00:00+00:00,1.7503580103190088,66.66999816894531,211557.887097573,0.5674982646143192,1.7621199259166298,161232.48124188106
2013-01-15 00:00:00+00:00,1.7563228152716701,66.33000183105469,209649.42666532585,0.5652615302332553,1.769092617336527,161239.82627713765
2013-01-16 00:00:00+00:00,1.76298779848576,66.5999984741211,211151.74328303515,0.5670041168816178,1.7636556247593973,161247.216435842
2013-01-17 00:00:00+00:00,1.757636599205531,67.05999755859375,213716.51746320524,0.5699546687387472,1.754525499743515,161254.56214236855
2013-01-18 00:00:00+00:00,1.7513800284835948,66.7699966430664,212087.60923383964,0.5680671846074574,1.7603551606154022,161261.9081835328
2013-01-22 00:00:00+00:00,1.754388386324094,66.7300033569336,211856.6373551271,0.5677886256247422,1.7612187966951474,161269.25455935005
2013-01-23 00:00:00+00:00,1.7522840226929066,67.45999908447266,215931.1173077519,0.572446179314693,1.7468891157543498,161276.60126983555
2013-01-24 00:00:00+00:00,1.7443832961442083,66.55999755859375,210891.3880396932,0.5666453223108822,1.7647723551688717,161283.9035159486
2013-01-25 00:00:00+00:00,1.7627498760481808,66.73999786376953,211890.48126517117,0.5677942877898494,1.7612012334476277,161291.29569485973
2013-01-28 00:00:00+00:00,1.7560140741037755,66.93000030517578,212945.54666087253,0.569001609940461,1.7574642716821796,161298.6434094414
2013-01-29 00:00:00+00:00,1.7531136503224087,66.62999725341797,211260.7087174664,0.5670413072814697,1.7635399523083015,161305.99145875225
2013-01-30 00:00:00+00:00,1.752977167412043,66.87000274658203,212595.45892726298,0.5685758414329285,1.7587803194025857,161313.25022836792
2013-01-31 00:00:00+00:00,1.755798646809164,66.80999755859375,212252.6762559796,0.5681689276656628,1.7600399305687597,161320.5093246282
2013-02-01 00:00:00+00:00,1.758840375208361,67.06999969482422,213699.10413016213,0.5698232392972185,1.7549301801613648,161327.90318130553
2013-02-04 00:00:00+00:00,1.743452875347717,66.45999908447266,210280.8899141619,0.5658551012131212,1.7672368736380168,161335.25256356157
2013-02-05 00:00:00+00:00,1.766828971757624,66.61000061035156,211112.32995949616,0.5668131553304879,1.7642498071819392,161342.55746527488
2013-02-06 00:00:00+00:00,1.7474228663574383,67.04000091552734,213509.40415638837,0.5695721649038864,1.7557037749004938,161349.86269773787
2013-02-07 00:00:00+00:00,1.7517662489952839,66.55999755859375,210818.12329467616,0.5664484668326187,1.7653856591609285,161357.16826096558
2013-02-08 00:00:00+00:00,1.750652357086694,67.62999725341797,216793.80212110974,0.5732885294908492,1.744322358739888,161364.47415497294
2013-02-11 00:00:00+00:00,1.7374747682361678,67.77999877929688,217625.1960198903,0.574213473545392,1.7415126012729294,161371.82520324003
2013-02-12 00:00:00+00:00,1.737156290888349,67.66000366210938,216946.8828073761,0.5734389091647962,1.7438649244371691,161379.1765863882
2013-02-13 00:00:00+00:00,1.7425252840909762,67.7699966430664,217554.61004035285,0.5741119497520456,1.7418205637975173,161386.48347688362
2013-02-14 00:00:00+00:00,1.7380267328205972,67.62000274658203,216708.55570273136,0.5731478052742708,1.7447506398833121,161393.83552779758
2013-02-15 00:00:00+00:00,1.7384629200194945,67.55999755859375,216365.67974186756,0.572749222515661,1.7459648318818215,161401.18791363828
2013-02-19 00:00:00+00:00,1.7423198437535385,67.86000061035156,218035.72724785344,0.574618446446003,1.7402852382915455,161408.63030174762
2013-02-20 00:00:00+00:00,1.7331406968003105,67.18000030517578,214226.05589797685,0.5702930128660435,1.753484572736455,161416.02819730307
2013-02-21 00:00:00+00:00,1.753287912882599,66.2300033569336,208906.67743261633,0.5641093587925752,1.7727059202499478,161423.4264319288
2013-02-22 00:00:00+00:00,1.7677739249656035,66.58999633789062,210912.16216750233,0.5664458416940323,1.765393840670391,161430.86984548095
2013-02-25 00:00:00+00:00,1.7543937616826442,66.25,209003.60301373564,0.5642007387365745,1.7724188065391746,161438.31360225714
2013-02-26 00:00:00+00:00,1.7711809499341238,65.95999908447266,207374.64156949412,0.5622646339333056,1.7785219621666928,161445.71285829725
2013-02-27 00:00:00+00:00,1.7661274409425451,66.47000122070312,210219.0025761787,0.5656034430360185,1.76802318357938,161453.0676074386
2013-02-28 00:00:00+00:00,1.7526090006610997,67.08999633789062,213678.39737128574,0.5695982019014968,1.7556235196348715,161460.4226916296
2013-03-01 00:00:00+00:00,1.7554257961762865,66.54000091552734,210595.70069330858,0.5660208880757651,1.7667192520042552,161467.77811088556
2013-03-04 00:00:00+00:00,1.7499922199171936,67.06999969482422,213551.87344624597,0.5694306524140187,1.7561400949538721,161475.1338652217
2013-03-05 00:00:00+00:00,1.744252838737858,68.08000183105469,219191.93145416447,0.5757988125101083,1.736717718538964,161482.57966306104
2013-03-06 00:00:00+00:00,1.7256115563070709,68.41999816894531,221085.64556625386,0.5778874299459288,1.7304408232128652,161489.98094796226
2013-03-07 00:00:00+00:00,1.7287818746907588,68.44999694824219,221245.98439946858,0.5780530859360649,1.7299449208555984,161497.38257208903
2013-03-08 00:00:00+00:00,1.7255439977716782,68.5,221518.13344484585,0.5783416529441429,1.7290817545465318,161504.829395841
2013-03-11 00:00:00+00:00,1.7241464977449301,68.47000122070312,221342.99068282376,0.5781375771888972,1.7296921000401706,161512.2317005216
2013-03-12 00:00:00+00:00,1.7205903084405365,68.38999938964844,220888.20684789115,0.5776246121008053,1.7312281697329805,161519.67920898338
2013-03-13 00:00:00+00:00,1.7251703257487856,68.38999938964844,220880.80386259416,0.5776052532288601,1.7312861931395516,161527.08219428043
2013-03-14 00:00:00+00:00,1.7268700775453056,68.70999908447266,222662.7480521704,0.5795532986698541,1.7254668419541785,161534.44065024707
2013-03-15 00:00:00+00:00,1.7227443471745052,68.33999633789062,221253.24132554396,0.5790025156651943,1.727108212735721,160875.0488622014
2013-03-18 00:00:00+00:00,1.7239976034739761,67.7300033569336,217835.00102488667,0.5751913218236814,1.7385519601190005,160882.46698945452
2013-03-19 00:00:00+00:00,1.7267986726263465,67.62000274658203,217212.50577176322,0.5744806454803105,1.740702681400036,160889.88545876573
2013-03-20 00:00:00+00:00,1.7292513255381718,68.38999938964844,221510.62647835875,0.5792522449325587,1.7263636157619522,160897.2595785159
2013-03-21 00:00:00+00:00,1.7205432630891675,67.7699966430664,218036.4594809899,0.5753835179426702,1.7379712293038563,160904.63403624657
2013-03-22 00:00:00+00:00,1.7349554742073547,68.12999725341797,220042.01079830978,0.5776077259803196,1.731278781465039,160912.05352770493
2013-03-25 00:00:00+00:00,1.7228294674401938,68.01000213623047,219363.67383315714,0.5768430739966688,1.7335737310174844,160919.4286634916
2013-03-26 00:00:00+00:00,1.7274547120520671,68.44999694824219,221816.56283425228,0.57954384576111,1.725494985951768,160926.80413730533
2013-03-27 00:00:00+00:00,1.7207709363279857,68.13999938964844,220075.85678463694,0.5776117723605689,1.7312666532283885,160934.1352472716
2013-03-28 00:00:00+00:00,1.7192062552321088,68.63999938964844,222864.40279848292,0.5806697406979138,1.7221493215714812,160941.37728335772
2013-04-01 00:00:00+00:00,1.7162193050085324,68.30999755859375,221011.88537913028,0.5786249012761274,1.7282353348335884,160948.6643512736
2013-04-02 00:00:00+00:00,1.7247514252935776,68.7699966430664,223576.58374408178,0.5814241582300635,1.7199147745152865,160956.08587301872
2013-04-03 00:00:00+00:00,1.7150860009954747,68.23999786376953,220605.67808287241,0.5781538764933182,1.7296433365894022,160963.46302695456
2013-04-04 00:00:00+00:00,1.7265127585599187,68.05999755859375,219591.8598985009,0.577018939211074,1.733045368263379,160970.79580693692
2013-04-05 00:00:00+00:00,1.7262033972963728,67.19000244140625,214719.8828802057,0.5715225424025916,1.7497122612104783,160978.1289209681
2013-04-08 00:00:00+00:00,1.7368558972774326,67.69000244140625,217508.29276589555,0.5746680470101763,1.7401350313501802,160985.5070852103
2013-04-09 00:00:00+00:00,1.7301863165803217,68.08999633789062,219737.5105751609,0.5771472747902515,1.7326600049587393,160992.8855876184
2013-04-10 00:00:00+00:00,1.721822842270365,68.87999725341797,224147.48197270493,0.5819779138455157,1.7182782648783592,161000.26442820783
2013-04-11 00:00:00+00:00,1.698416426680109,69.7699966430664,229116.6021099704,0.587291368391891,1.70273232984537,161007.64360699413
2013-04-12 00:00:00+00:00,1.6989794283551736,69.41000366210938,227096.2944445336,0.5851318530654201,1.7090165144166163,161015.02312399278
2013-04-15 00:00:00+00:00,1.6998832784363316,68.4800033569336,221888.74711001993,0.5794784170121652,1.7256898111168248,161022.4029792193
2013-04-16 00:00:00+00:00,1.7242298748197002,68.80999755859375,223726.55460764669,0.5814759437058996,1.7197616011880665,161029.78317268917
2013-04-17 00:00:00+00:00,1.7080815081176557,67.70999908447266,217568.44889813554,0.574657220220692,1.7401678162434973,161037.1637044179
2013-04-18 00:00:00+00:00,1.73263619720919,66.87999725341797,212920.04962676365,0.5693588455387768,1.756361577299661,161044.54457442104
2013-04-19 00:00:00+00:00,1.750644796652859,67.19999694824219,214701.9710640135,0.5713898721098076,1.7501185246906574,161051.92578271404
2013-04-22 00:00:00+00:00,1.73312567000343,68.08000183105469,219615.2037879131,0.5769107134159671,1.7333704795996308,161059.3073293124
2013-04-23 00:00:00+00:00,1.720348639263453,68.81999969482422,223745.57627199808,0.5814408643895076,1.7198653573308178,161066.68921423165
2013-04-24 00:00:00+00:00,1.708707382050122,69.12000274658203,225415.72868358472,0.5832385607783174,1.7145642748063927,161074.0266967403
2013-04-25 00:00:00+00:00,1.709286071878135,69.58999633789062,228036.44054184854,0.5860345216796802,1.7063841173277992,161081.31977072684
2013-04-26 00:00:00+00:00,1.7029367609792858,69.2699966430664,226239.84449210504,0.5841033366223568,1.7120258305364464,161088.61317492757
2013-04-29 00:00:00+00:00,1.706785263212876,69.76000213623047,228972.45376205342,0.5870059631802262,1.7035602067520628,161095.90690935744
2013-04-30 00:00:00+00:00,1.6959127790186503,70.04000091552734,230530.7941796869,0.5886383639632775,1.6988359257915875,161103.20097403138
2013-05-01 00:00:00+00:00,1.6874966584982776,70.25,231697.68089559537,0.5898493679603586,1.6953480910862078,161110.54011985354
2013-05-02 00:00:00+00:00,1.4554807916010026,70.44999694824219,229696.8083535994,0.6873104587446185,1.4549465780376936,104499.77694664994
2013-05-03 00:00:00+00:00,1.4472796001577761,71.91000366210938,236617.91344941774,0.6936450317516378,1.4416595725838828,104504.56651976
2013-05-06 00:00:00+00:00,1.4398079439847973,72.19000244140625,237941.39455925586,0.6948193692773678,1.4392229753756418,104509.3272833459
2013-05-07 00:00:00+00:00,1.4373917616831868,72.08999633789062,237462.23045953075,0.6943820886370708,1.4401293126134551,104514.08826381105
2013-05-08 00:00:00+00:00,1.4377680667961314,72.19999694824219,237979.34180324356,0.6948339822441121,1.439192707256905,104518.79139778292
2013-05-09 00:00:00+00:00,1.4347727700250374,72.47000122070312,239255.46897263004,0.6959572697131751,1.4368698245111085,104523.49474339582
2013-05-10 00:00:00+00:00,1.4356605260241226,72.62999725341797,240009.74526080466,0.6966133911981979,1.4355164753292602,104528.19830065926
2013-05-13 00:00:00+00:00,1.43193087655926,72.86000061035156,241096.11799755186,0.6975575081939636,1.433573559532154,104532.9020695828
2013-05-14 00:00:00+00:00,1.431198012135487,73.12999725341797,242372.20834008156,0.6986605690763885,1.4313102016362174,104537.60605017592
2013-05-15 00:00:00+00:00,1.4280428984734856,73.19999694824219,242699.59365438914,0.6989352702729451,1.4307476565168682,104542.28120422426
2013-05-16 00:00:00+00:00,1.4268266058952204,73.55000305175781,244355.22778539173,0.7003544787222761,1.4278483687637666,104546.98560687846
2013-05-17 00:00:00+00:00,1.427516444264071,73.7300033569336,245204.4271579095,0.7010726484358694,1.4263856994436364,104551.66118040141
2013-05-20 00:00:00+00:00,1.4217351195093109,73.88999938964844,245958.7602628506,0.7017066670980112,1.42509690571363,104556.30792089833
2013-05-21 00:00:00+00:00,1.4226514109914103,73.88999938964844,245954.1133158319,0.7016934096165489,1.4251238308572192,104560.95486791703
2013-05-22 00:00:00+00:00,1.4220307484480343,73.23999786376953,242866.05589118507,0.6990326605626854,1.4305483225848865,104565.572976757
2013-05-23 00:00:00+00:00,1.4273761727552907,72.83000183105469,240916.55136453628,0.6973250833541833,1.4340513827351926,104570.162243571
2013-05-24 00:00:00+00:00,1.4288164143654294,72.76000213623047,240579.90142794844,0.6970205942161787,1.4346778392172632,104574.7517118028
2013-05-28 00:00:00+00:00,1.4291772056994703,73.66000366210938,244844.6574399515,0.7007092755827179,1.4271253925793812,104579.3704300034
2013-05-29 00:00:00+00:00,1.425230543533043,73.12000274658203,242278.41367963533,0.6984856576035444,1.431668623563339,104583.9893521974
2013-05-30 00:00:00+00:00,1.4281477745929902,73.55000305175781,244313.63396498456,0.7002352653186041,1.42809145658353,104588.57942728564
2013-05-31 00:00:00+00:00,1.4249560218047606,73.16999816894531,242506.3986957589,0.6986652268509363,1.4313006595551592,104593.16970382717
2013-06-03 00:00:00+00:00,1.4306267544242788,72.43000030517578,238991.4204712081,0.6955731254634616,1.4376633647737587,104597.78923548908
2013-06-04 00:00:00+00:00,1.7511222476434907,72.69999694824219,239384.98880732735,0.5670310424079054,1.7635718773940239,182787.6453235583
2013-06-05 00:00:00+00:00,1.7580551030465892,71.98999786376953,235253.81281294682,0.5627413454086367,1.7770153342364534,182795.8199932519
2013-06-06 00:00:00+00:00,1.7758661368948225,71.47000122070312,232226.09198897428,0.5595405154381632,1.7871806820225042,182803.8934753016
2013-06-07 00:00:00+00:00,1.7692903642098197,72.5199966430664,238315.34497660605,0.5658985045275609,1.7671013300076626,182812.01809278943
2013-06-10 00:00:00+00:00,1.751176805568988,73.26000213623047,242604.5208676487,0.5702644213902164,1.7535724875876961,182820.09229025518
2013-06-11 00:00:00+00:00,1.7506975329363814,72.44000244140625,237834.66576773676,0.5653807451704819,1.7687195903681956,182828.16684433134
2013-06-12 00:00:00+00:00,1.7640557296159893,71.73999786376953,233761.62814933358,0.5611205554243356,1.7821482216843243,182836.2417550336
2013-06-13 00:00:00+00:00,1.7800167406110823,71.55000305175781,232650.29399135805,0.559935836139163,1.7859189133082496,182844.2662345329
2013-06-14 00:00:00+00:00,1.7628783850700784,72.16999816894531,236242.56201139733,0.5636970524604152,1.7740025349347084,182852.34185629158
2013-06-17 00:00:00+00:00,1.771915343373481,72.5999984741211,238731.4692039698,0.566261941421807,1.7659671732292932,182860.4686270408
2013-06-18 00:00:00+00:00,1.758951822310833,73.05999755859375,241394.5297003117,0.5689735598355786,1.7575509137700156,182868.64655355437
2013-06-19 00:00:00+00:00,1.748191514986721,72.68000030517578,239179.63694997638,0.5667005005579326,1.7646005235842774,182876.8756426493
2013-06-20 00:00:00+00:00,1.7631182674369743,70.79000091552734,228196.18509533367,0.5551122051412223,1.8014376025935095,182885.00350378896
2013-06-21 00:00:00+00:00,1.7965726337411976,69.83999633789062,223646.9159334541,0.5514460371721338,1.8134140651877602,181917.54705613616
2013-06-24 00:00:00+00:00,1.8011408992117206,69.1500015258789,219631.99522700123,0.5469501266612745,1.8283202640508731,181925.63228044976
2013-06-25 00:00:00+00:00,1.8158096597855733,69.80999755859375,223456.54066594987,0.5512133949054484,1.81417942532317,181933.71786410664
2013-06-26 00:00:00+00:00,1.8051818527881687,70.58999633789062,227977.99842510588,0.5561527530263662,1.7980671579137033,181941.75326997897
2013-06-27 00:00:00+00:00,1.79241539900832,71.12999725341797,231105.77584880692,0.5595028744285192,1.7873009160523226,181949.7890307484
2013-06-28 00:00:00+00:00,1.7865103843726495,70.79000091552734,229123.36345269205,0.5573676680110219,1.794147844220173,181957.82514643058
2013-07-01 00:00:00+00:00,1.7846028957520697,71.63999938964844,234051.4130751316,0.5626003634591404,1.7774606362703254,181965.76052936056
2013-07-02 00:00:00+00:00,1.5504635424202104,71.3499984741211,230104.18465503262,0.6431612147452951,1.554820124525109,127666.43238405386
2013-07-03 00:00:00+00:00,1.5501446360020281,71.41999816894531,230449.51037476835,0.6434951132508686,1.55401335520344,127672.10644771539
2013-07-05 00:00:00+00:00,1.5467563238984103,71.86000061035156,232650.14227234139,0.645662263174544,1.5487973465930542,127677.7807635575
2013-07-08 00:00:00+00:00,1.540411152395967,72.37999725341797,235251.88920152874,0.6481922820279646,1.54275209336241,127683.45533159144
2013-07-09 00:00:00+00:00,1.5396464076165641,72.6500015258789,236600.09801447182,0.6494842002477835,1.539683335820166,127689.13015182839
2013-07-10 00:00:00+00:00,1.5346973462462792,72.9800033569336,238249.152602082,0.6510536586455403,1.535971707893343,127694.80522427958
2013-07-11 00:00:00+00:00,1.5300591077751218,74.25,244611.66260585055,0.657007004492711,1.5220537881055336,127700.44507817698
2013-07-12 00:00:00+00:00,1.514460690692902,74.81999969482422,247464.17452655325,0.6596049876643789,1.5160588817573062,127706.08518116793
2013-07-15 00:00:00+00:00,1.5110879445335335,75.16999816894531,249213.53309144388,0.6611749342581947,1.5124590304106886,127711.72553326342
2013-07-16 00:00:00+00:00,1.5093842770290666,75.18000030517578,249258.04624674874,0.6612050496139042,1.5123901436988834,127717.36613447449
2013-07-17 00:00:00+00:00,1.5104391105877757,75.3499984741211,250104.82797664625,0.6619544798814494,1.5106778946176054,127723.00698481209
2013-07-18 00:00:00+00:00,1.50853683655498,75.25,249597.76408033323,0.6614903066245952,1.5117379498767374,127728.64808428726
2013-07-19 00:00:00+00:00,1.5105072190317292,74.37000274658203,245179.5485609863,0.657469698308698,1.5209826438730805,127734.28943291097
2013-07-22 00:00:00+00:00,1.5186491313009796,74.58000183105469,246226.9063133946,0.6584190942226247,1.5187894895130123,127739.93103069426
2013-07-23 00:00:00+00:00,1.516370930175549,74.19999694824219,244315.80427990685,0.6566545717440799,1.5228706888371946,127745.57287764811
2013-07-24 00:00:00+00:00,1.5222275455862957,74.33000183105469,244962.0462501571,0.65723995289498,1.521514319991118,127751.21497378356
2013-07-25 00:00:00+00:00,1.5197058398622163,74.45999908447266,245608.24971510758,0.6578232542030165,1.5201651714358237,127756.85731911156
2013-07-26 00:00:00+00:00,1.514804953300677,74.55000305175781,246053.9144170051,0.6582212684736882,1.519245955571814,127762.49991364316
2013-07-29 00:00:00+00:00,1.5107116173339745,75.02999877929688,248455.1163005235,0.6603927596679458,1.5142503992666625,127768.14275738936
2013-07-30 00:00:00+00:00,1.5121829834296954,75.3499984741211,250054.084602248,0.661820176980226,1.5109844558726384,127773.75035921039
2013-07-31 00:00:00+00:00,1.5081314088651052,75.62999725341797,251452.44039519597,0.6630573116184498,1.5081652558194558,127779.39369985124
2013-08-01 00:00:00+00:00,1.5067505205108132,76.20999908447266,254355.10258551722,0.6656068704757032,1.5023883381571903,127785.03728973964
2013-08-02 00:00:00+00:00,1.7508784467727945,76.37999725341797,254936.39376232732,0.5702246260760526,1.753694867374295,192144.2514855783
2013-08-05 00:00:00+00:00,1.7436213492028996,76.77999877929688,257269.26568816722,0.5724447482743054,1.7468934827589995,192152.73785668556
2013-08-06 00:00:00+00:00,1.7428372824639682,76.25,254158.55155407116,0.5694540003082681,1.7560680923457561,192161.17122684707
2013-08-07 00:00:00+00:00,1.750708507935116,75.87000274658203,251925.79861530787,0.5672784863405765,1.762802616490608,192169.65834524287
2013-08-08 00:00:00+00:00,1.753177850016387,76.30000305175781,254434.26347618582,0.5696981502744533,1.755315511412926,192178.14583848647
2013-08-09 00:00:00+00:00,1.7467261280387565,76.2699966430664,254250.1368932085,0.5695098469411802,1.755895890775145,192186.63370659435
2013-08-12 00:00:00+00:00,1.7520866536562743,76.19000244140625,253773.46610216246,0.5690389486601278,1.757348951868098,192195.06856440703
2013-08-13 00:00:00+00:00,1.7490559521562477,76.22000122070312,253940.62493132756,0.569189659982211,1.7568836370485947,192203.50379241628
2013-08-14 00:00:00+00:00,1.7418361711246122,76.69999694824219,256741.78356328607,0.5718669217709889,1.748658581096359,192211.93939063826
2013-08-15 00:00:00+00:00,1.7467857406133174,75.29000091552734,248480.0609115676,0.563829781767785,1.7735849228550562,192220.42875129468
2013-08-16 00:00:00+00:00,1.7695964847967924,75.3499984741211,248822.81268487667,0.5641579552284683,1.7725532197716287,192228.86509233434
2013-08-19 00:00:00+00:00,1.7701977477823734,75.33000183105469,248697.27475778392,0.5640230044559865,1.7729773291153677,192237.35520054254
2013-08-20 00:00:00+00:00,1.7726137033020173,75.43000030517578,249274.11268440884,0.5645817543689929,1.7712226657371422,192245.84568373056
2013-08-21 00:00:00+00:00,1.7667216885807318,75.13999938964844,247568.13817738032,0.5628819635362745,1.7765714035631126,192254.3365419149
2013-08-22 00:00:00+00:00,1.7714641973481065,75.70999908447266,250896.12140756406,0.5661538644433697,1.7663042907658655,192262.77437112984
2013-08-23 00:00:00+00:00,1.7583427929852067,76.4000015258789,254926.47174748746,0.5700531336420701,1.7542224417064403,192271.26597699788
2013-08-26 00:00:00+00:00,1.7495755231981838,76.55000305175781,255796.04811882548,0.5708767916935837,1.7516914587355423,192279.7045492269
2013-08-27 00:00:00+00:00,1.748949416746611,74.95999908447266,246480.72222673823,0.5617552690824744,1.7801346156188602,192288.14349181548
2013-08-28 00:00:00+00:00,1.7768140384337476,75.05000305175781,246999.1631563654,0.5622617461233245,1.7785310967619405,192296.52939140663
2013-08-29 00:00:00+00:00,1.771582873171042,75.30000305175781,248454.12024443588,0.5636960334493427,1.7740057418549606,192304.91565671618
2013-08-30 00:00:00+00:00,1.762155023713611,75.19999694824219,247860.30712785173,0.5630966322070166,1.7758941233240417,192313.35570579223
2013-09-03 00:00:00+00:00,1.7709781226009202,75.54000091552734,249842.09031132626,0.5650441570650774,1.7697731893984134,192321.74270491605
2013-09-04 00:00:00+00:00,1.7633350692359826,75.93000030517578,252116.40815968072,0.5672591096220183,1.7628628311783832,192330.23691521888
2013-09-05 00:00:00+00:00,1.7492937281549497,76.7300033569336,256790.683593177,0.5717521620920987,1.7490095644604113,192338.67807561683
2013-09-06 00:00:00+00:00,1.7471363314817059,76.05000305175781,252801.9463548043,0.5679040251581402,1.7608609125838421,192347.11960648795
2013-09-09 00:00:00+00:00,1.7456676022645803,77.2300033569336,259700.48686770548,0.574487362354578,1.7406823292011642,192355.56150784844
2013-09-10 00:00:00+00:00,1.7307994873257864,77.91999816894531,263730.84188393573,0.5782368390947035,1.7293951757996178,192364.0037797146
2013-09-11 00:00:00+00:00,1.7247305026454607,77.58999633789062,261790.77529723902,0.5764244279978649,1.7348327923460316,192372.4464221027
2013-09-12 00:00:00+00:00,1.7271909279054884,77.8499984741211,263304.2218759826,0.5778205505079004,1.730641111883277,192380.889435029
2013-09-13 00:00:00+00:00,1.728051465821303,77.63999938964844,262066.575434586,0.5766600690525863,1.7341238862661894,192389.33281850975
2013-09-16 00:00:00+00:00,1.727301186038797,77.66999816894531,262233.72573770897,0.5768050045039413,1.733688147973007,192397.77657256124
2013-09-17 00:00:00+00:00,1.7307521144672195,77.9800033569336,264039.8577384944,0.5784688930692464,1.728701425402824,192406.22069719972
2013-09-18 00:00:00+00:00,1.7224552864528901,78.33000183105469,266080.08500644576,0.5803339839573404,1.723145684457295,192414.6651924414
2013-09-19 00:00:00+00:00,1.7078847681766056,79.36000061035156,272100.6076112792,0.5857625719873916,1.70717633359054,192423.11005830264
2013-09-20 00:00:00+00:00,1.705052968822688,78.94999694824219,270737.03154299466,0.5858538855782534,1.7069102460811938,191386.7815913503
2013-09-23 00:00:00+00:00,1.7062994203141528,78.45999908447266,267860.4913213323,0.5832491730945056,1.714533078022842,191395.18134454227
2013-09-24 00:00:00+00:00,1.7088021161010059,78.56999969482422,268495.9126822591,0.5838142573751103,1.7128735507353043,191403.63463171828
2013-09-25 00:00:00+00:00,1.708855612555287,78.4000015258789,267492.39625927794,0.5828934021437829,1.7155795490602053,191412.08829224788
2013-09-26 00:00:00+00:00,1.713082977192823,78.8499984741211,270117.995568409,0.5852556276637001,1.7086550777682064,191420.48915612293
2013-09-27 00:00:00+00:00,1.7037748954466154,78.58999633789062,268587.70474415936,0.5838652509190149,1.7127239520180062,191428.89038870257
2013-09-30 00:00:00+00:00,1.7053454828513173,78.0,265125.83426457574,0.5806991826947104,1.7220620069750083,191437.29199000297
2013-10-01 00:00:00+00:00,1.7083009024283677,78.8499984741211,270092.8971185427,0.5852012476917217,1.708813854967702,191445.58760598922
2013-10-02 00:00:00+00:00,1.696289313143903,79.05999755859375,271313.6978423358,0.5862848790123035,1.7056554514669897,191453.9899401119
2013-10-03 00:00:00+00:00,1.69678615938096,78.30000305175781,266856.8166803729,0.582251064796996,1.7174721704436107,191462.33946133984
2013-10-04 00:00:00+00:00,1.7109228266915408,78.6500015258789,268897.08537422295,0.5840918263075644,1.7120595683073836,191470.74253068288
2013-10-07 00:00:00+00:00,1.700621184523679,78.66999816894531,269005.72975496313,0.5841792943408614,1.711803224947087,191479.1459688273
2013-10-08 00:00:00+00:00,1.7107206952766172,77.19000244140625,260334.35830430052,0.5761879927658439,1.7355446704117425,191487.54977578926
2013-10-09 00:00:00+00:00,1.735048884082891,76.3499984741211,255409.09723914627,0.5715064006518515,1.7497616804630973,191495.95395158496
2013-10-10 00:00:00+00:00,1.7390905256832545,77.79000091552734,263829.5115071117,0.5794198456704078,1.7258642545164589,191504.4116895511
2013-10-11 00:00:00+00:00,1.7128947916557717,78.4000015258789,267391.6147504584,0.5826737888860959,1.7162261613169718,191512.86980106743
2013-10-14 00:00:00+00:00,1.7034450772341454,78.68000030517578,269022.0404779104,0.584140447239003,1.7119170650253683,191521.38148416972
2013-10-15 00:00:00+00:00,1.6951287603106915,79.37999725341797,273110.8719428973,0.5877893035402996,1.7012898907430334,191529.893545569
2013-10-16 00:00:00+00:00,1.6997899936050906,79.79000091552734,275502.2640384212,0.5898892360368507,1.6952335098000153,191538.40598528212
2013-10-17 00:00:00+00:00,1.6866265266628344,79.94999694824219,276430.2145394265,0.5906916458440501,1.6929306636309063,191546.9720084387
2013-10-18 00:00:00+00:00,1.6801135030311238,81.3499984741211,284616.4330511378,0.5977178034609085,1.6730303066259615,191555.48520719464
2013-10-21 00:00:00+00:00,1.662136357615402,82.06999969482422,288822.3554769833,0.6012293082744044,1.6632589034458622,191563.99878431496
2013-10-22 00:00:00+00:00,1.6597823171560324,81.93000030517578,287994.4260284264,0.6005302590784994,1.6651950253672116,191572.4595275946
2013-10-23 00:00:00+00:00,1.6582382845015369,81.55000305175781,285761.7523056686,0.5986512422961937,1.6704216567970165,191580.86742998497
2013-10-24 00:00:00+00:00,1.6649733726423144,81.87999725341797,287684.92332087806,0.6002512213421117,1.665969121668896,191589.27570138886
2013-10-25 00:00:00+00:00,1.660193099220185,82.5,291305.62227359734,0.6032379946107737,1.6577205165023277,191597.6843418224
2013-10-28 00:00:00+00:00,1.6524762623799354,82.55000305175781,291589.89979787194,0.6034609225491888,1.6571081285192726,191606.09335130185
2013-10-29 00:00:00+00:00,1.6522635847979288,82.69999694824219,292459.4607052023,0.6041627577527112,1.6551831227063292,191614.5027298434
2013-10-30 00:00:00+00:00,1.6504961917998997,82.58000183105469,291748.674728885,0.6035701775833576,1.6568081676995918,191622.9124774632
2013-10-31 00:00:00+00:00,1.6515790776922776,82.4800033569336,291154.9362023577,0.6030721274630595,1.6581764509772572,191631.3225941775
2013-11-01 00:00:00+00:00,1.6540999788072588,82.4000015258789,290678.29835652723,0.6026694245110936,1.6592844423976456,191639.6798490795
2013-11-04 00:00:00+00:00,1.6538859156335524,82.63999938964844,292074.6846190019,0.6038059391050239,1.656161251878749,191648.0907016951
2013-11-05 00:00:00+00:00,1.6523698001471685,82.37000274658203,290485.88222497865,0.6024898282652322,1.659779058642917,191656.50192345367
2013-11-06 00:00:00+00:00,1.651249280500094,82.7300033569336,292584.68863554375,0.6042022282239575,1.6550749952370805,191664.91351437144
2013-11-07 00:00:00+00:00,1.6515556286952717,81.37000274658203,284615.68526044756,0.5975692884899583,1.6734461078596816,191673.32547446457
2013-11-08 00:00:00+00:00,1.6724780047150027,81.51000213623047,285426.74163644004,0.5982428607668905,1.6715619451239168,191681.7378037493
2013-11-11 00:00:00+00:00,1.6576702113366046,82.13999938964844,289105.93811169505,0.6013067596808955,1.6630446671357646,191690.1505022418
2013-11-12 00:00:00+00:00,1.6594397525517206,82.12000274658203,288980.47722509404,0.6011921733619066,1.6633616409341019,191698.56356995826
2013-11-13 00:00:00+00:00,1.6577659143227945,82.0,288269.64290174464,0.6005910099466988,1.6650265878750798,191706.97700691497
2013-11-14 00:00:00+00:00,1.6448617417872196,83.13999938964844,294934.071214329,0.6060503385446846,1.6500279537856726,191715.39081312803
2013-11-15 00:00:00+00:00,1.6416235305882225,83.61000061035156,297676.6964341539,0.6082475665165353,1.64406740782713,191723.85824288893
2013-11-18 00:00:00+00:00,1.639665102076555,82.9800033569336,293980.61945666734,0.6052558865855323,1.6521937616193414,191732.32604662798
2013-11-19 00:00:00+00:00,1.6501227044978881,82.76000213623047,292684.4019827279,0.6041890559664586,1.6551110784362086,191740.7942243617
2013-11-20 00:00:00+00:00,1.6532819951399633,82.45999908447266,290919.9035438489,0.6027314853400053,1.6591135925741336,191749.26277610665
2013-11-21 00:00:00+00:00,1.6559461528357957,82.9800033569336,293955.213801416,0.6052035806803951,1.6523365557020635,191757.73170187927
2013-11-22 00:00:00+00:00,1.6451426138003244,83.62000274658203,297692.8999136366,0.6082079163650733,1.644174587493787,191766.20100169608
2013-11-25 00:00:00+00:00,1.6395220565084907,83.9800033569336,299791.6482412419,0.6098701979863955,1.6396931729107171,191774.67067557367
2013-11-26 00:00:00+00:00,1.6370810189656464,84.02999877929688,300075.820069346,0.6100850934699351,1.6391156097789166,191783.14072352852
2013-11-27 00:00:00+00:00,1.6317220866444777,84.7300033569336,304164.7378313786,0.6132893317301022,1.6305517612363787,191791.61114557716
2013-11-29 00:00:00+00:00,1.6246614766718017,85.47000122070312,308487.75085707,0.6166205344856553,1.6217429424956384,191800.08194173608
2013-12-02 00:00:00+00:00,1.618690701566909,85.3499984741211,307776.96535599255,0.6160647569307961,1.6232059840299098,191808.44655642073
2013-12-03 00:00:00+00:00,1.6216689306700867,85.08000183105469,306188.1026440052,0.6148293488867643,1.6264675748004576,191816.91809614367
2013-12-04 00:00:00+00:00,1.622540206107722,84.77999877929688,304423.6008429884,0.613449309629239,1.6301265390687085,191825.39001002623
2013-12-05 00:00:00+00:00,1.621640114941786,85.16999816894531,306697.9406135869,0.6152023578482245,1.6254814163873996,191833.86229808503
2013-12-06 00:00:00+00:00,1.6229845800886384,85.58999633789062,309147.87406716705,0.6170736842687384,1.620552011037462,191842.33496033654
2013-12-09 00:00:00+00:00,1.6157717953276276,86.19999694824219,312709.96238556935,0.619766697574588,1.6135103804599817,191850.8079967973
2013-12-10 00:00:00+00:00,1.6117926128125573,86.12000274658203,312233.2530416494,0.6193967014069242,1.6144742097085072,191859.2814074838
2013-12-11 00:00:00+00:00,1.612522149905107,85.05999755859375,306020.17307115655,0.6146366595760427,1.626977474285001,191867.75519241265
2013-12-12 00:00:00+00:00,1.625541642422884,84.9000015258789,305075.23568440566,0.6138934883323801,1.628947071447955,191876.17605500165
2013-12-13 00:00:00+00:00,1.628223889958614,84.70999908447266,303954.60591426527,0.613010369649977,1.6312937749666296,191884.65058611074
2013-12-16 00:00:00+00:00,1.6295963684760435,85.20999908447266,306872.8710169164,0.6152642841724117,1.6253178117515694,191893.07219021983
2013-12-17 00:00:00+00:00,1.6240085292761606,84.98999786376953,305576.6464433557,0.6142513384175925,1.6279980806816903,191901.54746757486
2013-12-18 00:00:00+00:00,1.6260792119020906,84.05000305175781,300066.0301501994,0.6099199913412329,1.639559309739904,191910.02311925468
2013-12-19 00:00:00+00:00,1.6145062248641817,85.5199966430664,308661.9755295892,0.616608100286113,1.6217756457237407,191918.49914527577
2013-12-20 00:00:00+00:00,1.6173270027760314,85.7300033569336,311076.8350211795,0.6199099402444809,1.613137546408142,190732.88736929648
2013-12-23 00:00:00+00:00,1.6043808938689825,86.94999694824219,318209.48903735145,0.6252264241665099,1.5994205640510177,190741.31140515534
2013-12-24 00:00:00+00:00,1.594391009687274,87.2699966430664,320074.1423354497,0.626584143825763,1.5959548447783165,190749.73581307573
2013-12-26 00:00:00+00:00,1.5939995376275604,87.44000244140625,321060.87796163576,0.6272938031107057,1.594149336468925,190758.10760703642
2013-12-27 00:00:00+00:00,1.5909174190015192,87.41000366210938,320876.9117430719,0.6271495284931499,1.5945160676476895,190766.47976842587
2013-12-30 00:00:00+00:00,1.5933255775036723,87.13999938964844,319288.1033842779,0.6259778323984538,1.5975006593579653,190774.85229726013
2013-12-31 00:00:00+00:00,1.5947747211668684,87.5199966430664,321503.9963083501,0.6275854302314551,1.5934085653186651,190783.22519355538
2014-01-02 00:00:00+00:00,1.588692676319976,87.0199966430664,318568.98933315795,0.6254292737093973,1.598901813580036,190791.54546198744
2014-01-03 00:00:00+00:00,1.5961633434358709,86.62000274658203,316219.3020649662,0.6236830653955387,1.6033784713487476,190799.91909092717
2014-01-06 00:00:00+00:00,1.6031552148875183,86.0,312581.82047536445,0.620953435622858,1.610426712587447,190808.29308737617
2014-01-07 00:00:00+00:00,1.6067906532570995,86.55999755859375,315851.3209324989,0.6233891387928209,1.6041344607582957,190816.66745135057
2014-01-08 00:00:00+00:00,1.5979291249069516,86.94999694824219,318125.8112642702,0.6250620118637715,1.5998412653782323,190824.9891782366
2014-01-09 00:00:00+00:00,1.5958941512553217,86.72000122070312,316771.238297664,0.6240512197313547,1.6024325702471762,190833.31126804242
2014-01-10 00:00:00+00:00,1.5991114641785233,86.58000183105469,315943.44713964534,0.6234268905533499,1.6040373220224846,190841.63372078384
2014-01-13 00:00:00+00:00,1.5960860055904833,85.68000030517578,310667.0793202453,0.6194546886917708,1.6143230784351712,190849.95653647665
2014-01-14 00:00:00+00:00,1.6105270256830189,86.30000305175781,314287.86373473797,0.6221721531680356,1.607272191318921,190858.2797151367
2014-01-15 00:00:00+00:00,1.5923782043949457,87.94000244140625,323879.0690186525,0.6292021214805861,1.5893144124290033,190866.60325677984
2014-01-16 00:00:00+00:00,1.5847700056331042,88.16000366210938,325158.4944102161,0.6301113083333038,1.587021192565298,190874.92716142186
2014-01-17 00:00:00+00:00,1.5847056198468132,87.66999816894531,322281.98501639394,0.6280277036081704,1.5922864457328223,190883.2514290786
2014-01-21 00:00:00+00:00,1.590036012557418,87.80999755859375,323093.1290909839,0.6286045593442743,1.5908252416163589,190891.57605976594
2014-01-22 00:00:00+00:00,1.5830091645393163,88.5199966430664,327240.6938619261,0.6315673720090209,1.58336235264813,190899.90105349966
2014-01-23 00:00:00+00:00,1.580661883868073,87.86000061035156,323369.16527420824,0.6287835524229832,1.5903723883147936,190908.22641029564
2014-01-24 00:00:00+00:00,1.583820289741203,86.70999908447266,316629.4511972469,0.6238438469054205,1.602965237151097,190916.55213016964
2014-01-27 00:00:00+00:00,1.6026310344169155,85.25,308075.20528946293,0.6173850776276623,1.6197346457458246,190924.87821313753
2014-01-28 00:00:00+00:00,1.6121743464865037,85.30999755859375,308418.06695773394,0.6176374918582774,1.6190726974674314,190933.20465921515
2014-01-29 00:00:00+00:00,1.6127924848585937,84.76000213623047,305190.4115657118,0.6151396132635567,1.625647216401181,190941.53146841837
2014-01-30 00:00:00+00:00,1.6236139447417781,85.87999725341797,311737.83403558494,0.6201421649610491,1.6125334745828959,190949.85864076295
2014-01-31 00:00:00+00:00,1.605484701898643,85.44999694824219,309212.55414596165,0.6182140001767332,1.6175628499421284,190958.1861762648
2014-02-03 00:00:00+00:00,1.6081232324028822,84.06999969482422,301126.587013399,0.6119301131176433,1.6341735413301197,190966.5140749397
2014-02-04 00:00:00+00:00,1.6314730855862358,84.45999908447266,303401.0708101925,0.6137052043633451,1.6294468303187934,190974.84233680353
2014-02-05 00:00:00+00:00,1.624029180235958,83.73999786376953,299178.3061821582,0.6103668283467468,1.6383590220795947,190983.1709618721
2014-02-06 00:00:00+00:00,1.62671055336727,84.91999816894531,306076.9596081306,0.6157641944936894,1.6239982917848081,190991.49995016126
2014-02-07 00:00:00+00:00,1.614017285356531,86.0,312390.2842610538,0.6205729430205003,1.6114141153701018,190999.82930168687
2014-02-10 00:00:00+00:00,1.596875049338462,87.20999908447266,319464.58407322003,0.6258211072013109,1.597900723534282,191008.10596095663
2014-02-11 00:00:00+00:00,1.5915063521528552,87.88999938964844,323436.5497049894,0.6286999175224853,1.5905839528986978,191016.43603668877
2014-02-12 00:00:00+00:00,1.5810153640900104,88.69999694824219,328169.49050058343,0.6320746418686369,1.5820916293108123,191024.71341558374
2014-02-13 00:00:00+00:00,1.5793017622211671,88.30000305175781,325819.8460613297,0.6303918429995905,1.5863149422138851,191033.04421558543
2014-02-14 00:00:00+00:00,1.5726327826362574,89.33000183105469,331840.53543344163,0.6346376920838167,1.5757021879941064,191041.32231416815
2014-02-18 00:00:00+00:00,1.570868813068131,89.73999786376953,334232.1168536832,0.6362911665092367,1.5716075479817047,191049.60077146842
2014-02-19 00:00:00+00:00,1.566547364438679,89.44999694824219,332526.301319472,0.6350960929326209,1.57456487471431,191057.93265683536
2014-02-20 00:00:00+00:00,1.5727501169762685,89.30999755859375,331698.500365465,0.6345081428613387,1.5760239033189736,191066.26490556513
2014-02-21 00:00:00+00:00,1.5685987813716853,89.81999969482422,334675.4006984066,0.6365675736262333,1.5709251325879812,191074.59751767354
2014-02-24 00:00:00+00:00,1.5698288513841694,90.04000091552734,335954.8170191093,0.637439763289968,1.5687756829583053,191082.9304931764
2014-02-25 00:00:00+00:00,1.565132503267743,90.0199966430664,335829.3912036166,0.6373433798697064,1.569012923935026,191091.26383208955
2014-02-26 00:00:00+00:00,1.5661512551130012,89.87000274658203,334943.0872154052,0.6367222602376675,1.5705434888152532,191099.5975344289
2014-02-27 00:00:00+00:00,1.566976485636049,89.7300033569336,335752.76565677894,0.6392572822376831,1.5643153825319875,189470.450387778
2014-02-28 00:00:00+00:00,1.5574157861701179,89.54000091552734,334632.3474008835,0.6384760262196617,1.566229519878573,189478.71340464213
2014-03-03 00:00:00+00:00,1.5584153444631639,88.87000274658203,330702.38718742423,0.6357346834710678,1.572983236560366,189486.92414888967
2014-03-04 00:00:00+00:00,1.5649832006351976,90.55999755859375,340586.2941537376,0.642516868999711,1.5563793703297302,189495.18788419283
2014-03-05 00:00:00+00:00,1.5539990899135205,90.7699966430664,341807.2331159597,0.643328362677854,1.5544161551303295,189503.45197988665
2014-03-06 00:00:00+00:00,1.5516764187830314,90.6500015258789,341096.53979131405,0.6428405550594501,1.5555956949659462,189511.76907583466
2014-03-07 00:00:00+00:00,1.5524670832039742,90.06999969482422,337693.2550326494,0.6405248661336437,1.5612196385695867,189520.08653681076
2014-03-10 00:00:00+00:00,1.556780235053432,90.02999877929688,337450.79691116477,0.6403493650135762,1.5616475234246523,189528.404362831
2014-03-11 00:00:00+00:00,1.5560532776540459,89.94999694824219,336974.19812915614,0.6400136918185544,1.5624665734237178,189536.7225539114
2014-03-12 00:00:00+00:00,1.5598408751268193,89.4800033569336,334214.83158110897,0.6381069818576406,1.5671353369129823,189545.0411100679
2014-03-13 00:00:00+00:00,1.5566072182865742,88.87000274658203,330635.9513049972,0.6356069686545978,1.5732993017945043,189553.3600313166
2014-03-14 00:00:00+00:00,1.5691681004461746,88.62999725341797,329222.79024585505,0.6346041748760166,1.5757854101659057,189561.67931767355
2014-03-17 00:00:00+00:00,1.575376207767769,89.19000244140625,332492.39007317787,0.6368824819636968,1.5701483842304855,189569.99896915472
2014-03-18 00:00:00+00:00,1.5675506583277663,89.52999877929688,334474.1955814597,0.638245569449599,1.5667950517265097,189578.31898577616
2014-03-19 00:00:00+00:00,1.5570466111388486,89.44999694824219,333997.5946087534,0.6379061341710819,1.5676287566969958,189586.63936755387
2014-03-20 00:00:00+00:00,1.561819578575041,89.58000183105469,334750.24098648597,0.6384157617607574,1.5663773670656085,189594.9601145039
2014-03-21 00:00:00+00:00,1.559432075466678,88.83000183105469,331256.23600659636,0.6370861459911735,1.5696464383858293,188698.93503425337
2014-03-24 00:00:00+00:00,1.5679403985277431,87.41000366210938,322936.1746906513,0.6311743297155323,1.5843483375673657,188707.21682084654
2014-03-25 00:00:00+00:00,1.5758933052134951,87.7699966430664,325035.01346569613,0.6326708634515131,1.5806006847613243,188715.55138958947
2014-03-26 00:00:00+00:00,1.5729651538830687,87.36000061035156,322626.8186513012,0.630930622585811,1.5849603176678795,188723.8863264425
2014-03-27 00:00:00+00:00,1.584854185720557,86.4000015258789,316999.3026515675,0.6268134776858758,1.5953709286722526,188732.16920812018
2014-03-28 00:00:00+00:00,1.5901404590313992,86.80999755859375,319390.87928390526,0.6285597036340049,1.5909387671823705,188740.4524533243
2014-03-31 00:00:00+00:00,1.5883509039073822,87.62000274658203,324123.85850734275,0.6319773408432237,1.582335212629202,188748.73606207088
2014-04-01 00:00:00+00:00,1.5818099136110646,87.70999908447266,324642.4615669699,0.6323390254733124,1.581430150150055,188756.9151739669
2014-04-02 00:00:00+00:00,1.5661192717839876,89.04000091552734,332419.1745935215,0.6378149290610301,1.5678529216494927,188765.199505244
2014-04-03 00:00:00+00:00,1.5638812851543842,88.22000122070312,327611.0730510979,0.6344322950490684,1.5762123205324186,188773.5366348888
2014-04-04 00:00:00+00:00,1.571009213385126,86.13999938964844,315427.7605723545,0.6255885878913852,1.5984946326636318,188781.82169566333
2014-04-07 00:00:00+00:00,1.5959510195241051,84.94999694824219,308453.94649540633,0.6203270692784252,1.612052817819504,188790.10712005998
2014-04-08 00:00:00+00:00,1.6051624322069984,85.3499984741211,310786.96656262234,0.622089755129017,1.6074850803363692,188798.4453497911
2014-04-09 00:00:00+00:00,1.596365454629165,86.43000030517578,317100.33441308065,0.6267956227067031,1.5954163746097678,188806.73150378146
2014-04-10 00:00:00+00:00,1.5805213128291729,84.86000061035156,307902.2534225012,0.6198742647450893,1.6132303869902225,188815.01802144188
2014-04-11 00:00:00+00:00,1.610445244275136,83.91000366210938,302333.2796613886,0.6155537544705038,1.6245534898251006,188823.3049027884
2014-04-14 00:00:00+00:00,1.6221445003056822,83.98999786376953,302793.1758986553,0.6159029472765408,1.6236324317360336,188831.6445987549
2014-04-15 00:00:00+00:00,1.6143687592121765,83.27999877929688,298628.9460696763,0.612611239901577,1.632356598877718,188839.984663058
2014-04-16 00:00:00+00:00,1.611153518478104,85.08999633789062,309215.14476947824,0.6208347548294242,1.6107345670020559,188848.37755126526
2014-04-17 00:00:00+00:00,1.5983877155854591,85.62999725341797,312367.6309683608,0.623209210387112,1.6045975947288087,188856.71835460712
2014-04-21 00:00:00+00:00,1.5982080912220955,86.0,314525.0540364062,0.624813729078541,1.6004769957196265,188865.05952633443
2014-04-22 00:00:00+00:00,1.5912345233039757,86.98999786376953,320311.4872089909,0.6290670865967828,1.5896555730008752,188873.45352898008
2014-04-23 00:00:00+00:00,1.5838937220625715,86.70999908447266,318664.1554227241,0.6278527529201224,1.592730135129667,188881.8479046925
2014-04-24 00:00:00+00:00,1.5921862241489888,86.6500015258789,318304.5725595795,0.6275785221224368,1.5934261048610359,188890.24265348827
2014-04-25 00:00:00+00:00,1.5833425773856757,85.9800033569336,314374.42796847207,0.6246597510713496,1.6008715117068242,188898.637775384
2014-04-28 00:00:00+00:00,1.5985312563136829,85.11000061035156,309273.6339987708,0.6208062393688156,1.6108085527888978,188906.9807985524
2014-04-29 00:00:00+00:00,1.595481085157687,86.30999755859375,316289.3208402651,0.626061782985367,1.5972864454870792,188915.32419020432
2014-04-30 00:00:00+00:00,1.588036314279785,86.54000091552734,317627.22013812995,0.6270390491899489,1.594797008721972,188923.720426835
2014-05-01 00:00:00+00:00,1.585623714608775,87.30999755859375,322125.9538861692,0.630311906399475,1.5865161197926452,188932.0645578205
2014-05-02 00:00:00+00:00,1.1875688504727713,87.27999877929688,314438.0797451187,0.8413798718014266,1.1885237970560927,59279.06073257624
2014-05-05 00:00:00+00:00,1.1879862251319178,86.76000213623047,312208.9301793767,0.8404221333093059,1.1898782294825208,59281.678891091935
2014-05-06 00:00:00+00:00,1.1868291228865773,86.7699966430664,312249.10657258873,0.8404334669001223,1.1898621834854188,59284.297165242955
2014-05-07 00:00:00+00:00,1.189758096285075,85.52999877929688,306937.0420058076,0.8381129515668432,1.193156600349047,59286.915555034415
2014-05-08 00:00:00+00:00,1.1904205163228154,86.05000305175781,309161.00404386956,0.8390841806149026,1.1917755370708742,59289.517591883785
2014-05-09 00:00:00+00:00,1.1906401947850176,85.8499984741211,308302.01853028266,0.8387022164677053,1.1923182988732517,59292.11974293365
2014-05-12 00:00:00+00:00,1.1898138878873623,87.23999786376953,314251.14179699845,0.8412652159920245,1.1886857806438538,59294.72200818904
2014-05-13 00:00:00+00:00,1.186174420278635,88.12000274658203,318016.5608773255,0.8428435138399121,1.1864598630463423,59297.32438765496
2014-05-14 00:00:00+00:00,1.1860340536488736,87.62000274658203,315873.03250734997,0.8419397260240895,1.1877334791200815,59299.943352815404
2014-05-15 00:00:00+00:00,1.1872005857213355,86.58000183105469,311417.3344165874,0.8400340820649574,1.1904278901896659,59302.545961440344
2014-05-16 00:00:00+00:00,1.1889728630992864,86.63999938964844,311671.61389572604,0.8401377970108577,1.190280931958923,59305.1651572203
2014-05-19 00:00:00+00:00,1.187524340936636,87.30000305175781,314495.0106791097,0.8413393767020048,1.1885810027339199,59307.784468681406
2014-05-20 00:00:00+00:00,1.1859980194950213,87.63999938964844,315948.1939667479,0.8419479147615726,1.1877219272918864,59310.40389582877
2014-05-21 00:00:00+00:00,1.186810510652332,88.11000061035156,317958.03449126484,0.8427840615070895,1.186543559226515,59313.0234386675
2014-05-22 00:00:00+00:00,1.1847275813872893,88.80000305175781,320909.8802650338,0.8439987863710735,1.1848358269562,59315.64309720271
2014-05-23 00:00:00+00:00,1.183781402374277,89.12000274658203,322277.44120317115,0.8445520684901593,1.1840596184765035,59318.262871439496
2014-05-27 00:00:00+00:00,1.1822196766012658,90.19999694824219,326899.16080018773,0.8464065142390103,1.181465387112578,59320.88276138299
2014-05-28 00:00:00+00:00,1.1795835901072145,90.6500015258789,328823.378859477,0.8471622327134374,1.1804114505872474,59323.502767038284
2014-05-29 00:00:00+00:00,1.1802471533883065,90.86000061035156,329719.9367680049,0.8475087424332117,1.1799288313286107,59326.12288841049
2014-05-30 00:00:00+00:00,1.1789065640986858,90.83000183105469,329588.8671934514,0.8474516412953157,1.180008334719273,59328.74312550473
2014-06-02 00:00:00+00:00,1.1788927926132657,90.63999938964844,328772.7072933475,0.847125155375054,1.1804631153436385,59331.34699811969
2014-06-03 00:00:00+00:00,1.7520003984396852,90.80000305175781,328197.8927002435,0.5687716927740701,1.7581746994522531,248831.33865886994
2014-06-04 00:00:00+00:00,1.7526368379297714,90.80999755859375,328250.34809355176,0.5687999899713398,1.7580872321224672,248842.39782947703
2014-06-05 00:00:00+00:00,1.7478081405937822,91.29000091552734,331289.753576254,0.571048297607351,1.7511653641030438,248853.38836871448
2014-06-06 00:00:00+00:00,1.7370273774361775,92.44999694824219,338650.4761709885,0.5764117672321445,1.734870897590922,248864.37939336745
2014-06-09 00:00:00+00:00,1.7298036602575158,92.5,338957.2514180757,0.5766220494524931,1.7342382258006046,248875.37090345734
2014-06-10 00:00:00+00:00,1.730812810901765,92.55999755859375,339327.54074362,0.5768777967373268,1.733469385814022,248886.36289900556
2014-06-11 00:00:00+00:00,1.7286928507731163,92.5,338935.2669414993,0.5765846502409803,1.7343507143002432,248897.3553800336
2014-06-12 00:00:00+00:00,1.7290198397122833,91.7300033569336,334030.9859114835,0.5730115747578288,1.7451654452575915,248908.3483465629
2014-06-13 00:00:00+00:00,1.7406563283239438,91.91999816894531,335227.39947102434,0.5738753223931536,1.7425387727596247,248919.34179861489
2014-06-16 00:00:00+00:00,1.7369505662341616,91.95999908447266,335470.54009802826,0.5740417481877441,1.7420335770995936,248930.4048804726
2014-06-17 00:00:00+00:00,1.735899753150835,92.18000030517578,336857.572681017,0.5750394743363257,1.7390110499007687,248941.46845402286
2014-06-18 00:00:00+00:00,1.7352659066877534,91.9800033569336,335575.53855584416,0.5740965321624585,1.7418673410781356,248952.5325192875
2014-06-19 00:00:00+00:00,1.7282147406887398,92.48999786376953,338805.46219692926,0.5764261606690656,1.734827577636807,248963.59707628834
2014-06-20 00:00:00+00:00,1.7290838437756317,92.52999877929688,340235.38725939457,0.5786087195495252,1.7282836677237567,247787.8757226846
2014-06-23 00:00:00+00:00,1.7250335585160292,92.51000213623047,340097.2968526872,0.5784989005137536,1.7286117555485747,247798.8885171612
2014-06-24 00:00:00+00:00,1.7248195244748978,92.43000030517578,339577.8761510298,0.5781153249986536,1.7297586774789768,247809.9018010953
2014-06-25 00:00:00+00:00,1.726089900401358,92.4800033569336,339884.6291347935,0.5783246937084986,1.7291324594623736,247820.91557450866
2014-06-26 00:00:00+00:00,1.7182546219840342,92.62000274658203,340763.30361069465,0.5789433625115001,1.7272846788707006,247831.9298374231
2014-06-27 00:00:00+00:00,1.7176486162451754,93.19000244140625,344374.6068618359,0.581500170026495,1.7196899528927683,247842.9445898603
2014-06-30 00:00:00+00:00,1.712328772657754,93.66999816894531,347413.9391573938,0.5836261954446095,1.7134254901601782,247853.95983184205
2014-07-01 00:00:00+00:00,1.7103070885764404,94.19999694824219,350771.10656888457,0.585950558912503,1.7066286306748362,247864.90671506795
2014-07-02 00:00:00+00:00,1.6972803762257318,94.91000366210938,355272.14557760226,0.5890297327069568,1.6977071690496506,247875.9229331442
2014-07-03 00:00:00+00:00,1.6953440137947962,95.1500015258789,356786.3026386863,0.5900481081214409,1.694777063490194,247886.9396408301
2014-07-07 00:00:00+00:00,1.6880368361784743,95.2300033569336,357283.76171657536,0.590374413856265,1.693840343567911,247897.88798066424
2014-07-08 00:00:00+00:00,1.691626009044109,93.87000274658203,348630.0118689694,0.5844212366066891,1.711094562213851,247908.9056645745
2014-07-09 00:00:00+00:00,1.7060750447434678,94.23999786376953,350970.36201823945,0.5860345553489825,1.7063840192913229,247919.85497457467
2014-07-10 00:00:00+00:00,1.6972934656099323,93.62999725341797,347082.8905122048,0.5833191626768476,1.714327359675631,247930.80476816936
2014-07-11 00:00:00+00:00,1.701105216040468,94.61000061035156,353299.80989110423,0.5876170752240444,1.7017885323000932,247941.75504537998
2014-07-14 00:00:00+00:00,1.6935549140780328,95.54000091552734,359198.9620291893,0.5916132344818967,1.6902934919563566,247952.7058062278
2014-07-15 00:00:00+00:00,1.6866490893003718,94.83000183105469,354676.004042289,0.5885374410954033,1.6991272435255274,247963.65705073424
2014-07-16 00:00:00+00:00,1.6907116254500458,95.79000091552734,360765.7958735819,0.5926430923860293,1.687356206201474,247974.60877892064
2014-07-17 00:00:00+00:00,1.6861475647207491,94.31999969482422,351413.06341972906,0.5862760592173814,1.7056811109341525,247985.56099080836
2014-07-18 00:00:00+00:00,1.7018732732541408,95.0,355723.47680596646,0.5892193109521577,1.697160940608065,247996.51368641877
2014-07-21 00:00:00+00:00,1.6834852996963583,95.55000305175781,359207.76401795953,0.5915658003096751,1.6904290266214108,248007.46686577325
2014-07-22 00:00:00+00:00,1.6849758313077734,96.3499984741211,364280.67018790916,0.594939033431411,1.680844496338275,248018.48941985623
2014-07-23 00:00:00+00:00,1.6777702741125633,96.7699966430664,366938.78225440707,0.5966792540583971,1.675942297638741,248029.44356980556
2014-07-24 00:00:00+00:00,1.6705997806329702,96.9800033569336,368262.409213273,0.5975348558881363,1.6735425392275505,248040.3982035632
2014-07-25 00:00:00+00:00,1.6719192429884437,96.2300033569336,363485.24364442995,0.5943801980912162,1.6824248237262702,248051.35332115056
2014-07-28 00:00:00+00:00,1.6763938103769784,96.0199966430664,362139.7064503681,0.5934751071397681,1.684990638983097,248062.30892258888
2014-07-29 00:00:00+00:00,1.6760924190522128,96.5199966430664,365306.22399922786,0.5955631555116819,1.6790830506310344,248073.26500789964
2014-07-30 00:00:00+00:00,1.6781392642689263,96.5999984741211,365803.6748477465,0.5958802526945187,1.6781895279766141,248084.22157710418
2014-07-31 00:00:00+00:00,1.673741715159059,94.87999725341797,354862.20073557633,0.5885361268964414,1.6991310376702833,248095.17863022382
2014-08-01 00:00:00+00:00,1.6973826027931254,94.04000091552734,349513.1796809534,0.5848425757281422,1.7098618354776538,248106.06725195263
2014-08-04 00:00:00+00:00,1.7018226064115771,94.5199966430664,352552.5692005226,0.5869326039573143,1.7037731304371817,248117.02526992292
2014-08-05 00:00:00+00:00,1.6937686535709986,94.1500015258789,350190.3112393031,0.5852909967139851,1.7085518239889672,248127.98377187233
2014-08-06 00:00:00+00:00,1.702939107745893,93.91999816894531,348717.6930484987,0.5842570428615576,1.7115754310846274,248138.94275782225
2014-08-07 00:00:00+00:00,1.7038790571893325,93.88999938964844,348516.09291798074,0.5841058410456806,1.712018490021903,248149.90222779405
2014-08-08 00:00:00+00:00,1.7077596506136932,93.97000122070312,349013.5403816889,0.5844415615998846,1.7110350558617722,248160.8621818091
2014-08-11 00:00:00+00:00,1.6991950716160085,95.19999694824219,356819.13793240464,0.5897925112908564,1.6955115245721553,248171.82261988882
2014-08-12 00:00:00+00:00,1.6923057082161994,94.93000030517578,355092.3625809229,0.5886076442282896,1.698924588910288,248182.7835420545
2014-08-13 00:00:00+00:00,1.6928487916974662,95.76000213623047,360356.0190436285,0.5921553837762916,1.6887459396599638,248193.74494832763
2014-08-14 00:00:00+00:00,1.680703061486802,96.43000030517578,364602.8601867592,0.5949712108753941,1.6807535923102537,248204.7068387295
2014-08-15 00:00:00+00:00,1.674872156050571,96.4800033569336,364909.6645693841,0.5951632471587507,1.6802112777862195,248215.66921328154
2014-08-18 00:00:00+00:00,1.6694848697180444,97.7699966430664,373096.54102054844,0.6004870849472908,1.6653147504209478,248226.6320720051
2014-08-19 00:00:00+00:00,1.661036116852489,98.31999969482422,376580.8180689793,0.602704417703084,1.6591881038652672,248237.59541492164
2014-08-20 00:00:00+00:00,1.6549879276652404,98.52999877929688,377904.38735007204,0.6035336724147664,1.6569083809341627,248248.55924205246
2014-08-21 00:00:00+00:00,1.6550358055894434,98.5999984741211,378338.2674081133,0.6037976399941377,1.65618401557467,248259.52355341899
2014-08-22 00:00:00+00:00,1.652893984346009,98.72000122070312,379089.9137390747,0.6042617807520291,1.6549118806677765,248270.48834904257
2014-08-25 00:00:00+00:00,1.6513088079870033,99.16000366210938,381875.1407722506,0.6060003881021454,1.6501639596828828,248281.45362894467
2014-08-26 00:00:00+00:00,1.6475775950423244,99.2699966430664,382563.1746019182,0.6064195645460362,1.6490233139964687,248292.4193931466
2014-08-27 00:00:00+00:00,1.646553028698343,99.30999755859375,382806.41206225654,0.6065607180477385,1.6486395677230394,248303.3856416698
2014-08-28 00:00:00+00:00,1.6463861474893644,99.08000183105469,381333.83460893645,0.6056300049648936,1.6511731449929843,248314.35237453567
2014-08-29 00:00:00+00:00,1.6476116069790185,99.2699966430664,382530.2744032993,0.6063674128350391,1.6491651411881656,248325.31959176552
2014-09-02 00:00:00+00:00,1.64371121557182,99.66000366210938,384997.91870049585,0.6078907453925206,1.6450324463391706,248336.14933486996
2014-09-03 00:00:00+00:00,1.640696483373771,99.30000305175781,382699.16562521225,0.6064518179569124,1.6489356126739299,248347.1175147989
2014-09-04 00:00:00+00:00,1.6470017166954711,99.13999938964844,381671.3821254087,0.6057992543626606,1.650711836963325,248358.0861791558
2014-09-05 00:00:00+00:00,1.6480144265060372,99.02999877929688,380961.3648983331,0.6053439539142994,1.6519533953114751,248369.05532796207
2014-09-08 00:00:00+00:00,1.642732773235874,99.62000274658203,384699.839365265,0.6076639947702716,1.6456462923692752,248380.02496123905
2014-09-09 00:00:00+00:00,1.6407771337880839,99.05999755859375,381130.0658078331,0.6054286178621475,1.6517223839387356,248390.99507900816
2014-09-10 00:00:00+00:00,1.6496641873702567,99.0999984741211,381373.2989144119,0.6055704635513789,1.6513354930415232,248401.9656812908
2014-09-11 00:00:00+00:00,1.6409751263921066,99.23999786376953,382252.0165664103,0.6061094952959204,1.6498669097928762,248412.9367681084
2014-09-12 00:00:00+00:00,1.6418636628108199,99.16999816894531,381796.2006256284,0.6058140563819502,1.6506715046729217,248423.90833948232
2014-09-15 00:00:00+00:00,1.6473312782824938,98.22000122070312,375748.04805851285,0.601983859105554,1.6611741077008786,248434.88039543398
2014-09-16 00:00:00+00:00,1.6578364042380487,98.05000305175781,374656.74611860013,0.6012761729561965,1.6631292656807988,248445.85293598476
2014-09-17 00:00:00+00:00,1.6484994862566666,98.93000030517578,380238.1092351848,0.6048054277969278,1.6534243147298018,248456.8259611561
2014-09-18 00:00:00+00:00,1.646936948568248,99.7300033569336,385311.1129338042,0.6079582412608243,1.6448498139052006,248467.79947096942
2014-09-19 00:00:00+00:00,1.6390529072637787,99.58000183105469,385481.24523959524,0.6091428796729935,1.641650971175811,247344.4153780472
2014-09-22 00:00:00+00:00,1.6374474356285817,98.62000274658203,379369.5773017702,0.6053207188291235,1.6520168051315138,247355.33975639308
2014-09-23 00:00:00+00:00,1.6473538637189808,98.58000183105469,379104.4487320693,0.6051431306425521,1.6525016138548605,247366.26461723231
2014-09-24 00:00:00+00:00,1.6503213730341333,98.54000091552734,378839.31967985374,0.6049653975066469,1.652987103264882,247377.18996058623
2014-09-25 00:00:00+00:00,1.639051223304786,97.69999694824219,373490.2129366695,0.6015513759431143,1.6623684027522947,247388.11578647618
2014-09-26 00:00:00+00:00,1.6619178903242466,97.88999938964844,374686.742124215,0.6023071923987678,1.66028234864234,247399.0420949234
2014-09-29 00:00:00+00:00,1.650463595772559,97.75,373786.1265943734,0.6017200193529124,1.6619024925835049,247409.96888594926
2014-09-30 00:00:00+00:00,1.6519270760857685,98.31999969482422,377397.58604931727,0.6040116262659427,1.6555972708374753,247420.8274345837
2014-10-01 00:00:00+00:00,1.650449427108794,96.9000015258789,368362.78226733266,0.5981911856747372,1.6717063439710125,247431.61773178016
2014-10-02 00:00:00+00:00,1.6681331425702643,95.97000122070312,362441.75113861676,0.5942795262345996,1.6827098290531333,247442.5459615633
2014-10-03 00:00:00+00:00,1.668182369320453,97.44000244140625,371772.60266813496,0.600382665187269,1.6656043853099654,247453.47467400995
2014-10-06 00:00:00+00:00,1.6574011466839698,97.66000366210938,373159.76962954254,0.601265283506289,1.66315938643336,247464.40386914142
2014-10-07 00:00:00+00:00,1.659788558818579,96.55999755859375,366158.3591690101,0.5967051084635941,1.6758696813821754,247475.33354697897
2014-10-08 00:00:00+00:00,1.6757523745400495,96.05999755859375,362969.95537427464,0.5945880212674617,1.6818367747610123,247486.26370754396
2014-10-09 00:00:00+00:00,1.6544515346173727,96.70999908447266,367089.75015226245,0.5972950669315736,1.674214396474432,247497.1943508577
2014-10-10 00:00:00+00:00,1.672468143794821,94.41999816894531,352526.05271277064,0.5875100217910736,1.7020986245501244,247508.0567277209
2014-10-13 00:00:00+00:00,1.7018455286957492,92.87999725341797,342728.4964955588,0.5806521930284575,1.7222013659922413,247518.98833355965
2014-10-14 00:00:00+00:00,1.7211316309859699,92.70999908447266,341637.23500754545,0.5798646985987276,1.7245402288094975,247529.92042221106
2014-10-15 00:00:00+00:00,1.7210529167858952,90.23999786376953,325929.5749257542,0.5683459147287263,1.759491841297573,247540.85299369638
2014-10-16 00:00:00+00:00,1.729207381169193,90.38999938964844,326871.8936585446,0.569043208360617,1.757335796838603,247551.78604803694
2014-10-17 00:00:00+00:00,1.7372685141552324,92.45999908447266,340015.6990274172,0.5786728856213383,1.7280920272016376,247562.7195852541
2014-10-20 00:00:00+00:00,1.7208170352078274,92.80000305175781,342165.4722904261,0.5801980185233386,1.7235494918529695,247573.6536053691
2014-10-21 00:00:00+00:00,1.7027955360940525,95.31999969482422,358168.98357047496,0.5912783684919769,1.691250776771092,247584.58810840332
2014-10-22 00:00:00+00:00,1.6727491594549597,96.30999755859375,364449.43280452583,0.59546186810618,1.6793686608017773,247595.5230943781
2014-10-23 00:00:00+00:00,1.6786585684909543,97.16999816894531,369903.75586511416,0.5990245136390161,1.669380763610318,247606.45856331475
2014-10-24 00:00:00+00:00,1.6619883218031732,97.63999938964844,372879.6528868184,0.6009370301567444,1.6640678637147168,247617.39451523463
2014-10-27 00:00:00+00:00,1.6531587472975966,98.0199966430664,375283.5789594797,0.6024665333721414,1.6598432354454178,247628.33095015903
2014-10-28 00:00:00+00:00,1.6524408432530697,99.08000183105469,382008.91911536275,0.6067021664042214,1.648255198966506,247639.26786810934
2014-10-29 00:00:00+00:00,1.6366058631413307,99.0999984741211,382125.059326596,0.6067641598656768,1.6480867957352265,247650.20526910687
2014-10-30 00:00:00+00:00,1.6405237029832964,99.13999938964844,382368.32515139156,0.6069054613911324,1.6477030832904795,247661.14315317292
2014-10-31 00:00:00+00:00,1.638366638327893,101.06999969482422,394622.43695150956,0.6143948385086706,1.627617840064077,247672.08152032885
2014-11-03 00:00:00+00:00,1.6243001184355719,101.43000030517578,396899.42059219803,0.6157466913361722,1.6240444554074613,247682.88277499515
2014-11-04 00:00:00+00:00,1.2096487312031952,100.66999816894531,377554.1524337843,0.8249052904186295,1.212260378997584,80139.78748770671
2014-11-05 00:00:00+00:00,1.2105112502071989,101.0199966430664,379141.85105584265,0.8255041764863805,1.2113809093690253,80143.3492560395
2014-11-06 00:00:00+00:00,1.2104974312586392,100.91999816894531,378683.67052069237,0.825323559489544,1.2116460126480482,80146.88892063164
2014-11-07 00:00:00+00:00,1.2097073364311284,101.06999969482422,379362.10934903985,0.8255750994856287,1.2112768428009106,80150.42874155896
2014-11-10 00:00:00+00:00,1.209943327217856,101.37999725341797,380767.9664765633,0.826100771956427,1.2105060713497862,80153.96871882839
2014-11-11 00:00:00+00:00,1.209058261933238,101.69999694824219,382219.29794085614,0.8266402906141448,1.2097160171772647,80157.5088524468
2014-11-12 00:00:00+00:00,1.2082790809033432,101.87000274658203,382988.6852863932,0.8269219580978907,1.2093039617671155,80161.0491424211
2014-11-13 00:00:00+00:00,1.2078482185330512,102.41999816894531,385485.6869715636,0.8278437840069156,1.2079573698793953,80164.58958875824
2014-11-14 00:00:00+00:00,1.2067867019379976,102.52999877929688,385982.2617325333,0.8280208885793755,1.2076990010670947,80168.13019146508
2014-11-17 00:00:00+00:00,1.2060245312755253,102.41999816894531,385478.6056097733,0.8278285765386787,1.2079795604317085,80171.67095054853
2014-11-18 00:00:00+00:00,1.2067844893688904,102.98999786376953,388066.5335421419,0.8287738521629542,1.2066017736806918,80175.23413592413
2014-11-19 00:00:00+00:00,1.2049450239230992,102.7300033569336,386880.88860142784,0.8283328270094822,1.2072441987000386,80178.81975056186
2014-11-20 00:00:00+00:00,1.2060817475140444,102.69000244140625,386695.4618127296,0.8282583247396121,1.2073527909476551,80182.38325366189
2014-11-21 00:00:00+00:00,1.2049908733913113,103.54000091552734,390556.39758130873,0.8296606458870521,1.2053120814605174,80185.94691513984
2014-11-24 00:00:00+00:00,1.2045263809622295,104.05999755859375,392916.9871004735,0.8305043132954627,1.2040876657605475,80189.51073500272
2014-11-25 00:00:00+00:00,1.20263394793567,104.56999969482422,395232.1366550028,0.8313234704519263,1.2029011997656909,80193.07471325762
2014-11-26 00:00:00+00:00,1.2022729691959344,104.83000183105469,396410.6665313002,0.8317343482895908,1.202306965026077,80196.63884991154
2014-11-28 00:00:00+00:00,1.2007185531962956,105.7300033569336,400498.9394450139,0.8331592548452315,1.2002507253979446,80200.20314497153
2014-12-01 00:00:00+00:00,1.1996162340169478,104.41999816894531,394539.5096762094,0.8310587334053666,1.2032843887006344,80203.72304277623
2014-12-02 00:00:00+00:00,1.7519187894620145,104.69999694824219,395137.1997266771,0.5703323345162604,1.753363678473835,297682.0142879398
2014-12-03 00:00:00+00:00,1.7467358167344276,104.76000213623047,395520.86944568617,0.5705591186839621,1.7526667566133651,297695.4099785828
2014-12-04 00:00:00+00:00,1.7444466255629838,104.93000030517578,396632.3824285083,0.5712355667259291,1.7505912766103833,297708.8062720318
2014-12-05 00:00:00+00:00,1.7451215290418962,105.1500015258789,398074.7742356885,0.5721133996886468,1.7479052239367507,297722.20316831407
2014-12-08 00:00:00+00:00,1.7450567142651854,104.08000183105469,390980.99116661627,0.5676950371203084,1.7615091459537908,297735.6006674567
2014-12-09 00:00:00+00:00,1.7544860612414603,103.04000091552734,384085.71495692665,0.5633120567560914,1.775214977216421,297748.9987694867
2014-12-10 00:00:00+00:00,1.7503930931988048,103.12000274658203,384601.7031414433,0.5636312091950868,1.7742097734937083,297762.3974744313
2014-12-11 00:00:00+00:00,1.7716871926918019,103.58999633789062,387698.338217639,0.5655914912349881,1.7680605445751427,297775.7967823177
2014-12-12 00:00:00+00:00,1.7653173661122121,102.66000366210938,381531.0050359679,0.561636477267744,1.7805111321558245,297789.1966931729
2014-12-15 00:00:00+00:00,1.7803758599369635,101.31999969482422,372650.5508215333,0.5558189292082503,1.7991470737142294,297802.5972070241
2014-12-16 00:00:00+00:00,1.7950528942197603,99.95999908447266,363637.8572472104,0.5497555115324475,1.8189904039570113,297815.91560095473
2014-12-17 00:00:00+00:00,1.8186923824029702,99.91999816894531,363359.76208627765,0.5495549963016981,1.8196540960042764,297829.3173171569
2014-12-18 00:00:00+00:00,1.7925205876166685,102.9800033569336,383594.8964350715,0.5629199809601388,1.7764514208473465,297842.802366802
2014-12-19 00:00:00+00:00,1.7598055894610516,103.70999908447266,390332.56515554345,0.5687755260025964,1.7581628503393714,295935.65017860517
2014-12-22 00:00:00+00:00,1.7504028239508402,104.0999984741211,392899.8638266715,0.570371610135127,1.7532429423741644,295949.04948721046
2014-12-23 00:00:00+00:00,1.7472024279563458,104.08999633789062,392820.2779289145,0.5703108721248484,1.7534296624474783,295962.4494025067
2014-12-24 00:00:00+00:00,1.7519096882250276,104.2699966430664,393997.9726656317,0.5710332186032339,1.7512116062985499,295975.8499245213
2014-12-26 00:00:00+00:00,1.7508332188115658,104.56999969482422,395969.74712979485,0.5722445234031486,1.747504710142059,295989.25105328177
2014-12-29 00:00:00+00:00,1.741679301533913,104.87999725341797,398007.656484533,0.5734895449914281,1.7437109511995494,296002.65278881555
2014-12-30 00:00:00+00:00,1.7419839109532935,104.18000030517578,393362.2450721932,0.5706043328549283,1.7525278768856496,296016.0551311502
2014-12-31 00:00:00+00:00,1.750759773249548,103.0999984741211,386202.27057063987,0.5660866452727396,1.766514028109958,296029.45808031305
2015-01-02 00:00:00+00:00,1.7645490421250523,102.44000244140625,381822.12700218195,0.5632721229573059,1.7753408330413623,296042.28602349653
2015-01-05 00:00:00+00:00,1.768680012167581,101.13999938964844,373206.4448434582,0.5576387355280282,1.7932757111162656,296055.6079263676
2015-01-06 00:00:00+00:00,1.7892176342490418,99.62000274658203,363135.0238668989,0.5508690011650768,1.815313618818667,296068.9304287243
2015-01-07 00:00:00+00:00,1.808682410341199,100.48999786376953,368878.6191113059,0.5547373301014624,1.8026549607128446,296082.2535305936
2015-01-08 00:00:00+00:00,1.7903206824437705,102.11000061035156,379585.15273848234,0.5617818237247396,1.780050471141582,296095.5772320025
2015-01-09 00:00:00+00:00,1.764197255624524,102.0199966430664,378976.25556558475,0.5613754821604737,1.7813389287174854,296108.90153297794
2015-01-12 00:00:00+00:00,1.7732380867528614,101.29000091552734,374132.4141327407,0.5581944405735738,1.7914904329259316,296122.22643354686
2015-01-13 00:00:00+00:00,1.7878673527959417,100.69999694824219,370214.9234291647,0.5555858922852003,1.7999017143629479,296135.5519337364
2015-01-14 00:00:00+00:00,1.7883472299791319,100.06999969482422,366032.7891663229,0.5527679295534266,1.8090774564434045,296148.8780335734
2015-01-15 00:00:00+00:00,1.796265923361167,99.52999877929688,362446.17669061624,0.5503212332450481,1.8171205099671635,296162.20473308495
2015-01-16 00:00:00+00:00,1.8153342010020048,99.36000061035156,361307.94011513214,0.5495315934483516,1.8197315894522563,296175.5320322979
2015-01-20 00:00:00+00:00,1.7983834582909,100.29000091552734,367448.5137011382,0.5536886298874719,1.806069234622415,296188.94220222044
2015-01-21 00:00:00+00:00,1.7872144296555597,100.95999908447266,371868.68680647446,0.5566305234879173,1.7965238300872783,296202.2707046196
2015-01-22 00:00:00+00:00,1.7801428494784435,101.63999938964844,376355.04529448895,0.5595769723756072,1.7870642456115329,296215.59980680124
2015-01-23 00:00:00+00:00,1.7553242592682485,103.72000122070312,390105.4718078169,0.5683897981209589,1.7593559970743706,296228.9295087926
2015-01-26 00:00:00+00:00,1.7524635856065374,103.61000061035156,389364.24715425784,0.5679121233518337,1.7608358034302405,296242.25981062045
2015-01-27 00:00:00+00:00,1.7540439436776654,101.0999984741211,372741.7686127833,0.5571647831148637,1.7948011617127684,296255.5907123119
2015-01-28 00:00:00+00:00,1.7900325259745593,100.9000015258789,371405.10266588005,0.5562671821923509,1.7976972793160595,296268.8399206743
2015-01-29 00:00:00+00:00,1.7974131828090076,99.95999908447266,365171.60082969454,0.5520742579746667,1.8113505303952926,296282.1720184707
2015-01-30 00:00:00+00:00,1.783933960709333,100.95999908447266,371775.53509548586,0.5564910896299696,1.7969739653242875,296295.4224156082
2015-02-02 00:00:00+00:00,1.7949929771563422,99.75,363755.9082432506,0.5510917342675514,1.8145799289279607,296308.2618839129
2015-02-03 00:00:00+00:00,1.3779126528961612,101.68000030517578,359144.87047490734,0.724913821246987,1.3794743191401888,136286.2551961567
2015-02-04 00:00:00+00:00,1.3729970340130293,102.30999755859375,362208.3702399004,0.7265954247740113,1.3762817186896328,136292.38807764056
2015-02-05 00:00:00+00:00,1.373468295538701,102.87000274658203,364930.87446773157,0.7280716278024323,1.3734912360454699,136298.48337610732
2015-02-06 00:00:00+00:00,1.36910515192159,102.76000213623047,364388.7681204857,0.7277682891149719,1.3740637163733596,136304.61680785925
2015-02-09 00:00:00+00:00,1.3722221770172969,102.55000305175781,363359.461392964,0.7271986207433258,1.3751401219350814,136310.71265322203
2015-02-10 00:00:00+00:00,1.3738867172285498,103.20999908447266,366569.12772998365,0.7289309036559516,1.3718721417688589,136316.84663529144
2015-02-11 00:00:00+00:00,1.3660816207706545,104.31999969482422,371971.420401778,0.7318031035832188,1.3664877821692412,136322.98089339002
2015-02-12 00:00:00+00:00,1.3642927259754043,105.30000305175781,376740.3071582535,0.7342871950145569,1.3618649580021283,136329.1154275302
2015-02-13 00:00:00+00:00,1.3586183169475325,106.0999984741211,380632.1132552543,0.7362788062353648,1.3581811557405226,136335.25023772445
2015-02-17 00:00:00+00:00,1.3545053469392945,106.63999938964844,383257.10779763403,0.7376024235465352,1.355743918508031,136341.38532398513
2015-02-18 00:00:00+00:00,1.3540783524773496,106.73999786376953,383738.2104019596,0.7378364516922695,1.355313901483782,136347.52068632471
2015-02-19 00:00:00+00:00,1.3534290798012643,107.05999755859375,385291.2585611815,0.7386082899809907,1.353897611988266,136353.6563247556
2015-02-20 00:00:00+00:00,1.35110034599258,107.27999877929688,386357.0684776346,0.739132592638646,1.3529372266349096,136359.79223929023
2015-02-23 00:00:00+00:00,1.3479782585044555,108.11000061035156,390395.07804066484,0.7411237226088215,1.349302376234714,136365.928429941
2015-02-24 00:00:00+00:00,1.3475240642623239,108.05000305175781,390096.6441080858,0.7409683909095931,1.3495852350360404,136372.0270172958
2015-02-25 00:00:00+00:00,1.347200091931271,108.08999633789062,390285.4106955555,0.7410526523920398,1.3494317802818807,136378.12587739294
2015-02-26 00:00:00+00:00,1.3483879024385987,108.13999938964844,390522.94913297327,0.7411608121828793,1.3492348537084458,136384.2250102447
2015-02-27 00:00:00+00:00,1.3460399491120512,108.2300033569336,390955.38991906523,0.7413644963667253,1.3488641618270014,136390.3244158632
2015-03-02 00:00:00+00:00,1.3481265939586793,108.58999633789062,392703.5289168934,0.7422107435083115,1.3473262260704553,136396.23466325455
2015-03-03 00:00:00+00:00,1.7514223132004008,108.18000030517578,388603.891204324,0.5661858821366675,1.7662044066273932,297750.0138733051
2015-03-04 00:00:00+00:00,1.757669001637502,107.86000061035156,386560.23695779784,0.5648792602653313,1.7702898129598292,297763.4126239294
2015-03-05 00:00:00+00:00,1.7629022336846607,108.19000244140625,388640.6349103747,0.5661870680923387,1.76620070707251,297776.72926543833
2015-03-06 00:00:00+00:00,1.7606130944466654,107.13999938964844,381965.5161121733,0.5619159843914308,1.7796254738740442,297790.04650249716
2015-03-09 00:00:00+00:00,1.7761445843337862,107.19000244140625,382269.3626458911,0.5621006415684388,1.7790408443756323,297803.4470545898
2015-03-10 00:00:00+00:00,1.7722478196041114,105.72000122070312,372929.45866721804,0.5559918181340752,1.798587618350265,297816.84820970724
2015-03-11 00:00:00+00:00,1.7985876183502647,105.06999969482422,368792.0868190609,0.55322491681963,1.8075830816673677,297830.24996787665
2015-03-12 00:00:00+00:00,1.8070277174182894,104.95999908447266,368080.86232374207,0.5527366840427348,1.8091797213204057,297843.5695985002
2015-03-13 00:00:00+00:00,1.7976308072566785,104.68000030517578,366291.0745891595,0.5515202849599468,1.8131699363924998,297856.88982480724
2015-03-16 00:00:00+00:00,1.8039789777398758,105.62000274658203,372241.6504635895,0.5554918097506343,1.8002065601091577,297870.2106468244
2015-03-17 00:00:00+00:00,1.7857429049943514,106.16000366210938,375654.31152940285,0.5577329751467749,1.7929727029979472,297883.6148063035
2015-03-18 00:00:00+00:00,1.78357650954572,106.02999877929688,374816.08370567346,0.5571707788671544,1.7947818477365427,297897.01956896984
2015-03-19 00:00:00+00:00,1.770143244378154,107.87000274658203,386476.76649423287,0.564704918594527,1.7708363555409838,297910.34218567825
2015-03-20 00:00:00+00:00,1.7681880828225016,108.51000213623047,391703.95865304995,0.5689669736091664,1.7575712587615289,296743.6610186649
2015-03-23 00:00:00+00:00,1.7573259669149321,108.27999877929688,390231.33636072965,0.568031955536409,1.7604643370031379,296757.01448341075
2015-03-24 00:00:00+00:00,1.7599700884345868,107.91000366210938,387870.5281184749,0.5665313451276711,1.765127399569823,296770.3685490625
2015-03-25 00:00:00+00:00,1.764877213475811,105.41999816894531,372059.28039284825,0.5562730330474895,1.7976783712156492,296783.6407794337
2015-03-26 00:00:00+00:00,1.797134632072985,104.23999786376953,364559.3489119169,0.5512298350091733,1.8141253184950674,296796.9960432689
2015-03-27 00:00:00+00:00,1.8021200732865115,104.91999816894531,368860.37447013514,0.5541184335392829,1.8046683515160613,296810.26946448075
2015-03-30 00:00:00+00:00,1.7964488184657608,106.16000366210938,376714.3004090997,0.5593067378678493,1.7879276831388287,296823.62592660665
2015-03-31 00:00:00+00:00,1.7804356319392605,105.56999969482422,372957.63103483024,0.5568238729090921,1.7959000119293764,296836.9829897734
2015-04-01 00:00:00+00:00,1.7954940529488996,104.37000274658203,365331.32209054596,0.551709018220798,1.8125496719718157,296849.8459257029
2015-04-02 00:00:00+00:00,1.8030660421904674,104.77999877929688,367919.20601170853,0.5534430520082867,1.8068706371347254,296863.2041687696
2015-04-06 00:00:00+00:00,1.80216739151585,104.33999633789062,365114.22770874,0.5515397386581395,1.8131059829577016,296876.56301295717
2015-04-07 00:00:00+00:00,1.7905759574541975,105.80000305175781,374363.87792817346,0.5577083239168614,1.7930519540695824,296890.0049240046
2015-04-08 00:00:00+00:00,1.7930519540695828,105.83000183105469,374540.8467673943,0.5578137992967342,1.7927129111197204,296903.3649742263
2015-04-09 00:00:00+00:00,1.7819833207383216,106.2300033569336,377065.3175871252,0.5594589965479038,1.7874410925026116,296916.7256256501
2015-04-10 00:00:00+00:00,1.7733869991560474,107.02999877929688,382127.57087167207,0.5627321428607893,1.7770443943654088,296930.08687830326
2015-04-13 00:00:00+00:00,1.7678650661294415,107.36000061035156,384207.9236118483,0.5640565947766722,1.7728717459565053,296943.4487322128
2015-04-14 00:00:00+00:00,1.7713432170211036,106.55999755859375,379118.81573005475,0.5607638470927032,1.7832818666619286,296956.893671697
2015-04-15 00:00:00+00:00,1.7753666433040356,107.31999969482422,383927.2451364965,0.5638546147867065,1.7735068114646495,296970.33921993827
2015-04-16 00:00:00+00:00,1.766916577042285,107.4000015258789,384421.3749547235,0.5641597647537608,1.77254753436107,296983.785376964
2015-04-17 00:00:00+00:00,1.7688675623900743,105.55000305175781,372670.51209054305,0.5565006158646434,1.7969432045394684,296997.232142802
2015-04-20 00:00:00+00:00,1.7907506105949198,106.5,378684.3721053872,0.5604367994051058,1.7843225160472742,297010.67951747956
2015-04-21 00:00:00+00:00,1.7701293428769456,107.93000030517578,387743.63895777176,0.5662410790200404,1.7660322379482607,297024.12750102434
2015-04-22 00:00:00+00:00,1.7644062592187304,107.63999938964844,385890.26375887275,0.5650527643481488,1.769746230962362,297037.57609346404
2015-04-23 00:00:00+00:00,1.7571727770850967,108.26000213623047,389810.4557580559,0.5675241173235105,1.7620396551887183,297051.025294826
2015-04-24 00:00:00+00:00,1.7522448818534453,110.02999877929688,401026.8460708336,0.5744618703972465,1.7407595726213985,297064.47510513803
2015-04-27 00:00:00+00:00,1.7348304988718808,110.0199966430664,400949.93655336025,0.5744039147088926,1.74093521021144,297077.9255244275
2015-04-28 00:00:00+00:00,1.7381319322863995,109.11000061035156,395162.9661231701,0.5708349399379387,1.7518198870390105,297091.37655272207
2015-04-29 00:00:00+00:00,1.740759126352682,108.75,392865.47100231476,0.5693947572267652,1.7562508036963593,297104.82819004933
2015-04-30 00:00:00+00:00,1.7489933317211208,107.05999755859375,382129.706202981,0.5625776059986122,1.7775325383329725,297118.2804364368
2015-05-01 00:00:00+00:00,1.7702431215551324,108.02999877929688,388270.8915976737,0.5664861955100317,1.7652680823045608,297131.3206276338
2015-05-04 00:00:00+00:00,1.7527221487300775,109.16999816894531,395490.2263812373,0.5709937068175336,1.7513327871397353,297144.77407353994
2015-05-05 00:00:00+00:00,1.7506102358868607,107.4000015258789,384246.9322030993,0.563903760306217,1.7733522462360765,297158.22812858823
2015-05-06 00:00:00+00:00,1.7727143648204087,106.0,375351.0915923945,0.5581239861141188,1.7917165806873803,297171.6827928063
2015-05-07 00:00:00+00:00,1.782327782807304,106.5999984741211,379144.3593231565,0.5605911922911068,1.7838310943007372,297185.13806622167
2015-05-08 00:00:00+00:00,1.774115628435214,108.30000305175781,389916.6750916464,0.5674690880267124,1.7622105258232623,297198.59394886193
2015-05-11 00:00:00+00:00,1.7574041147706387,108.19000244140625,389205.3137350584,0.5670097145668517,1.7636382134368138,297212.0504407546
2015-05-12 00:00:00+00:00,1.7626437185014243,106.80000305175781,380372.92978558264,0.5613544967514933,1.781405521443059,297225.50754192733
2015-05-13 00:00:00+00:00,1.7688379739000177,107.83999633789062,386957.7661329517,0.5655650610160631,1.7681431703073296,297238.9652524077
2015-05-14 00:00:00+00:00,1.7661332825000644,108.4800033569336,391004.86721004907,0.568108572835652,1.7602269140361835,297252.4235722233
2015-05-15 00:00:00+00:00,1.7468956605587902,109.30999755859375,396257.3517075133,0.5713685312353152,1.7501838924134854,297265.8825014017
2015-05-18 00:00:00+00:00,1.7469547386823743,109.31999969482422,396307.3512671284,0.5713883427859474,1.7501232088919574,297279.3420399705
2015-05-19 00:00:00+00:00,1.7413407257025266,109.76000213623047,399085.51057792286,0.5730872189181657,1.7449350936280354,297292.8021879573
2015-05-20 00:00:00+00:00,1.7428094725639487,109.43000030517578,396978.4178077384,0.571780533304456,1.7489227802506002,297306.1803640558
2015-05-21 00:00:00+00:00,1.7420442852875166,109.66000366210938,398424.3078571964,0.5726594609817207,1.7462385032208871,297319.5591421722
2015-05-22 00:00:00+00:00,1.7354638427569065,110.37999725341797,402978.9670389824,0.5754278398508527,1.73783736334202,297332.93852233357
2015-05-26 00:00:00+00:00,1.736793301860779,108.76000213623047,392687.3571934979,0.5690842693933121,1.7572090001118417,297346.40109705
2015-05-27 00:00:00+00:00,1.7518640813935147,109.29000091552734,396036.5827325571,0.57115468591354,1.7508391766068387,297359.78168509935
2015-05-28 00:00:00+00:00,1.7312749573059691,110.37000274658203,402875.33199296606,0.5753319499369592,1.738127006695131,297373.1628752752
2015-05-29 00:00:00+00:00,1.7341958836390423,109.79000091552734,399182.0969877179,0.5730692901120318,1.7449896849375854,297386.5446676046
2015-06-01 00:00:00+00:00,1.7419237265822223,109.5199966430664,397455.9882075011,0.5719979760959267,1.7482579341020172,297399.59663262055
2015-06-02 00:00:00+00:00,1.7376602321160615,109.47000122070312,397125.4065449516,0.5717832368358077,1.748914510914839,297412.979614469
2015-06-03 00:00:00+00:00,1.7418038059182903,110.12999725341797,401299.4037439314,0.5743303349180268,1.7411582484890484,297426.36319855164
2015-06-04 00:00:00+00:00,1.7380078590768826,109.20999908447266,395448.9584390739,0.5707250067186583,1.752157323102814,297439.8300033298
2015-06-05 00:00:00+00:00,1.7479572810398945,108.62999725341797,391755.63781162986,0.5684134633007734,1.7592827484996685,297453.29741785495
2015-06-08 00:00:00+00:00,1.7511323117545163,107.97000122070312,387554.7890042678,0.5657556123434063,1.7675476445702722,297466.7654421547
2015-06-09 00:00:00+00:00,1.7647931804466794,107.19999694824219,382655.986317299,0.5626166859572308,1.7774090690158066,297480.2340762567
2015-06-10 00:00:00+00:00,1.7671067212167924,108.26000213623047,389367.7777326935,0.566879623437081,1.764042944314776,297493.70332018845
2015-06-11 00:00:00+00:00,1.749030743390029,109.45999908447266,396967.75388725905,0.5716084748618371,1.7494492191385178,297507.17317397764
2015-06-12 00:00:00+00:00,1.7471802402233367,108.5999984741211,391497.9627023905,0.5681965031132694,1.7599545131319665,297520.6436376519
2015-06-15 00:00:00+00:00,1.7581116187173569,107.30999755859375,383300.01054701203,0.5629858967507253,1.776243429491756,297534.1147112388
2015-06-16 00:00:00+00:00,1.7648492930734414,108.05000305175781,387981.5440269093,0.5659592376304392,1.7669117023105845,297547.586394766
2015-06-17 00:00:00+00:00,1.757619842103916,108.43000030517578,390378.9023560936,0.5674606470914192,1.7622367385749265,297561.1413403685
2015-06-18 00:00:00+00:00,1.754026140182328,109.44000244140625,396773.3603665041,0.5714329524108249,1.7499865833447106,297574.696903474
2015-06-19 00:00:00+00:00,1.7352896378449383,109.80999755859375,400315.8959900211,0.5745923282307743,1.7403643433233738,296379.61545656
2015-06-22 00:00:00+00:00,1.7394267955501301,110.44999694824219,404362.9875714584,0.5770381910731459,1.7329875482595902,296393.03486692643
2015-06-23 00:00:00+00:00,1.7301235936839785,110.33000183105469,403588.25199572084,0.5765590054162415,1.734427856656335,296406.454884894
2015-06-24 00:00:00+00:00,1.7291550786502123,110.19000244140625,402686.5976159869,0.5760018153102351,1.736105639634832,296419.8755104902
2015-06-25 00:00:00+00:00,1.7357578853712177,109.81999969482422,400325.6738010224,0.5745540290468389,1.7404803542304945,296433.2967437425
2015-06-26 00:00:00+00:00,1.73837397139255,108.86000061035156,394221.485472381,0.5707827335277367,1.7519801165313384,296446.71858467837
2015-06-29 00:00:00+00:00,1.74705075576253,106.63999938964844,380123.14434367913,0.5618275717997786,1.779905526524026,296460.1410333254
2015-06-30 00:00:00+00:00,1.7792551677265087,106.73999786376953,380744.08470376563,0.5622181274859125,1.7786690807564844,296473.6464397503
2015-07-01 00:00:00+00:00,1.7744105910740828,107.41999816894531,385045.37178426876,0.5649703238669617,1.7700044723684962,296486.6583386774
2015-07-02 00:00:00+00:00,1.7637124666682154,107.62000274658203,386300.8874653704,0.5657591368547923,1.7675366332734277,296500.0825957077
2015-07-06 00:00:00+00:00,1.7633991769605992,107.04000091552734,382607.6093876007,0.563386412078165,1.7749806856563992,296513.50746055855
2015-07-07 00:00:00+00:00,1.766590868536663,105.83000183105469,374917.2788083631,0.5583744297026356,1.7909129551877112,296526.9329332575
2015-07-08 00:00:00+00:00,1.7632716555464825,105.88999938964844,375284.51050667354,0.5586046714443921,1.7901747892911204,296540.359013832
2015-07-09 00:00:00+00:00,1.7875120963123596,106.0199966430664,376095.85847414983,0.5591259309065907,1.788505853016971,296553.7857023096
2015-07-10 00:00:00+00:00,1.7883728299386965,107.05000305175781,382617.3629476254,0.563348133185305,1.775101293663229,296567.21299871773
2015-07-13 00:00:00+00:00,1.7674656518064649,108.56999969482422,392247.63654751575,0.5694418324393575,1.7561056161192627,296580.6409030841
2015-07-14 00:00:00+00:00,1.7444258400674182,109.62999725341797,398959.4202893809,0.5735855346778486,1.7434191407243995,296594.06941543607
2015-07-15 00:00:00+00:00,1.7360448441994705,110.06999969482422,401737.6106277967,0.5752708873538964,1.7383115015601645,296607.49853580125
2015-07-16 00:00:00+00:00,1.7347145420611056,111.06999969482422,408068.73537472304,0.5790758066004639,1.7268896206709512,296620.92826420715
2015-07-17 00:00:00+00:00,1.7171885034694447,112.6500015258789,418079.6303317975,0.584960681626778,1.7095166075418882,296634.44099538366
2015-07-20 00:00:00+00:00,1.6995377972998251,113.4800033569336,423332.1912152486,0.5879776578227273,1.7007448951427602,296647.87194368424
2015-07-21 00:00:00+00:00,1.695532858119243,113.58000183105469,423953.1230231491,0.5883216584902428,1.6997504436029274,296661.385902295
2015-07-22 00:00:00+00:00,1.696311672119061,112.16999816894531,414993.84581017244,0.5831278892443924,1.7148896810539858,296674.81807060115
2015-07-23 00:00:00+00:00,1.7100049821115055,111.91000366210938,413330.86372177984,0.5821404737431054,1.7177984440252012,296688.250847086
2015-07-24 00:00:00+00:00,1.7146174354020802,110.93000030517578,407099.74565301515,0.5784298359832186,1.7288181518164494,296701.68423177715
2015-07-27 00:00:00+00:00,1.7268923365133462,109.94000244140625,400805.2162829421,0.5746143824837119,1.7402975464651655,296715.1182247021
2015-07-28 00:00:00+00:00,1.7374957623359848,109.79000091552734,399840.00640856783,0.5740137905984254,1.7421184235965343,296728.63524675457
2015-07-29 00:00:00+00:00,1.7266675073738378,110.94000244140625,407122.73609839374,0.5784103490183333,1.7288763966571141,296742.15288458247
2015-07-30 00:00:00+00:00,1.7220128127357042,110.62000274658203,405078.96234886046,0.5771715202144136,1.732587220569216,296755.67113821383
2015-07-31 00:00:00+00:00,1.7162094762003157,111.72000122070312,412044.44372124085,0.5813156295450508,1.7202358738962857,296769.19000767684
2015-08-03 00:00:00+00:00,1.7176942207325634,110.86000061035156,406575.0981300406,0.5780491517055943,1.7299566949443586,296782.2148776827
2015-08-04 00:00:00+00:00,1.7216236906872484,110.93000030517578,407005.6949284318,0.5782962035116297,1.7292176464718738,296795.7349563605
2015-08-05 00:00:00+00:00,1.7240259209179578,111.87999725341797,413019.48162336124,0.5818579326744691,1.7186325799556783,296809.2556509529
2015-08-06 00:00:00+00:00,1.7145711309216944,109.94999694824219,400760.96823923074,0.5744987193242554,1.7406479185475527,296822.7769614881
2015-08-07 00:00:00+00:00,1.7348312630495404,109.4000015258789,397257.9703943576,0.5723400811320578,1.7472129472778735,296836.29888799414
2015-08-10 00:00:00+00:00,1.7365089488120533,111.0,407395.72533136216,0.5784853410924329,1.728652273386156,296849.821430499
2015-08-11 00:00:00+00:00,1.7222410420173262,109.52999877929688,398055.69934927474,0.5728087362426836,1.7457834294907244,296863.34458903084
2015-08-12 00:00:00+00:00,1.7386022107281303,108.22000122070312,389730.74223959766,0.5676177913179273,1.7617488656903142,296876.95082565775
2015-08-13 00:00:00+00:00,1.7342565533639933,110.0999984741211,401644.8803671365,0.5749813946255927,1.739186709947657,296890.5576859039
2015-08-14 00:00:00+00:00,1.7363949564011003,109.86000061035156,400108.59336259356,0.5740333852784129,1.742058956231245,296904.16516979784
2015-08-17 00:00:00+00:00,1.7344884900759026,109.95999908447266,400729.5134949138,0.5744013751157006,1.740942907385227,296917.69080398895
2015-08-18 00:00:00+00:00,1.724090560772039,110.70999908447266,405474.3206239177,0.5772651997491274,1.7323060534994803,296931.2995314841
2015-08-19 00:00:00+00:00,1.7305912753757418,109.48999786376953,397720.3470679666,0.5725352515632428,1.7466173432458751,296944.9088827126
2015-08-20 00:00:00+00:00,1.7390718172007538,107.06999969482422,382352.9268798986,0.5628536502351096,1.776660770667988,296958.518857703
2015-08-21 00:00:00+00:00,1.7765318897049633,102.4000015258789,352710.2584985431,0.5428964445361549,1.84197190838925,296972.12945648405
2015-08-24 00:00:00+00:00,1.84197190838925,84.73999786376953,240651.79200712597,0.44760973216425604,2.234089047092116,296985.74067908415
2015-08-25 00:00:00+00:00,1.906275764326347,98.01000213623047,324830.44515519607,0.5223783845141124,1.9143211695678122,296999.35252553195
2015-08-26 00:00:00+00:00,1.9128948276082975,98.93000030517578,330653.8111849512,0.5267983327027369,1.8982596145843964,297012.96499585605
2015-08-27 00:00:00+00:00,1.8327470786774787,103.27999877929688,358239.08288099634,0.5467082274012282,1.8291292317905836,297026.4955864837
2015-08-28 00:00:00+00:00,1.7958648390389342,104.8499984741211,368186.5002640422,0.5534753731072893,1.8067651219707537,297040.02679350483
2015-08-31 00:00:00+00:00,1.7962006226961147,104.05000305175781,363097.3539033993,0.5500217405095355,1.818109951569566,297053.5586169476
2015-09-01 00:00:00+00:00,1.8144100909380425,100.62999725341797,341385.9034592524,0.5347083827939152,1.870178273201704,297066.59596757585
2015-09-02 00:00:00+00:00,0.8207375392534627,101.69999694824219,323719.7845870307,1.2170203437070544,0.8216789515235148,0.0
2015-09-03 00:00:00+00:00,0.8247932176397651,103.0999984741211,327381.4526648123,1.214073410469098,0.8236734215385019,0.0
2015-09-04 00:00:00+00:00,0.8240809974573733,101.58999633789062,323432.0808124166,1.217255331118483,0.8215203289199345,0.0
2015-09-08 00:00:00+00:00,0.8223392448322787,103.69000244140625,328924.59290633193,1.2128553165497888,0.8245006525961409,0.0
2015-09-09 00:00:00+00:00,0.826364566093774,103.58999633789062,328663.02950796596,1.2130608077320773,0.8243609830817855,0.0
2015-09-10 00:00:00+00:00,0.8247375646755891,103.62000274658203,328741.51050016715,1.212999109319575,0.8244029136682088,0.0
2015-09-11 00:00:00+00:00,0.8262962343169016,104.20999908447266,330284.6307872011,1.2117931915038516,0.8252233194667373,0.0
2015-09-14 00:00:00+00:00,0.8270855459599089,104.8499984741211,331958.532773418,1.2105004159648265,0.8261046314494261,0.0
2015-09-15 00:00:00+00:00,0.8266509547589033,105.11000061035156,332638.56169109535,1.2099797180530156,0.8264601340666313,0.0
2015-09-16 00:00:00+00:00,0.8283229431719633,106.13999938964844,335332.4970765856,1.2079420427702248,0.8278542881963588,0.0
2015-09-17 00:00:00+00:00,0.8291204439682218,106.63999938964844,336640.2342504729,1.206967070696142,0.8285230179670356,0.0
2015-09-18 00:00:00+00:00,0.8291733486710411,105.16999816894531,333305.5012643425,1.2117140694149848,0.8252772046154417,0.0
2015-09-21 00:00:00+00:00,0.8255236483582366,104.7300033569336,332154.70612037193,1.2126035288744197,0.8246718537329628,0.0
2015-09-22 00:00:00+00:00,0.8259736626584016,103.12999725341797,327969.9312003439,1.2159019575846635,0.8224347314864568,0.0
2015-09-23 00:00:00+00:00,0.8237977450542668,103.63999938964844,329303.828704965,1.2148395255098567,0.8231539878325159,0.0
2015-09-24 00:00:00+00:00,0.8239092274778501,102.2699966430664,325720.6216648989,1.2177175029194984,0.8212085295665726,0.0
2015-09-25 00:00:00+00:00,0.8233784418170009,102.27999877929688,325746.7819956326,1.2176962119520567,0.8212228880936785,0.0
2015-09-28 00:00:00+00:00,0.8221368662793899,99.69000244140625,318972.71301304933,1.2233520688877597,0.8174261730796551,0.0
2015-09-29 00:00:00+00:00,0.817874178310331,98.75,316514.16074070573,1.2254781599262168,0.8160080144228826,0.0
2015-09-30 00:00:00+00:00,0.817096225694741,100.5,321091.2408493114,1.221551923310586,0.8186307768971886,0.0
2015-10-01 00:00:00+00:00,0.8204733394489319,100.58999633789062,321326.62396245793,1.2213537041786995,0.818763636265754,0.0
2015-10-02 00:00:00+00:00,1.0289202218731275,100.4800033569336,319754.27064084634,0.971404623296175,1.0294371428939622,9412.652155809294
2015-10-05 00:00:00+00:00,1.0284096915451115,104.55000305175781,333086.9379139826,0.9725165608961385,1.028260124515038,9413.078339781903
2015-10-06 00:00:00+00:00,1.0279985253742399,104.18000030517578,331874.4032169857,0.9724177026814854,1.0283646597984129,9413.504543051176
2015-10-07 00:00:00+00:00,1.0281369126633806,104.29000091552734,332234.33289813594,0.9724455477552696,1.028335213532866,9413.930765617986
2015-10-08 00:00:00+00:00,1.0279657075626287,104.20999908447266,331971.8250911177,0.9724231456891126,1.0283589036656926,9414.357007483208
2015-10-09 00:00:00+00:00,1.0278531621710603,105.80999755859375,337212.9051656458,0.9728389174241273,1.0279194038081758,9414.783268647712
2015-10-12 00:00:00+00:00,1.027725473998057,106.3499984741211,338981.49195975374,0.9729756065188443,1.0277749958992752,9415.209549112378
2015-10-13 00:00:00+00:00,1.0276573906113806,106.0,337834.49005428556,0.9728851477752847,1.027870558294285,9415.635848878073
2015-10-14 00:00:00+00:00,1.0278435591075448,105.48999786376953,336163.3249992093,0.9727528246255293,1.028010379085725,9416.062167945674
2015-10-15 00:00:00+00:00,1.027890787101189,106.18000030517578,338423.3084217051,0.9729286625927263,1.0278245861676356,9416.488506316056
2015-10-16 00:00:00+00:00,1.02742897234064,107.37999725341797,342354.0055674321,0.9732299791795158,1.0275063668333078,9416.914863990092
2015-10-19 00:00:00+00:00,1.0273129630816256,107.73999786376953,343532.92124016857,0.9733182200382356,1.0274132132867257,9417.341240968655
2015-10-20 00:00:00+00:00,1.0271542690195914,107.80999755859375,343761.8099650251,0.9733343368798688,1.0273962009864062,9417.767637252622
2015-10-21 00:00:00+00:00,1.02729994104867,107.4800033569336,342680.3408317575,0.9732512546354966,1.027483905350342,9418.194052842866
2015-10-22 00:00:00+00:00,1.0274734015397835,108.16999816894531,344940.29916425253,0.9734206761410437,1.0273050742709982,9418.620487740258
2015-10-23 00:00:00+00:00,1.0269114778526471,112.06999969482422,357716.0642025945,0.9743444739910042,1.0263310632880263,9419.044325662207
2015-10-26 00:00:00+00:00,1.026160961221952,112.2699966430664,358370.81926500885,0.9743890241147349,1.0262841383178896,9419.468182656861
2015-10-27 00:00:00+00:00,1.0261455168468836,112.5199966430664,359189.3815349387,0.9744447773467874,1.0262254190768965,9419.892058725081
2015-10-28 00:00:00+00:00,1.0260921544010109,112.33999633789062,358599.28661493846,0.9744026788570141,1.0262697565374224,9420.315953867725
2015-10-29 00:00:00+00:00,1.0258726766889597,113.37999725341797,362005.8480672892,0.9746363341395345,1.026023722871832,9420.73986808565
2015-10-30 00:00:00+00:00,1.0259158422959864,113.30000305175781,361743.3675623158,0.9746172842357392,1.026043777567689,9421.163801379715
2015-11-02 00:00:00+00:00,1.0260367042109557,113.38999938964844,362037.77971058636,0.9746363241153474,1.0260237334245412,9421.57466880105
2015-11-03 00:00:00+00:00,1.6559105548131352,114.20999908447266,363451.0708541046,0.6024921817945351,1.6597725750091559,239795.04890724775
2015-11-04 00:00:00+00:00,1.6521901118318558,114.54000091552734,365183.3176891416,0.6036196074562626,1.656672493152003,239805.83968444858
2015-11-05 00:00:00+00:00,1.652144966687013,114.11000061035156,362901.3065885759,0.6021080243144651,1.6608315445364776,239816.6309472344
2015-11-06 00:00:00+00:00,1.65511061420393,113.76000213623047,361041.8569019252,0.6008658940655818,1.6642648715402952,239827.422695627
2015-11-09 00:00:00+00:00,1.6544039953261718,112.87000274658203,356330.17435445334,0.5977005503132197,1.6730786001049502,239838.21492964833
2015-11-10 00:00:00+00:00,1.6661663940600324,112.62999725341797,355051.69593621546,0.5968251403911236,1.675532634809351,239849.00764932015
2015-11-11 00:00:00+00:00,1.669062993500942,112.94999694824219,356731.1100312386,0.5979492873961381,1.6723826268857238,239859.80085466435
2015-11-12 00:00:00+00:00,1.670496351817974,111.95999908447266,351491.2438012075,0.594375931973839,1.6824368992855085,239870.5945457028
2015-11-13 00:00:00+00:00,1.6816174604689729,109.77999877929688,339965.8997976624,0.5863024739933161,1.7056042646195622,239881.38872245737
2015-11-16 00:00:00+00:00,1.7049471438630937,109.4800033569336,338370.5584585435,0.585150198990554,1.7089629324660676,239892.1833849499
2015-11-17 00:00:00+00:00,1.6881244821470245,111.20999908447266,347497.36603884294,0.5915851596422222,1.6903737081653267,239903.04516991982
2015-11-18 00:00:00+00:00,1.6874479739792572,111.83000183105469,350761.29803679034,0.5938310848001251,1.683980555407579,239913.90744668723
2015-11-19 00:00:00+00:00,1.665930479443452,113.48999786376953,359518.4396885731,0.5997540279345226,1.6673502026220217,239924.70357252235
2015-11-20 00:00:00+00:00,1.6652001619491916,114.13999938964844,362940.88798951765,0.6020154298777199,1.6610869927422254,239935.5001841831
2015-11-23 00:00:00+00:00,1.6578319741402834,113.66000366210938,360394.8000903186,0.6003167227230402,1.6657873454932157,239946.2972816914
2015-11-24 00:00:00+00:00,1.6610401847168965,112.83999633789062,356052.8034834214,0.5973941111884608,1.6739368220597148,239957.09486506908
2015-11-25 00:00:00+00:00,1.6620529893299685,113.91000366210938,361693.6801503877,0.6011580202737231,1.6634561401088415,239967.89293433804
2015-11-27 00:00:00+00:00,1.6611390141081732,113.91999816894531,361735.67160935554,0.6011750654353484,1.6634089760123991,239978.69148952008
2015-11-30 00:00:00+00:00,1.6596525207146555,113.6500015258789,360298.7765295025,0.6002095931243749,1.6660846668486702,239989.4905306371
2015-12-01 00:00:00+00:00,1.66249128159114,114.33999633789062,363932.72922206356,0.602604723192037,1.6594625988042941,240000.02340272148
2015-12-02 00:00:00+00:00,1.6517065750807756,114.27999877929688,363604.9612785562,0.602378086105502,1.6600869504818898,240010.89007044776
2015-12-03 00:00:00+00:00,1.6584608969408925,111.83999633789062,350706.2382674346,0.5936848108442886,1.684395459903857,240021.7572301926
2015-12-04 00:00:00+00:00,1.6775583559252478,112.62000274658203,354815.2886894076,0.5964806811864648,1.676500231341762,240032.62488197832
2015-12-07 00:00:00+00:00,1.6520399063644937,114.06999969482422,362463.163560222,0.6015919651643808,1.6622562432773798,240043.49302582713
2015-12-08 00:00:00+00:00,1.656990607780336,113.37999725341797,358807.7690619216,0.5991492042222264,1.6690333442036862,240054.36166176136
2015-12-09 00:00:00+00:00,1.6569449787360226,112.19999694824219,352564.2529579524,0.5949151411238534,1.6809120005096887,240065.23078980326
2015-12-10 00:00:00+00:00,1.6739452957471852,112.80999755859375,355775.28061583824,0.5970872135711172,1.674797210978783,240076.16709476148
2015-12-11 00:00:00+00:00,1.6689377819688154,110.72000122070312,344725.18619727273,0.589462964502943,1.6964594219133633,240087.1038979291
2015-12-14 00:00:00+00:00,1.6957132415597036,109.37999725341797,337636.4781209014,0.5844145828747929,1.7111140435286565,240098.04119932893
2015-12-15 00:00:00+00:00,1.6869349949871866,112.16999816894531,352361.98741698114,0.5947328522838361,1.6814272091408702,240109.04569288387
2015-12-16 00:00:00+00:00,1.6800001679124525,111.88999938964844,350872.0560684472,0.5937000715499832,1.6843521635247278,240120.05069081145
2015-12-17 00:00:00+00:00,1.6634777118675677,112.30000305175781,353026.65007788374,0.5951649052951578,1.6802065966978916,240131.05619313478
2015-12-18 00:00:00+00:00,1.6800031498635875,109.83000183105469,341322.678195555,0.588374367964441,1.6995981715852655,238788.7215861962
2015-12-21 00:00:00+00:00,1.6995981715852655,110.05000305175781,342472.2995228979,0.5891759108158086,1.697285957627391,238801.1253336786
2015-12-22 00:00:00+00:00,1.6866951533687542,111.05000305175781,347741.86431561876,0.5928543274421753,1.6867549981703325,238813.4633918208
2015-12-23 00:00:00+00:00,1.6792237559395606,112.16000366210938,353592.4410082859,0.5968628500712072,1.6754267749797085,238825.8020874294
2015-12-24 00:00:00+00:00,1.6709168872691968,112.54000091552734,355587.21025132656,0.5982033055138246,1.671672474529464,238838.14142053723
2015-12-28 00:00:00+00:00,1.6711740382243434,111.51000213623047,350134.51679193287,0.5944710270584501,1.6821677667760873,238850.48139117728
2015-12-29 00:00:00+00:00,1.6718303073759577,113.12999725341797,358678.8330115847,0.6002574548631284,1.6659518210032416,238862.8219993825
2015-12-30 00:00:00+00:00,1.6546721472272499,113.25,359300.33461506426,0.600660401337613,1.6648342354067225,238875.1632451858
2015-12-31 00:00:00+00:00,1.6646388574289022,111.83999633789062,351840.556723219,0.5956050151759437,1.6789650431412113,238887.43877440816
2016-01-04 00:00:00+00:00,1.6787612055477934,108.12000274658203,332180.6311723737,0.5816715851141904,1.719183170695343,238898.71957012807
2016-01-05 00:00:00+00:00,1.2527614389690989,108.80000305175781,330770.6645011265,0.7969279786432666,1.25481853667938,84286.49670464313
2016-01-06 00:00:00+00:00,1.253328484280207,107.41000366210938,325463.6517524475,0.7942893834320904,1.2589869899545212,84290.85150697286
2016-01-07 00:00:00+00:00,1.256432130014181,104.80999755859375,315540.6283227897,0.7891754585618131,1.2671453339697003,84295.20653430071
2016-01-08 00:00:00+00:00,1.2669516716349778,103.9000015258789,312064.7624137156,0.7873179884271657,1.2701348307787448,84299.56178663833
2016-01-11 00:00:00+00:00,1.269772064973626,102.7300033569336,307597.02361836744,0.7848846265227455,1.2740726040593695,84303.9172639973
2016-01-12 00:00:00+00:00,1.2687398866146842,104.08000183105469,312742.7278294322,0.7876638698872246,1.269577085138077,84308.27296638927
2016-01-13 00:00:00+00:00,1.2648601384356077,101.73999786376953,303811.5761609184,0.7827689492286787,1.2775161827578565,84312.62889382585
2016-01-14 00:00:00+00:00,1.2769597390317713,100.66999816894531,299725.3172201185,0.7804487043517875,1.2813141907008019,84316.9850463187
2016-01-15 00:00:00+00:00,1.2696453522774505,99.51000213623047,295295.7343090665,0.7778779016695286,1.285548796094785,84321.34142387944
2016-01-19 00:00:00+00:00,1.280725396070259,99.87999725341797,296702.8585767602,0.7786892962085304,1.2842092537666054,84325.69802651968
2016-01-20 00:00:00+00:00,1.2799617083823471,97.25,286665.421203403,0.77269249816635,1.2941758880448115,84330.05485425105
2016-01-21 00:00:00+00:00,1.28108383924831,99.81999969482422,296465.23877438996,0.7785333311274938,1.2844665218787383,84334.43533210045
2016-01-22 00:00:00+00:00,1.2807455632886122,102.52999877929688,306799.13468041026,0.7843757787177278,1.274899132702399,84338.81603749131
2016-01-25 00:00:00+00:00,1.270724925024604,102.13999938964844,305306.93588068744,0.783541161118937,1.2762571382618222,84343.22039788438
2016-01-26 00:00:00+00:00,1.275946804264668,101.76000213623047,303852.89363545703,0.7827215035999575,1.2775936209759375,84347.62498828293
2016-01-27 00:00:00+00:00,1.2728323155017436,100.1500015258789,297706.55624033156,0.7792170287782149,1.2833395101336083,84352.02980869898
2016-01-28 00:00:00+00:00,1.2817868368843723,100.26000213623047,298121.78850406606,0.779447744456192,1.2829596430453254,84356.43485914453
2016-01-29 00:00:00+00:00,1.2767966062316438,101.94000244140625,304526.3550795758,0.7830711805975529,1.2770231171538087,84360.84013963162
2016-02-01 00:00:00+00:00,1.2696260583980814,103.2300033569336,309443.3378878026,0.785771353251349,1.2726348394634395,84365.0347480719
2016-02-02 00:00:00+00:00,0.8914761325448253,101.83999633789062,306823.8037174262,1.1248070959262253,0.889041333062135,0.0
2016-02-03 00:00:00+00:00,0.8893408076910266,99.87999725341797,301573.93436653935,1.1272562529193961,0.8871097387219413,0.0
2016-02-04 00:00:00+00:00,0.8888667096042917,100.44000244140625,303073.91163492075,1.1265467332050731,0.8876684566426797,0.0
2016-02-05 00:00:00+00:00,0.8888569897122601,97.72000122070312,295788.371985403,1.1300691161818848,0.8849016274143093,0.0
2016-02-08 00:00:00+00:00,0.885317032777354,94.83999633789062,288074.26156338234,1.1340189232693116,0.8818195000812309,0.0
2016-02-09 00:00:00+00:00,0.8837435955760972,95.18000030517578,288984.9642372617,1.1335401780974608,0.8821919322510516,0.0
2016-02-10 00:00:00+00:00,0.8834237096464436,96.62000274658203,292842.01944827195,1.131549925799595,0.8837435955760972,0.0
2016-02-11 00:00:00+00:00,0.8838179821053687,95.19000244140625,289011.7550193878,1.1335261462976989,0.8822028528112745,0.0
2016-02-12 00:00:00+00:00,0.8836691137325784,96.7300033569336,293136.656745523,1.131400328243227,0.8838604471263872,0.0
2016-02-16 00:00:00+00:00,0.8852134568688064,98.8499984741211,298815.07643353357,1.128582239638548,0.8860674613489141,0.0
2016-02-17 00:00:00+00:00,0.8874595895753676,100.69999694824219,303770.3084871693,1.126220005732497,0.8879259779705272,0.0
2016-02-18 00:00:00+00:00,0.8896769801533649,101.19999694824219,305109.56149817246,1.1255963890845782,0.8884179175568226,0.0
2016-02-19 00:00:00+00:00,0.8885451200319628,100.62000274658203,303556.04353629705,1.126320352267147,0.8878468705525214,0.0
2016-02-22 00:00:00+00:00,0.8888375448266024,102.4800033569336,308538.066372059,1.1240276519878702,0.8896578284630948,0.0
2016-02-23 00:00:00+00:00,0.890418867893201,101.51000213623047,305939.91226105223,1.1252128255796088,0.8887207622121528,0.0
2016-02-24 00:00:00+00:00,0.888788917680002,99.7699966430664,301279.2970692883,1.1273965582813603,0.8869993372380276,0.0
2016-02-25 00:00:00+00:00,0.8897248412549907,101.83999633789062,306823.80371742614,1.1248070959262253,0.889041333062135,0.0
2016-02-26 00:00:00+00:00,0.8906827578940645,103.18000030517578,310413.0124133117,1.1231862197565041,0.8903243134667289,0.0
2016-02-29 00:00:00+00:00,0.890560397829929,102.5,308591.62750093226,1.1240034555323857,0.8896769801533649,0.0
2016-03-01 00:00:00+00:00,0.8896769801533649,103.16000366210938,310359.45128443843,1.1232100983022555,0.890305385885963,0.0
2016-03-02 00:00:00+00:00,0.8927399484961147,105.01000213623047,315314.68333807413,1.1210394622750344,0.8920292582480575,0.0
2016-03-03 00:00:00+00:00,0.8927761429230896,104.87000274658203,314939.69412982365,1.121201047574911,0.8919007007377834,0.0
2016-03-04 00:00:00+00:00,0.8925949261024084,104.97000122070312,315207.5406449484,1.1210855867796512,0.8919925577426494,0.0
2016-03-07 00:00:00+00:00,0.8926312184533138,104.2699966430664,313332.57416831644,1.1218984808792045,0.8913462466018534,0.0
2016-03-08 00:00:00+00:00,0.8920384242303965,103.97000122070312,312529.03462294216,1.1222502072024463,0.8910668882769089,0.0
2016-03-09 00:00:00+00:00,0.8912346782278588,103.95999908447266,312502.2438408159,1.1222619690650608,0.8910575494535243,0.0
2016-03-10 00:00:00+00:00,0.8918547101091736,103.30999755859375,310761.210839436,1.1230312118133647,0.8904472017169447,0.0
2016-03-11 00:00:00+00:00,0.8917072894345189,105.45999908447266,316520.0028738254,1.1205229878855645,0.8924404147093918,0.0
2016-03-14 00:00:00+00:00,0.8933698267424964,106.05999755859375,318127.1023999533,1.119841169947676,0.8929837791610434,0.0
2016-03-15 00:00:00+00:00,0.8935306024760883,105.94999694824219,317832.46510270215,1.1199655928095844,0.8928845729013561,0.0
2016-03-16 00:00:00+00:00,0.8934949156918195,106.33999633789062,318877.0808164543,1.119525621871219,0.8932354744401122,0.0
2016-03-17 00:00:00+00:00,0.8943360497692255,106.87000274658203,320296.70617383614,1.1189328517395967,0.8937086782690375,0.0
2016-03-18 00:00:00+00:00,0.8942833144561109,106.80000305175781,320748.0352559593,1.1212439496447788,0.8918665740107761,0.0
2016-03-21 00:00:00+00:00,0.8923788463293668,107.12000274658203,321605.1563655862,1.1208817574688001,0.8921547641726474,0.0
2016-03-22 00:00:00+00:00,0.8927532136980252,107.16000366210938,321712.299058712,1.1208366344676426,0.8921906808256356,0.0
2016-03-23 00:00:00+00:00,0.8930455402033651,106.98999786376953,321256.9375040827,1.1210286424022302,0.8920378678792003,0.0
2016-03-24 00:00:00+00:00,0.8922534757264635,106.52999877929688,320024.8271862053,1.1215512469768847,0.8916222087002058,0.0
2016-03-28 00:00:00+00:00,0.8922803644624554,106.91999816894531,321069.4428999574,1.1211078789171782,0.8919748213399854,0.0
2016-03-29 00:00:00+00:00,0.8921457795563745,106.7300033569336,320560.5406518341,1.1213234684230744,0.891803327193631,0.0
2016-03-30 00:00:00+00:00,0.8936691096062627,109.12999725341797,326988.9387563458,1.1186553149268406,0.8939304061371215,0.0
2016-03-31 00:00:00+00:00,0.8941298713573335,109.02999877929688,326721.092241221,1.1187641414018648,0.8938434501010664,0.0
2016-04-01 00:00:00+00:00,0.8939911913113676,108.38999938964844,325006.8500219673,1.1194653959312246,0.893283529472702,0.0
2016-04-04 00:00:00+00:00,1.7529976665102494,109.68000030517578,326144.4079746091,0.5677658246210787,1.761289525778326,248290.32168224308
2016-04-05 00:00:00+00:00,1.7581241842431525,108.73999786376953,321208.3702012964,0.5640067319089936,1.7730284825064053,248303.2189850638
2016-04-06 00:00:00+00:00,1.7712678943023294,108.98999786376953,322504.8146976666,0.5649842127588742,1.7699609607087965,248316.11695782776
2016-04-07 00:00:00+00:00,1.7495122862844699,108.61000061035156,320501.7298867067,0.5634395335156434,1.7748133393487484,248329.01560056975
2016-04-08 00:00:00+00:00,1.768907846516305,108.62000274658203,320541.2154609463,0.5634570588339661,1.7747581369721912,248341.91491332455
2016-04-11 00:00:00+00:00,1.7699774771042591,108.58999633789062,320371.1608171606,0.5633137477417942,1.7752096482800015,248354.814896127
2016-04-12 00:00:00+00:00,1.7750829120573786,108.0199966430664,317372.96093296836,0.5609866395086357,1.782573647165453,248367.7155490119
2016-04-13 00:00:00+00:00,1.7637931556518618,110.20999908447266,328829.91242612887,0.5696880007126143,1.7553467841153665,248380.616872014
2016-04-14 00:00:00+00:00,1.7470181465953485,110.0,327717.1675538572,0.5688441045780168,1.7579508901508714,248393.5188651682
2016-04-15 00:00:00+00:00,1.746968339600915,110.36000061035156,329589.7212427063,0.5702282365804051,1.7536837635345595,248406.42152850927
2016-04-18 00:00:00+00:00,1.7503452215207382,110.25,329000.70402608754,0.5697770904476396,1.755072319974045,248419.324862072
2016-04-19 00:00:00+00:00,1.7434736139284857,109.87999725341797,327049.9587830838,0.5683059628990175,1.7596155333279346,248432.2288658912
2016-04-20 00:00:00+00:00,1.7515517913526224,110.16999816894531,328555.8961681244,0.5694199477153848,1.756173109165177,248445.13354000173
2016-04-21 00:00:00+00:00,1.7505499218499008,110.1500015258789,328438.26100765966,0.5693194098646331,1.7564832371300492,248458.0388844384
2016-04-22 00:00:00+00:00,1.7504993987500246,108.12000274658203,317793.5005367667,0.561210408137275,1.7818628904604972,248470.944899236
2016-04-25 00:00:00+00:00,1.7709362795537746,108.44999694824219,319508.89554277994,0.562522844101074,1.7777055820693393,248483.8515844294
2016-04-26 00:00:00+00:00,1.77100720105444,108.12000274658203,317767.68649594934,0.5611648215901671,1.7820076411174708,248496.75894005335
2016-04-27 00:00:00+00:00,1.777777399804118,106.69000244140625,310265.33794809424,0.5552598724341921,1.8009585234677974,248509.66696614274
2016-04-28 00:00:00+00:00,1.7891034664803385,106.06999969482422,307005.24554318585,0.5526370306292687,1.8095059588412572,248522.5756627324
2016-04-29 00:00:00+00:00,1.8066162650390756,104.87999725341797,300759.85323643504,0.5475376036973212,1.8263585792964094,248535.48502985708
2016-05-02 00:00:00+00:00,1.814445156254198,105.55000305175781,304256.49464751343,0.5503872456453366,1.8169025679864481,248547.9118041086
2016-05-03 00:00:00+00:00,1.8007749928879524,105.44999694824219,303719.81501029455,0.5499374672747145,1.8183885614406816,248560.82248730506
2016-05-04 00:00:00+00:00,1.8144559981869226,104.79000091552734,300250.2603160853,0.5470793250888202,1.8278884873553696,248573.73384113982
2016-05-05 00:00:00+00:00,1.8241507101875702,104.80999755859375,300342.07810760534,0.5471422153566148,1.827678384034438,248586.64586564768
2016-05-06 00:00:00+00:00,1.824658511503438,104.4000015258789,298181.86454114923,0.5453401522851621,1.8337179021380645,248599.5585608635
2016-05-09 00:00:00+00:00,1.8167891823350437,105.54000091552734,304139.54963780555,0.5502278377506497,1.817428947412102,248612.47192682207
2016-05-10 00:00:00+00:00,1.8126708942238128,106.06999969482422,306902.4352423598,0.5524519628488597,1.8101121314570856,248625.38596355828
2016-05-11 00:00:00+00:00,1.7930595554054105,106.33000183105469,308251.2478909398,0.5535231334236389,1.8066092266366942,248638.30067110693
2016-05-12 00:00:00+00:00,1.806198309863776,105.13999938964844,302005.84957291785,0.5484463351642523,1.8233324500208639,248651.2160495029
2016-05-13 00:00:00+00:00,1.8127613015720316,105.29000091552734,302778.54699671234,0.5490662193454927,1.8212739461408445,248664.13209878103
2016-05-16 00:00:00+00:00,1.8183014665846748,105.55999755859375,304179.7025616792,0.5501962340191159,1.817533342049841,248677.04881897615
2016-05-17 00:00:00+00:00,1.8001737859324263,105.19999694824219,302281.3288183422,0.5486335341711861,1.8227103115574,248689.96621012315
2016-05-18 00:00:00+00:00,1.8187382590594117,105.04000091552734,301430.4523541024,0.5479225349305247,1.8250755102211627,248702.88427225684
2016-05-19 00:00:00+00:00,1.8134853471592558,104.54000091552734,298798.8486826789,0.5457367172940956,1.8323854128017258,248715.8030054121
2016-05-20 00:00:00+00:00,1.8213006771906255,105.66999816894531,304704.1428540875,0.5505711026194581,1.8162958339845465,248728.72240962376
2016-05-23 00:00:00+00:00,1.8052234045753606,106.2300033569336,307624.17708105873,0.5529171028533577,1.8085893795642194,248741.6424849267
2016-05-24 00:00:00+00:00,1.8072150989164086,106.88999938964844,311067.89967500407,0.5556545517306898,1.7996793095373977,248754.56323135577
2016-05-25 00:00:00+00:00,1.779085220649081,108.68000030517578,320429.8751313698,0.5629503890443925,1.7763554648172435,248767.48464894586
2016-05-26 00:00:00+00:00,1.7693138875141152,109.08999633789062,322564.2539138241,0.5645703480382139,1.7712584507401605,248780.4067377318
2016-05-27 00:00:00+00:00,1.7654173553410666,109.61000061035156,325274.78586606466,0.5666135727812077,1.7648712421263164,248793.32949774846
2016-05-31 00:00:00+00:00,1.7585204096461267,109.77999877929688,326152.205723883,0.5672622096699546,1.7628531972574406,248806.2529290307
2016-06-01 00:00:00+00:00,1.7560543997779994,109.91000366210938,326820.7181811293,0.567752573807142,1.761330632628161,248818.62412882913
2016-06-02 00:00:00+00:00,1.7560000699118676,109.52999877929688,324817.5673097526,0.5662303978965619,1.76606555161081,248831.54887402695
2016-06-03 00:00:00+00:00,1.7533117678386563,109.33999633789062,323809.52883009653,0.5654540561412121,1.7684902763351433,248844.47429059347
2016-06-06 00:00:00+00:00,1.7596438698383141,110.06999969482422,327619.90033350105,0.5683136177761466,1.7595918322581714,248857.40037856356
2016-06-07 00:00:00+00:00,1.7548854418588928,110.12999725341797,327921.2029801371,0.5685263840698023,1.7589333195787487,248870.3271379721
2016-06-08 00:00:00+00:00,1.7583277038018228,109.95999908447266,327017.93226015463,0.5678368785116774,1.761069134186985,248883.254568854
2016-06-09 00:00:00+00:00,1.7561042276209118,109.70999908447266,325695.66168863035,0.5668295937118154,1.764198642931856,248896.1826712441
2016-06-10 00:00:00+00:00,1.7583451852803855,108.55999755859375,319659.74956508784,0.5622181788096844,1.7786689183853455,248909.11144517732
2016-06-13 00:00:00+00:00,1.7738508635364882,107.88999938964844,316137.7918922078,0.5594766669845249,1.787384638200935,248922.0408906885
2016-06-14 00:00:00+00:00,1.7855626573707017,107.23999786376953,312720.5633637428,0.5567835518858555,1.7960300670035003,248934.97100781254
2016-06-15 00:00:00+00:00,1.7856355213277677,107.54000091552734,314278.85952111636,0.5579970290932967,1.792124236978331,248947.90179658434
2016-06-16 00:00:00+00:00,1.789755243653278,106.5,308819.0585941085,0.5536575683451169,1.8061705595193092,248960.8332570388
2016-06-17 00:00:00+00:00,1.7856513792226292,106.23999786376953,308571.67381594557,0.5545679374000883,1.8032055814264623,247846.4906790732
2016-06-20 00:00:00+00:00,1.799811791152328,107.08000183105469,312958.14219586283,0.5580391121923599,1.7919890884911542,247859.43377358644
2016-06-21 00:00:00+00:00,1.7909301638445883,107.0999984741211,313049.92824146047,0.5580985548490298,1.791798225083217,247872.37754401684
2016-06-22 00:00:00+00:00,1.7865346701917468,107.1500015258789,313298.8682720886,0.5582817080530124,1.7912103971442384,247885.3219903997
2016-06-23 00:00:00+00:00,1.7900218446781,107.62000274658203,315747.493384964,0.5601878263151298,1.7851155505786678,247898.2671127703
2016-06-24 00:00:00+00:00,1.7704196494747362,104.05999755859375,297089.4147940568,0.5451174955666511,1.8344668959129578,247911.28177179376
2016-06-27 00:00:00+00:00,1.8310970350075357,101.75,284978.01895926695,0.5347658914918106,1.8699771543213952,247924.36597833165
2016-06-28 00:00:00+00:00,1.8625268588543626,103.30000305175781,293082.8044861102,0.5417223556315625,1.845964061856296,247937.51974330444
2016-06-29 00:00:00+00:00,1.8287841532233169,105.2300033569336,303177.77548329136,0.5501036566958696,1.8178392159877248,247950.67420615745
2016-06-30 00:00:00+00:00,1.8028604047530083,106.12999725341797,307878.22124503495,0.5538951594361593,1.8053958099542802,247963.82936692782
2016-07-01 00:00:00+00:00,1.7865302394816478,107.44999694824219,314779.1496922765,0.5593534285360757,1.7877784402201167,247976.2275583962
2016-07-05 00:00:00+00:00,1.166616898866669,106.83999633789062,312394.0762901616,0.8555141544135371,1.1688877324133922,52759.52716402162
2016-07-06 00:00:00+00:00,1.1678228067794767,106.56999969482422,311468.50768509886,0.8551404524623277,1.1693985439708268,52762.31169462194
2016-07-07 00:00:00+00:00,1.1662426886550126,108.11000061035156,316729.0785195414,0.8571964053624238,1.1665937861430935,52765.0963721836
2016-07-08 00:00:00+00:00,1.165681983035121,109.0199966430664,319836.44290752045,0.8583809210384991,1.1649839546645155,52767.881196714356
2016-07-11 00:00:00+00:00,1.1627577372937992,110.66000366210938,325438.8104371395,0.8604723851928096,1.1621523446983437,52770.666168221964
2016-07-12 00:00:00+00:00,1.1616938606002123,111.33999633789062,327760.07796180446,0.8613172106254823,1.1610124442698726,52773.45128671417
2016-07-13 00:00:00+00:00,1.1607609882620757,111.20999908447266,327312.9931160896,0.8611477715423358,1.1612408846033202,52776.236552198745
2016-07-14 00:00:00+00:00,1.161224046193999,111.69999694824219,328984.90343341796,0.8617495827830098,1.1604299206859052,52779.021964683445
2016-07-15 00:00:00+00:00,1.1599645943878518,111.55000305175781,328469.47454114025,0.8615563802480973,1.1606901450976845,52781.80752417603
2016-07-18 00:00:00+00:00,1.1602732299174987,111.8499984741211,329492.0015756516,0.8619204158773432,1.1601999228456683,52784.593230684244
2016-07-19 00:00:00+00:00,1.1590614767101606,111.93000030517578,329762.64288323815,0.8620118257666527,1.1600768923449791,52787.37908421586
2016-07-20 00:00:00+00:00,1.1597457665624094,112.5999984741211,332049.7506872797,0.8628256505594748,1.1589826975491264,52790.165084778644
2016-07-21 00:00:00+00:00,1.1576199012170652,112.87000274658203,332969.77468958974,0.8631465725305483,1.15855178230996,52792.95123238034
2016-07-22 00:00:00+00:00,1.1580488765604797,112.91000366210938,333103.70197550044,0.8631878356830764,1.1584963998115871,52795.73752702872
2016-07-25 00:00:00+00:00,1.157302062090679,113.27999877929688,334365.4705219332,0.8636274944983175,1.1579066279969483,52798.52396873153
2016-07-26 00:00:00+00:00,1.1572956491264657,113.22000122070312,334157.62660005415,0.8635480267096184,1.1580131840614647,52801.31055749655
2016-07-27 00:00:00+00:00,1.1570973142752286,114.0999984741211,337162.460410172,0.8645932676784066,1.156613216160225,52804.097293331535
2016-07-28 00:00:00+00:00,1.1558548705705571,114.4000015258789,338185.012343728,0.8649412311450634,1.1561479138601558,52806.88417624423
2016-07-29 00:00:00+00:00,1.1552379698119337,114.87000274658203,339788.5772909878,0.8654867376296638,1.1554192069294233,52809.67120624243
2016-08-01 00:00:00+00:00,1.1548584545705507,115.16999816894531,340811.24954844697,0.8658304103451853,1.154960588184151,52812.311689802744
2016-08-02 00:00:00+00:00,1.7520887478188767,114.22000122070312,334281.6831278239,0.5646362294290534,1.7710517814472797,257748.48728090368
2016-08-03 00:00:00+00:00,1.762304998846725,114.80000305175781,337274.3709209316,0.5668129479281107,1.7642504527381242,257762.09067328795
2016-08-04 00:00:00+00:00,1.757960415403074,115.02999877929688,338452.8908546547,0.5676562630628134,1.7616294667559165,257775.69478362903
2016-08-05 00:00:00+00:00,1.7542369753217657,116.12999725341797,344140.8468486209,0.5717288772994777,1.7490807963442945,257789.29961196485
2016-08-08 00:00:00+00:00,1.74181844162392,116.27999877929688,344904.73585643363,0.5722587742138533,1.7474611924889414,257802.90515833325
2016-08-09 00:00:00+00:00,1.7433279779486783,116.66999816894531,346912.59170585615,0.5736661091901615,1.7431742680628104,257816.51142277216
2016-08-10 00:00:00+00:00,1.7404086442589628,116.30999755859375,345033.01361128036,0.5723239576073128,1.7472621698044088,257830.1184053195
2016-08-11 00:00:00+00:00,1.7437982713341451,116.77999877929688,347455.53705934697,0.5740227325610118,1.7420912853720683,257843.7261060131
2016-08-12 00:00:00+00:00,1.7383463308552687,116.79000091552734,347493.7721560854,0.5740367339234365,1.7420487939250546,257857.33452489093
2016-08-15 00:00:00+00:00,1.7375383538487765,117.30999755859375,350175.43265579554,0.5759025072666193,1.7364050119285916,257870.94366199087
2016-08-16 00:00:00+00:00,1.7321783567417397,117.02999877929688,348710.520723306,0.5748654012066058,1.7395376342028306,257884.5535173508
2016-08-17 00:00:00+00:00,1.739317802383855,116.43000030517578,345586.9714779393,0.5726520026912181,1.7462612464471097,257898.1640910087
2016-08-18 00:00:00+00:00,1.7370855035147186,116.94999694824219,348268.6298227557,0.5745296727375105,1.7405541392409112,257911.77538300236
2016-08-19 00:00:00+00:00,1.7368256231113552,116.76000213623047,347270.22828577354,0.5738148448019919,1.742722428774169,257925.3873933698
2016-08-22 00:00:00+00:00,1.7372206688773617,116.87000274658203,347826.7755937262,0.5741935076848397,1.7415731571609387,257939.0001221489
2016-08-23 00:00:00+00:00,1.736306504505901,117.51000213623047,351130.4353356556,0.576490243763791,1.7346347328815097,257952.61356937757
2016-08-24 00:00:00+00:00,1.7340929634377658,116.41000366210938,345415.2603476374,0.5724657901673587,1.7468292729031947,257966.22773509374
2016-08-25 00:00:00+00:00,1.7424840584134866,116.36000061035156,345142.46743033023,0.5722594931066448,1.747458997265848,257979.8426193353
2016-08-26 00:00:00+00:00,1.7446632160052868,116.08000183105469,343677.54975039547,0.571205102450413,1.7506846414888446,257993.4582221402
2016-08-29 00:00:00+00:00,1.742842343980743,116.79000091552734,347344.0321374299,0.5737893733140267,1.7427997911922193,258007.0745435464
2016-08-30 00:00:00+00:00,1.741140822274131,116.16000366210938,344064.9854238428,0.5714551907860687,1.7499184820150886,258020.69158359175
2016-08-31 00:00:00+00:00,1.7454266913849048,115.94999694824219,342962.8515622573,0.5706563589186641,1.7523681009967165,258034.30934231423
2016-09-01 00:00:00+00:00,1.746837381994216,115.91000366210938,342742.6548743566,0.5704867447166144,1.752889106120675,258047.2110577814
2016-09-02 00:00:00+00:00,1.743556083635721,116.68000030517578,346720.1164281018,0.5732986767389945,1.7442914846553357,258060.83021614273
2016-09-06 00:00:00+00:00,1.7394277099816664,117.05999755859375,348676.1151491968,0.5746613767221581,1.7401552296831808,258074.450093293
2016-09-07 00:00:00+00:00,1.7315639204041386,117.47000122070312,350787.64369831374,0.5761235592244652,1.7357387733737635,258088.07068927013
2016-09-08 00:00:00+00:00,1.7308790397216594,116.91999816894531,347923.2221998129,0.5741071266960126,1.7418351967776495,258101.69200411206
2016-09-09 00:00:00+00:00,1.738424889196521,114.26000213623047,334122.1908883202,0.5641692532288527,1.7725177227876234,258115.31403785673
2016-09-12 00:00:00+00:00,1.7722781556721237,113.62999725341797,330843.0989170773,0.5617297237543485,1.7802155693603865,258128.93679054207
2016-09-13 00:00:00+00:00,1.748551566031098,114.7300033569336,336531.0758127312,0.5659088538613533,1.7670690132814186,258142.560262206
2016-09-14 00:00:00+00:00,1.7605095648944147,115.37999725341797,339886.5287818093,0.5683315275984716,1.759536382268949,258156.18445288652
2016-09-15 00:00:00+00:00,1.7542453871962898,115.86000061035156,342360.8785364508,0.5700972247299865,1.7540867708549663,258169.80936262154
2016-09-16 00:00:00+00:00,1.7342984092204845,116.70999908447266,347895.9080230403,0.5750949791961105,1.7388432105559986,257040.5296230374
2016-09-19 00:00:00+00:00,1.7325133048547376,116.55000305175781,347053.0434703063,0.5744892271511843,1.7406766789324615,257054.0956509897
2016-09-20 00:00:00+00:00,1.738141170732491,116.80000305175781,348335.2878016657,0.5753775856040192,1.7379891483784882,257067.66239492685
2016-09-21 00:00:00+00:00,1.7357994362397187,116.80999755859375,348373.5243123066,0.5753915084728282,1.7379470938911559,257081.2298548866
2016-09-22 00:00:00+00:00,1.72352213959205,118.72000122070312,358259.9717331603,0.5822006902953245,1.717620773504656,257094.7980309067
2016-09-23 00:00:00+00:00,1.7137997844225403,118.16000366210938,355343.7986867826,0.5801984524505244,1.72354820281992,257108.366923025
2016-09-26 00:00:00+00:00,1.7217584664290386,117.16999816894531,350198.7887479424,0.5766290761556591,1.734217092670598,257121.93653127927
2016-09-27 00:00:00+00:00,1.7323743512023577,117.1500015258789,350081.57093729754,0.5765344614642696,1.7345016938973987,257135.5068557073
2016-09-28 00:00:00+00:00,1.720108289820383,118.08999633789062,354940.2226491625,0.5798830698932833,1.724485593593949,257149.07789634692
2016-09-29 00:00:00+00:00,1.7180889088117879,117.33000183105469,350987.4136957832,0.5771394839012793,1.7326833943855617,257162.64965323586
2016-09-30 00:00:00+00:00,1.7272065122666662,118.02999877929688,354602.09641543136,0.5796251447102859,1.7252529658626699,257176.222126412
2016-10-03 00:00:00+00:00,1.718011237196092,118.08999633789062,354900.29104583047,0.5798178316947126,1.7246796240763478,257189.00949967888
2016-10-04 00:00:00+00:00,1.7198434983798854,117.91999816894531,354005.57514104235,0.5791898720836232,1.7265495275366634,257202.5833640691
2016-10-05 00:00:00+00:00,1.7217937489686999,118.66999816894531,357879.4337861436,0.5818273429321769,1.7187229375649489,257216.15794485778
2016-10-06 00:00:00+00:00,1.717475946134069,118.1500015258789,355170.5888521087,0.579964732280923,1.7242427760514591,257229.73324208264
2016-10-07 00:00:00+00:00,1.7181639786886278,117.88999938964844,353809.35824749694,0.5790161422470161,1.7270675669235254,257243.30925578153
2016-10-10 00:00:00+00:00,1.7209417795003208,119.02999877929688,359704.6768570376,0.5830260724825013,1.7151891608243877,257256.88598599224
2016-10-11 00:00:00+00:00,1.7132364034923402,117.0,349169.11980607104,0.5757690122093561,1.7368076065135456,257270.46343275261
2016-10-12 00:00:00+00:00,1.7311636845095286,117.05999755859375,349466.4521823717,0.575963949935022,1.7362197757564795,257284.1130601181
2016-10-13 00:00:00+00:00,1.7323096190428346,115.94000244140625,343647.5935222988,0.5718449931547722,1.7487256371401783,257297.76341167215
2016-10-14 00:00:00+00:00,1.7369434103856467,117.06999969482422,349490.99427065294,0.5759551861139249,1.7362461943388043,257311.41448745312
2016-10-17 00:00:00+00:00,1.735482649987792,116.66999816894531,347404.03684112884,0.5744787790827303,1.740708336688605,257325.06628749953
2016-10-18 00:00:00+00:00,1.7390543239220346,117.80000305175781,353247.4756859293,0.5785382618689623,1.7284941479402063,257338.7188118498
2016-10-19 00:00:00+00:00,1.727853381003768,117.63999938964844,352404.48436743947,0.5779426350887813,1.7302755313187508,257352.3720605423
2016-10-20 00:00:00+00:00,1.728026864769552,117.02999877929688,349229.04820704134,0.5757202177155998,1.7369548076110648,257366.0260336155
2016-10-21 00:00:00+00:00,1.729591378343125,117.41000366210938,351185.05165280984,0.5770709884503495,1.7328890552709506,257379.68073110783
2016-10-24 00:00:00+00:00,1.7249710319459504,118.88999938964844,358842.57565140724,0.5823136379712806,1.717287617518104,257393.33615305772
2016-10-25 00:00:00+00:00,1.710310833800742,119.01000213623047,359450.92305730935,0.5827126703065647,1.7161116463692145,257406.99229950362
2016-10-26 00:00:00+00:00,1.7142577294584211,118.02999877929688,354357.6693713593,0.5792256093938749,1.726443002142879,257420.64917048396
2016-10-27 00:00:00+00:00,1.7227429329385584,117.66999816894531,352478.04066377773,0.577915895864592,1.7303555883403214,257434.30676603716
2016-10-28 00:00:00+00:00,1.7285343621069988,116.73999786376953,347643.96356170904,0.5745308226776814,1.7405506554711196,257447.9650862017
2016-10-31 00:00:00+00:00,1.7365969877981455,116.93000030517578,348615.13358852523,0.5751996412141662,1.7385268146015174,257461.624131016
2016-11-01 00:00:00+00:00,1.7378685991848346,115.0999984741211,339116.8424282258,0.5684239432314949,1.75925031291784,257474.56872934036
2016-11-02 00:00:00+00:00,1.7477076389440611,114.88999938964844,338014.70541409316,0.5676121573461222,1.7617663523549472,257488.22918562574
2016-11-03 00:00:00+00:00,1.7583937881971308,113.91999816894531,332973.2909336912,0.563907343574383,1.7733409777241067,257501.8903666742
2016-11-04 00:00:00+00:00,1.7717791074395381,113.44999694824219,330523.49787908094,0.5620774637226339,1.779114204965645,257515.55227252422
2016-11-07 00:00:00+00:00,1.7766781875830793,115.30000305175781,340098.8688415986,0.5690811360645843,1.7572186752057641,257529.21490321425
2016-11-08 00:00:00+00:00,1.7452922442335483,115.95999908447266,343506.12616140506,0.571511014302027,1.7497475551215342,257542.87825878273
2016-11-09 00:00:00+00:00,1.7369593630755864,115.5999984741211,341626.4909688912,0.5701538127385409,1.753912676996473,257556.54233926814
2016-11-10 00:00:00+00:00,1.7311709432552878,114.19999694824219,334356.2762327861,0.5648611535759819,1.7703465598037196,257570.20714470893
2016-11-11 00:00:00+00:00,1.7522707026438589,114.83999633789062,337659.88389150973,0.5672632096792094,1.762850089582763,257583.87267514356
2016-11-14 00:00:00+00:00,1.7517715536470362,114.02999877929688,333447.8024064866,0.564166196881176,1.772527325331083,257597.5389306105
2016-11-15 00:00:00+00:00,1.7653888396843045,115.33000183105469,340172.36883549776,0.5690560651146536,1.7572960931336699,257611.2059111482
2016-11-16 00:00:00+00:00,1.7471637901047623,115.66999816894531,341920.98521064664,0.5702999698461041,1.7534631823141265,257624.87361679514
2016-11-17 00:00:00+00:00,1.7395612968191805,116.61000061035156,346779.57907737244,0.5737412015906063,1.742946117914591,257638.5420475898
2016-11-18 00:00:00+00:00,1.7303915343658443,117.20999908447266,349875.8485931002,0.5759007225282691,1.73641039311409,257652.21120357068
2016-11-21 00:00:00+00:00,1.7352122862261579,117.56999969482422,351728.14982392313,0.5771768871766644,1.7325711098578975,257665.88108477622
2016-11-22 00:00:00+00:00,1.7222470009017343,118.61000061035156,357105.05803609046,0.5808620651620916,1.721579114864295,257679.55169124485
2016-11-23 00:00:00+00:00,1.718554536911671,117.9000015258789,353411.2879958796,0.578315626252925,1.729159570664363,257693.22302301513
2016-11-25 00:00:00+00:00,1.723640768471374,118.41999816894531,356092.88557557925,0.580145019268621,1.7237069470331452,257706.8950801255
2016-11-28 00:00:00+00:00,1.7197259238667633,118.41000366210938,356027.40882248955,0.5800873034977949,1.7238784472099746,257720.5678626145
2016-11-29 00:00:00+00:00,1.7226160691598578,118.30000305175781,355443.5752778519,0.5796745505581156,1.7251059219991485,257734.24137052055
2016-11-30 00:00:00+00:00,1.7184012482739477,117.45999908447266,351075.95526808547,0.5766461731621473,1.7341656747955383,257747.91560388214
2016-12-01 00:00:00+00:00,1.733732355334187,115.29000091552734,339815.3656328911,0.5686560856277636,1.7585321344025668,257760.87459630554
2016-12-02 00:00:00+00:00,1.7564552365314516,115.22000122070312,339438.86446720635,0.5683711318374902,1.759413777344909,257774.55024270777
2016-12-05 00:00:00+00:00,1.7538881145157088,115.7699966430664,342275.9487338783,0.5703989053088557,1.753159044824125,257788.22661467898
2016-12-06 00:00:00+00:00,1.7438100187673042,116.38999938964844,345475.897339241,0.5726646940051247,1.7462225460524918,257801.9037122577
2016-12-07 00:00:00+00:00,1.7407766991833913,116.29000091552734,344943.9029949006,0.5722745337863085,1.7474130700587969,257815.58153548246
2016-12-08 00:00:00+00:00,1.724866447987268,118.18000030517578,354726.55301163276,0.5790926237704738,1.726839470841464,257829.26008439172
2016-12-09 00:00:00+00:00,1.7227209378970039,119.0,358963.1324821728,0.5819708152525964,1.7182992235890107,257842.93935902396
2016-12-12 00:00:00+00:00,1.7131504593845461,118.47000122070312,356202.3393293527,0.58007840173844,1.7239049014807217,257856.61935941773
2016-12-13 00:00:00+00:00,1.7187798879669234,119.31999969482422,360594.4083501643,0.5830476718100561,1.7151256206812837,257870.30008561152
2016-12-14 00:00:00+00:00,1.7035961135667843,119.86000061035156,363379.6835661746,0.5849041300450925,1.7096818925229784,257883.98153764385
2016-12-15 00:00:00+00:00,1.7061564945930372,120.08000183105469,364506.32146172866,0.5856426535538728,1.7075259015573236,257897.6637155532
2016-12-16 00:00:00+00:00,1.7043209844124256,119.36000061035156,362138.94417303987,0.585348810080981,1.7083830748056932,256533.09878018522
2016-12-19 00:00:00+00:00,1.7059580692910332,119.55000305175781,363108.3812587436,0.5859829813106286,1.7065342030298685,256548.49076611202
2016-12-20 00:00:00+00:00,1.7011297448853873,120.33000183105469,367135.91257702064,0.5886420274351705,1.698825352918135,256563.88367555797
2016-12-21 00:00:00+00:00,1.6966615299311274,120.19000244140625,366394.86770543526,0.5881381603398093,1.7002807629796182,256579.27750857853
2016-12-22 00:00:00+00:00,1.6976161924867508,119.6500015258789,363580.516280742,0.5862545341956893,1.7057437370133914,256594.67226522902
2016-12-23 00:00:00+00:00,1.7010464525787758,119.80999755859375,364394.4191251879,0.5867822643987939,1.704209654367419,256610.06794556495
2016-12-27 00:00:00+00:00,1.7003246340683387,120.41000366210938,367489.00073783554,0.5888166693405578,1.6983214845461914,256625.46454964168
2016-12-28 00:00:00+00:00,1.694306460094356,119.80000305175781,364311.82102263754,0.5866981992956111,1.7044538421979107,256640.86207751464
2016-12-29 00:00:00+00:00,1.7036530027281487,119.33000183105469,361860.2914221529,0.5850454450741855,1.7092689267467023,256656.2605292393
2016-12-30 00:00:00+00:00,1.705429249933987,118.13999938964844,355676.81867370405,0.5808405362569452,1.7216429253443706,256671.65990487105
2017-01-03 00:00:00+00:00,1.7180849256005473,118.88999938964844,359549.635874516,0.5834610235902692,1.7139105434097377,256686.275929949
2017-01-04 00:00:00+00:00,1.707283032650313,119.66000366210938,363525.35495508264,0.5861165930590804,1.7061451797171698,256701.67710650477
2017-01-05 00:00:00+00:00,1.700848956605598,120.0999984741211,365790.5534563676,0.5876081420741366,1.701814403847783,256717.07920713117
2017-01-06 00:00:00+00:00,1.694239594485793,120.69000244140625,368833.2851327234,0.5895995343328166,1.6960664684574205,256732.4822318836
2017-01-09 00:00:00+00:00,1.684144705581064,121.94999694824219,375348.7405308732,0.5938154463559189,1.6840249039271769,256747.8861808175
2017-01-10 00:00:00+00:00,1.6804541922233542,122.0999984741211,376110.83021188347,0.594290108528357,1.6826798656910245,256763.29105398833
2017-01-11 00:00:00+00:00,1.6780079966533363,122.0199966430664,375680.7553795216,0.593999748212038,1.6835023971138678,256778.6968514516
2017-01-12 00:00:00+00:00,1.6750272513488094,121.5999984741211,373488.3955420159,0.5925730066538067,1.687555775864459,256794.10357326266
2017-01-13 00:00:00+00:00,1.676847488753651,122.80000305175781,379692.9047842348,0.5965301862766544,1.676361101257376,256809.51121947708
2017-01-17 00:00:00+00:00,1.6730534327533177,122.43000030517578,377759.6815859169,0.5952865555936319,1.6798632366269044,256824.91979015022
2017-01-18 00:00:00+00:00,1.6765215099794555,122.66000366210938,378936.43567980936,0.5960212083255079,1.6777926456836167,256840.32928533765
2017-01-19 00:00:00+00:00,1.6742878628488504,122.72000122070312,379232.0072637184,0.5961944858565431,1.6773050132513654,256855.73970509475
2017-01-20 00:00:00+00:00,1.674906637032026,122.91999816894531,380253.22896156705,0.596827308593929,1.6755265477980714,256871.15104947708
2017-01-23 00:00:00+00:00,1.6725014574649466,122.56999969482422,378423.689096092,0.5956517900629057,1.6788331986619092,256886.56331854002
2017-01-24 00:00:00+00:00,1.6716574842600638,123.37999725341797,382606.6911318489,0.5982822602565957,1.6714518654975874,256901.97651233914
2017-01-25 00:00:00+00:00,1.66425283229449,124.8499984741211,390210.65246320487,0.6029883214417315,1.6584069117773663,256917.3906309299
2017-01-26 00:00:00+00:00,1.6533731437078205,125.33999633789062,392735.01605474396,0.6045166513087675,1.654214152472092,256932.80567436776
2017-01-27 00:00:00+00:00,1.6523201178322457,125.38999938964844,392978.7781194693,0.6046506427079793,1.6538475763813216,256948.2216427082
2017-01-30 00:00:00+00:00,1.6503307203794373,124.12999725341797,386432.46233407117,0.6006136217044065,1.664963903353082,256963.6385360068
2017-01-31 00:00:00+00:00,1.658866065887789,123.8499984741211,384965.74243862927,0.599686675805275,1.6675374663897171,256979.05635431895
2017-02-01 00:00:00+00:00,1.6611283434253712,124.86000061035156,390186.1253427629,0.6029021195123216,1.65864402800389,256993.7612669881
2017-02-02 00:00:00+00:00,1.6536943243930367,124.86000061035156,390170.705717087,0.6028782936394925,1.6587095779533525,257009.18089266412
2017-02-03 00:00:00+00:00,1.6547087293406684,125.33000183105469,392591.4163149935,0.604343805544733,1.6546872671237811,257024.6014435177
2017-02-06 00:00:00+00:00,1.6516759346092067,125.3499984741211,392679.64232512366,0.6043831875970911,1.654579446486266,257040.02291960432
2017-02-07 00:00:00+00:00,1.6504582153715142,125.97000122070312,395877.84562668984,0.6063067255341071,1.6493302117324873,257055.4453209795
2017-02-08 00:00:00+00:00,1.6466210192449766,125.87999725341797,395395.9097494557,0.6060015970786784,1.6501606675966698,257070.86864769872
2017-02-09 00:00:00+00:00,1.6449190141824868,126.55999755859375,398905.09320394427,0.6080950171818982,1.6444798456568706,257086.2928998176
2017-02-10 00:00:00+00:00,1.6411474873653198,127.0199966430664,401273.9556595142,0.6094908601071243,1.6407136931048312,257101.7180773916
2017-02-13 00:00:00+00:00,1.637748089444611,127.72000122070312,404886.82429426955,0.6116078506706343,1.6350346041233608,257117.14418047623
2017-02-14 00:00:00+00:00,1.631960298727585,127.73999786376953,404975.0447518355,0.6116453503771697,1.6349343608732614,257132.57120912705
2017-02-15 00:00:00+00:00,1.628578700639662,128.3699951171875,408225.04647110484,0.6135280789467787,1.6299172512473488,257147.9991633996
2017-02-16 00:00:00+00:00,1.622643996489879,128.9199981689453,411060.41777481383,0.6151537697244516,1.6256098055741968,257163.42804334938
2017-02-17 00:00:00+00:00,1.6230173429401766,129.0399932861328,411666.95197646355,0.6154885714001394,1.6247255375110505,257178.857849032
2017-02-21 00:00:00+00:00,1.6187269658136365,129.99000549316406,416575.66660314496,0.6182758126838706,1.617401133094799,257194.28858050294
2017-02-22 00:00:00+00:00,1.6138875810351128,130.11000061035156,417182.19895316253,0.6186049789173426,1.6165404968937682,257209.72023781776
2017-02-23 00:00:00+00:00,1.6135674473431993,129.49000549316406,413953.18021202274,0.616755875210346,1.6213870677096474,257225.152821032
2017-02-24 00:00:00+00:00,1.6173674168910552,129.3800048828125,413367.5866661217,0.6164070217324777,1.6223046862597268,257240.5863302013
2017-02-27 00:00:00+00:00,1.6155129624864517,129.8000030517578,415529.10534663644,0.6176252851307114,1.619104696771546,257256.0207653811
2017-02-28 00:00:00+00:00,1.614353458542878,129.66000366210938,414788.01894682564,0.6171894517244794,1.6202480408664077,257271.45612662702
2017-03-01 00:00:00+00:00,1.6174702805325025,130.60000610351562,419645.4881356187,0.6199229035492009,1.6131038138368021,257286.2492353543
2017-03-02 00:00:00+00:00,1.6068080583451283,130.6199951171875,419733.65890186565,0.6199582662975014,1.6130118015397614,257301.6864103084
2017-03-03 00:00:00+00:00,1.6118029599918537,130.33999633789062,418266.9187235513,0.6191190021609656,1.6151983649502144,257317.12451149305
2017-03-06 00:00:00+00:00,1.6100575385299145,130.2100067138672,417577.7117181478,0.6187158901367575,1.6162507152983667,257332.56353896373
2017-03-07 00:00:00+00:00,1.6122986705514244,130.27999877929688,417925.05773860216,0.6188978677403549,1.615775481100103,257348.00349277604
2017-03-08 00:00:00+00:00,1.614023988227293,130.4600067138672,418842.6419594225,0.619400875598639,1.6144633296385305,257363.44437298563
2017-03-09 00:00:00+00:00,1.612341548158503,130.13999938964844,417168.5240131654,0.6184421105314473,1.6169662171624564,257378.886179648
2017-03-10 00:00:00+00:00,1.611646521309649,130.82000732421875,420677.7285316178,0.6204026901168825,1.6118563248196136,257394.32891281878
2017-03-13 00:00:00+00:00,1.6075892422711529,131.27000427246094,422994.72898941056,0.6216812616882557,1.6085413243506343,257409.77257255357
2017-03-14 00:00:00+00:00,1.6060165333397505,130.75999450683594,420335.779191831,0.6201828984775464,1.6124275636346086,257425.2171589079
2017-03-15 00:00:00+00:00,1.6084510194504487,131.13999938964844,422289.9918220624,0.6212607729695823,1.609630035419863,257440.66267193746
2017-03-16 00:00:00+00:00,1.6025302695050685,131.7100067138672,425229.0325971936,0.6228772337607408,1.6054528016095693,257456.10911169776
2017-03-17 00:00:00+00:00,1.6032469439545702,131.6199951171875,425810.4019493633,0.6241553783966608,1.6021651572863382,256408.18766399732
2017-03-20 00:00:00+00:00,1.6016524439947517,131.4600067138672,424963.9778659232,0.623672779658536,1.6034049145891938,256425.3527676715
2017-03-21 00:00:00+00:00,1.6008400460237082,129.72999572753906,415979.74202726537,0.6186287488149426,1.6164783837085162,256442.519020454
2017-03-22 00:00:00+00:00,1.6158644597709775,129.67999267578125,415703.39659223205,0.6184561560980125,1.6169294947425839,256459.68642242174
2017-03-23 00:00:00+00:00,1.6092568672816858,130.13999938964844,418070.5552191617,0.6197793496822706,1.6134774424360045,256476.85497365167
2017-03-24 00:00:00+00:00,1.611808686486535,130.1300048828125,418001.581547992,0.6197246915946273,1.613619746902254,256494.02467422077
2017-03-27 00:00:00+00:00,1.6098387287732663,129.39999389648438,414200.5854133181,0.6175537647994592,1.6192922090350046,256511.1955242059
2017-03-28 00:00:00+00:00,1.6083301151944367,130.5500030517578,420144.1918142233,0.620897339512799,1.6105722095454176,256528.36752368405
2017-03-29 00:00:00+00:00,1.6024707306248476,131.58999633789062,425517.5579387954,0.6238683177627105,1.6029023618095508,256545.54067273217
2017-03-30 00:00:00+00:00,1.5980939687433806,132.0800018310547,428040.2018200931,0.625238647574215,1.599389295399084,256562.7149714272
2017-03-31 00:00:00+00:00,1.596571925580486,132.1300048828125,428282.2044047397,0.6253553929195569,1.5990907111736314,256579.8904198461
2017-04-03 00:00:00+00:00,1.59728356939572,131.55999755859375,425311.1820413547,0.6237079294835957,1.6033145527393866,256596.4255683398
2017-04-04 00:00:00+00:00,1.5979222466853416,131.8699951171875,426900.7974151614,0.6245673785147007,1.6011082781462669,256613.60327349592
2017-04-05 00:00:00+00:00,1.5964733255231132,131.72000122070312,426106.1635508879,0.6241146992957984,1.6022695846265451,256630.78212860395
2017-04-06 00:00:00+00:00,1.6004436042979422,131.6999969482422,425985.29651451844,0.62403243779544,1.6024807997686226,256647.9621337409
2017-04-07 00:00:00+00:00,1.5999986295107809,131.5,424931.48231704463,0.6234354255190525,1.6040153624049063,256665.14328898373
2017-04-10 00:00:00+00:00,1.6005722829755804,131.66000366210938,425743.63808141625,0.6238678783383131,1.6029034908216842,256682.32559440946
2017-04-11 00:00:00+00:00,1.600272585264308,130.5,419713.87225474673,0.6204990673677886,1.611605967825363,256699.50905009508
2017-04-12 00:00:00+00:00,1.6045138358175013,130.77999877929688,421147.98972585384,0.6212862243017022,1.609564096039559,256716.6936561176
2017-04-13 00:00:00+00:00,1.608515604793314,130.3800048828125,419057.53788495547,0.6200989346102781,1.6126458927533611,256733.87941255403
2017-04-17 00:00:00+00:00,1.612494459395891,130.72000122070312,420802.635058824,0.6210616726066308,1.6101460516842774,256751.06631948138
2017-04-18 00:00:00+00:00,1.604487297087458,130.9499969482422,421977.5710453928,0.6217019025977875,1.6084879197272683,256768.25437697666
2017-04-19 00:00:00+00:00,1.6060313801077324,131.30999755859375,423826.352949281,0.6227137923664551,1.605874178890066,256785.4435851169
2017-04-20 00:00:00+00:00,1.6045433175926296,131.82000732421875,426452.66780164395,0.6241483479339511,1.6021832042176973,256802.63394397913
2017-04-21 00:00:00+00:00,1.5965998075781653,132.22000122070312,428508.7423764448,0.6252602948293932,1.5993339226391423,256819.82545364037
2017-04-24 00:00:00+00:00,1.5968791986024242,133.8000030517578,436681.08520258596,0.6296606867422065,1.5881569566839042,256837.01811417768
2017-04-25 00:00:00+00:00,1.585654411347644,134.47999572753906,440188.4595526872,0.6315086257475357,1.5835096453611697,256854.21192566812
2017-04-26 00:00:00+00:00,1.5790774473818276,134.86000061035156,442140.9227334276,0.6325223518915092,1.5809717980867826,256871.4068881887
2017-04-27 00:00:00+00:00,1.580427434803848,135.19000244140625,443834.20672999514,0.6333948325442186,1.5787940611754012,256888.6030018165
2017-04-28 00:00:00+00:00,1.575033435219588,135.77000427246094,446823.30065067514,0.6349365118882331,1.5749606161820922,256905.80026662856
2017-05-01 00:00:00+00:00,1.5734970171268308,136.3800048828125,449968.4553237051,0.6365458461530394,1.5709787536019493,256922.42778092358
2017-05-02 00:00:00+00:00,1.565635985905345,137.02000427246094,453268.52898367,0.6382192670794528,1.5668596226749587,256939.62731011672
2017-05-03 00:00:00+00:00,1.5642144023378404,136.6199951171875,451177.9831285705,0.6371357205493525,1.5695243065916595,256956.82799072276
2017-05-04 00:00:00+00:00,1.5671136365348917,136.55999755859375,450849.7992928083,0.6369519939108456,1.56997703054521,256974.0298228188
2017-05-05 00:00:00+00:00,1.5668489744318994,136.8800048828125,452491.27244873997,0.6377765048427311,1.56794738032344,256991.23280648192
2017-05-08 00:00:00+00:00,1.5636858565602918,137.3300018310547,454806.5124309603,0.6389392535682697,1.5650940123264026,257008.43694178923
2017-05-09 00:00:00+00:00,1.5618285527706712,137.92999267578125,457899.20627062477,0.6404857898444997,1.5613148891918194,257025.64222881783
2017-05-10 00:00:00+00:00,1.5588476789537713,137.91000366210938,457778.3918905967,0.6404096100069627,1.5615006151908428,257042.8486676448
2017-05-11 00:00:00+00:00,1.5584026162951665,137.3800048828125,455014.0711474679,0.6389981795928287,1.5649496852044282,257060.0562583473
2017-05-12 00:00:00+00:00,1.559153480144414,138.22999572753906,459402.57260680245,0.6411939994580499,1.559590390498383,257077.26500100235
2017-05-15 00:00:00+00:00,1.5572639971650328,138.52999877929688,460940.35182047985,0.6419470681227634,1.5577608336529767,257094.47489568716
2017-05-16 00:00:00+00:00,1.55458039545127,138.99000549316406,463307.46795184794,0.6431082036719519,1.554948287535915,257111.6859424788
2017-05-17 00:00:00+00:00,1.5510643868147758,136.0500030517578,448051.5048529789,0.6353714637423296,1.5738824562721359,257128.89814145438
2017-05-18 00:00:00+00:00,1.5737496804631195,135.8699951171875,447101.2664007123,0.6348639418979657,1.5751406466879143,257146.11149269107
2017-05-19 00:00:00+00:00,1.5660196582908987,137.66000366210938,456362.1034866789,0.6395877212356412,1.5635071887685181,257163.32599626598
2017-05-22 00:00:00+00:00,1.5623575551031024,138.10000610351562,458625.5279776157,0.6407119853213331,1.560763686195873,257180.5416522563
2017-05-23 00:00:00+00:00,1.5551173360214707,138.77999877929688,462132.8793307246,0.642448486206003,1.5565450327473367,257197.75846073913
2017-05-24 00:00:00+00:00,1.554306887216031,139.1699981689453,464137.12348353356,0.6434265922902974,1.5541788480337255,257214.97642179165
2017-05-25 00:00:00+00:00,1.5504292291301889,140.00999450683594,468473.8106012234,0.6455421432917954,1.5490855405670765,257232.195535491
2017-05-26 00:00:00+00:00,1.543314660405649,140.80999755859375,472603.2015937555,0.6475323789070506,1.5443243188670632,257249.41580191432
2017-05-30 00:00:00+00:00,1.5418876193122675,141.05999755859375,473881.7912498277,0.6481335017581116,1.5428920080314066,257266.63722113884
2017-05-31 00:00:00+00:00,1.541234432933072,140.57000732421875,471324.8295877635,0.6468833496731708,1.5458737661206408,257283.8597932417
2017-06-01 00:00:00+00:00,1.5415855912252494,140.97999572753906,473433.24765967834,0.6478874713890911,1.5434779096066924,257300.5117763894
2017-06-02 00:00:00+00:00,1.7507408836258433,142.11000061035156,479256.58197776164,0.5719728313999182,1.7483347898753763,358644.3735707193
2017-06-05 00:00:00+00:00,1.7361089753371834,143.22999572753906,485836.224653074,0.5752913842676748,1.7382495676916212,358668.3828190611
2017-06-06 00:00:00+00:00,1.7364620436623108,142.64999389648438,482392.43977469415,0.5735360103883325,1.743569683310583,358692.39367468876
2017-06-07 00:00:00+00:00,1.7416659370459004,142.60000610351562,482073.6921113748,0.5733579559455756,1.7441111431876986,358716.40613770974
2017-06-08 00:00:00+00:00,1.7367224410068995,142.7899932861328,483169.8697316079,0.5738970951003981,1.7424726637186743,358740.4202082317
2017-06-09 00:00:00+00:00,1.735472039182858,138.11000061035156,455551.94568562834,0.5594286888914253,1.7875379290640587,358764.43588636233
2017-06-12 00:00:00+00:00,1.7689275159635103,137.47000122070312,451754.4001622635,0.5573479530462849,1.7942113082757747,358788.45317220915
2017-06-13 00:00:00+00:00,1.7763772666674305,139.27999877929688,462402.38659807306,0.5630711399332966,1.7759745244951881,358812.47206587985
2017-06-14 00:00:00+00:00,1.765433569135608,138.6199951171875,458486.88979802764,0.5609614256612456,1.7826537695015803,358836.492567482
2017-06-15 00:00:00+00:00,1.7714432579482278,137.49000549316406,451800.2867182744,0.5573234649320487,1.794290143735334,358860.51467712334
2017-06-16 00:00:00+00:00,1.7776465360443863,137.63999938964844,454329.713131077,0.5598329217482881,1.786247219754646,357215.4738012352
2017-06-19 00:00:00+00:00,1.7810776238273571,139.27999877929688,463972.9906082646,0.5649836771866371,1.7699626385306337,357241.86805568833
2017-06-20 00:00:00+00:00,1.7585872610369297,139.30999755859375,464123.4715109523,0.5650452169148168,1.7697698698523001,357268.2642603835
2017-06-21 00:00:00+00:00,1.769281199330358,139.58999633789062,465747.9863367843,0.565885603914777,1.7671416149872599,357294.662415465
2017-06-22 00:00:00+00:00,1.7561334031016635,140.33999633789062,470143.69385176443,0.5681736777680062,1.7600252161070984,357321.06252107676
2017-06-23 00:00:00+00:00,1.756609259711312,140.14999389648438,468997.01013671333,0.5675562970261174,1.7619397498359226,357347.46457736305
2017-06-26 00:00:00+00:00,1.7516397123235488,140.27000427246094,469678.20452714985,0.5678943561075661,1.7608908932537233,357373.868584468
2017-06-27 00:00:00+00:00,1.7579413043856145,138.02000427246094,456385.4757073064,0.5608177282130962,1.7831105360849542,357400.27454253554
2017-06-28 00:00:00+00:00,1.7830094329567705,137.74000549316406,454708.1548172183,0.5598924389776514,1.7860573395596722,357426.6824517101
2017-06-29 00:00:00+00:00,1.7634853104607762,136.25,445896.4587620666,0.5550466271697473,1.8016504398902955,357453.0923121357
2017-06-30 00:00:00+00:00,1.7876933520201546,137.19000244140625,451412.4362296026,0.5580627197648853,1.7919132824735275,357479.5041239565
2017-07-03 00:00:00+00:00,1.7872858876120687,136.10000610351562,444960.2406485937,0.5544916586512164,1.8034536397399892,357504.92488869414
2017-07-05 00:00:00+00:00,1.4771533462608668,136.16000366210938,439399.028527409,0.676882743407716,1.47736075374824,209751.8514540884
2017-07-06 00:00:00+00:00,1.4703688637290229,135.8000030517578,437667.20596938365,0.6760022338616022,1.4792850524880512,209767.34978533472
2017-07-07 00:00:00+00:00,1.476740440859677,136.74000549316406,442133.2237933047,0.6782057416092825,1.474478817633049,209782.8492617355
2017-07-10 00:00:00+00:00,1.4693169756897475,137.5,445741.04198500694,0.6799607277826285,1.4706731714654004,209798.3498833754
2017-07-11 00:00:00+00:00,1.4649050145979214,137.94000244140625,447823.2779115711,0.6809580204358169,1.468519306608643,209813.851650339
2017-07-12 00:00:00+00:00,1.4630474071935182,139.9600067138672,457438.26497985783,0.6855394321298626,1.4587052956139344,209829.35456271094
2017-07-13 00:00:00+00:00,1.4551946519967343,140.60000610351562,460473.99590880214,0.686947700780541,1.4557148948366154,209844.85862057586
2017-07-14 00:00:00+00:00,1.4537886292393742,141.19000244140625,463271.3331820534,0.6882328305776908,1.4529966539966093,209860.3638240184
2017-07-17 00:00:00+00:00,1.448702293627684,141.9199981689453,466736.1246896575,0.6898135537551522,1.4496670796859232,209875.87017312317
2017-07-18 00:00:00+00:00,1.448430305899831,141.63999938964844,465385.70643477555,0.6891774019743906,1.451005208724414,209891.37766797486
2017-07-19 00:00:00+00:00,1.444179731040217,143.5,474237.8608412536,0.6931835153553219,1.442619418737051,209906.8863086581
2017-07-20 00:00:00+00:00,1.4404938405506904,143.52000427246094,474317.72260813636,0.6932036132387973,1.4425775932237046,209922.3960952576
2017-07-21 00:00:00+00:00,1.439704846916007,143.35000610351562,473491.73533888767,0.6928170889678795,1.443382410629831,209937.90702785796
2017-07-24 00:00:00+00:00,1.440015265082947,143.9199981689453,476193.6941834133,0.6940110727860481,1.4408992006216637,209953.41910654388
2017-07-25 00:00:00+00:00,1.4371787669980187,144.00999450683594,476607.24382845673,0.694179699759182,1.4405491839460445,209968.93233140008
2017-07-26 00:00:00+00:00,1.4388371877021315,144.52999877929688,479070.8806176218,0.6952574947512841,1.4383160304625442,209984.44670251125
2017-07-27 00:00:00+00:00,1.4368379742691133,142.3000030517578,468423.72842307994,0.6904589784874491,1.4483119651664833,209999.96221996204
2017-07-28 00:00:00+00:00,1.4408634391408444,142.8699951171875,471125.6826824162,0.6916711384745622,1.445773785220297,210015.47888383718
2017-07-31 00:00:00+00:00,1.4414406334255832,142.9199981689453,471348.5573821475,0.691756238593151,1.4455959255730533,210030.99669422137
2017-08-01 00:00:00+00:00,1.444203109463119,143.1199951171875,472287.06079594296,0.6921650062940946,1.4447422087315247,210045.99057370756
2017-08-02 00:00:00+00:00,1.7510759466854855,142.61000061035156,468573.3960052034,0.5681882852363132,1.7599799678800023,356106.39444545814
2017-08-03 00:00:00+00:00,1.747616502036172,143.1300048828125,471554.1450037264,0.5697253061394664,1.7552318445816135,356132.7067512699
2017-08-04 00:00:00+00:00,1.7528315431551782,143.05999755859375,471122.9950113557,0.5694829403908694,1.7559788521735902,356159.02100126876
2017-08-07 00:00:00+00:00,1.7505435178497188,143.7100067138672,474855.52750693366,0.5713985288520156,1.7500920102280948,356185.3371955983
2017-08-08 00:00:00+00:00,1.7424072499460765,143.89999389648438,475927.8601589472,0.5719327724471592,1.7484572456326408,356211.6553344022
2017-08-09 00:00:00+00:00,1.7447471013508116,142.7899932861328,469482.66996244027,0.5685732488210127,1.7587883391868842,356237.9754178241
2017-08-10 00:00:00+00:00,1.7465581913094623,140.88999938964844,458469.1341224326,0.562722869049126,1.7770736804952907,356264.2974460078
2017-08-11 00:00:00+00:00,1.7757039113127515,140.89999389648438,458500.6060105584,0.5627215789459918,1.777077754638545,356290.6214190969
2017-08-14 00:00:00+00:00,1.7654920670245833,143.19000244140625,471716.856060962,0.5696830903823813,1.7553619141631578,356316.94733723503
2017-08-15 00:00:00+00:00,1.7485712367683397,143.63999938964844,474292.753759594,0.5709994958361511,1.7513150314355987,356343.2752005661
2017-08-16 00:00:00+00:00,1.7477594166879613,143.8000030517578,475191.68715809967,0.5714451738362996,1.7499491566035474,356369.60500923364
2017-08-17 00:00:00+00:00,1.7455939747198255,141.3300018310547,460881.92450580705,0.5639231727017323,1.7732912006595543,356395.9367633815
2017-08-18 00:00:00+00:00,1.7732912006595543,140.64999389648438,456923.2662945272,0.5617824720794625,1.7800484167803527,356422.2704631535
2017-08-21 00:00:00+00:00,1.7743642507187687,140.17999267578125,454179.0251266388,0.5602807104348344,1.7848196116262847,356448.6061086933
2017-08-22 00:00:00+00:00,1.776221200068705,141.75999450683594,463289.4631706212,0.5651495225794279,1.7694432358994991,356474.94370014465
2017-08-23 00:00:00+00:00,1.7558574098224293,142.3800048828125,466848.4965014214,0.5670111391168041,1.7636337824996422,356501.2832376514
2017-08-24 00:00:00+00:00,1.7607127366963158,141.47000122070312,461559.8197946187,0.5641937458992565,1.7724407745890927,356527.6247213573
2017-08-25 00:00:00+00:00,1.7647754079353777,141.77999877929688,463326.11867974536,0.5651144918893048,1.7695529213147145,356553.96815140615
2017-08-28 00:00:00+00:00,1.7677323085388887,141.9499969482422,464282.83237159764,0.5656032125340641,1.768023904107111,356580.3135279418
2017-08-29 00:00:00+00:00,1.7636485776520132,141.05999755859375,459109.8297857203,0.562830143874245,1.77673497214718,356606.660851108
2017-08-30 00:00:00+00:00,1.7584875534499251,143.0,470302.054248375,0.5687291233768181,1.7583062988976534,356633.01012104866
2017-08-31 00:00:00+00:00,1.7432276411037793,144.97999572753906,481725.5484469265,0.5745875704878302,1.7403787540182791,356659.3613379076
2017-09-01 00:00:00+00:00,1.729692249131685,145.61000061035156,485343.2556609305,0.5763979468680578,1.7349124948026717,356684.82285342534
2017-09-05 00:00:00+00:00,1.7315133274927754,143.60000610351562,473693.57937867544,0.5704369769409541,1.7530420369356772,356711.1778986695
2017-09-06 00:00:00+00:00,1.7431532888167764,144.0800018310547,476442.9237696497,0.5718364116885207,1.7487518800126705,356737.5348912587
2017-09-07 00:00:00+00:00,1.7393296613126032,144.94000244140625,481389.7442706821,0.5743454688817901,1.7411123690884673,356763.89383133675
2017-09-08 00:00:00+00:00,1.736423790327642,144.05999755859375,476274.523981475,0.5717136724042085,1.7491273136686296,356790.25471904763
2017-09-11 00:00:00+00:00,1.7477653637786918,145.3000030517578,483418.8186446452,0.5753373373912896,1.7381107308874262,356816.6175545352
2017-09-12 00:00:00+00:00,1.7331121006092787,145.52999877929688,484722.46457282576,0.575977146343344,1.7361799966346114,356842.98233794345
2017-09-13 00:00:00+00:00,1.7301694151741607,145.72999572753906,485852.6327313415,0.5765277792957942,1.7345217974083753,356869.3490694162
2017-09-14 00:00:00+00:00,1.728538590819167,145.47000122070312,484322.7775184709,0.5757395733012518,1.73689641354001,356895.7177490974
2017-09-15 00:00:00+00:00,1.736105433841051,145.2899932861328,483255.4637228784,0.5751825462546454,1.7385784852332409,356922.0883771311
2017-09-18 00:00:00+00:00,1.7318353000583369,145.11000061035156,483571.76218982524,0.5762729288570542,1.7352888708191467,355564.9349805816
2017-09-19 00:00:00+00:00,1.7314402213136333,145.30999755859375,484702.02478184004,0.576824858619119,1.733628475017416,355591.20727855514
2017-09-20 00:00:00+00:00,1.7293645834108078,144.22999572753906,478430.35625115095,0.5736245987172135,1.7433004132603138,355617.4815177596
2017-09-21 00:00:00+00:00,1.7333723796665093,143.9499969482422,476784.9135769972,0.572763685381633,1.7459207444929035,355643.7576983384
2017-09-22 00:00:00+00:00,1.7413350418866547,143.85000610351562,476180.41212888435,0.5724351213643822,1.7469228610860381,355670.03582043503
2017-09-25 00:00:00+00:00,1.7426838280928327,142.10000610351562,466034.2973613049,0.5671375629060005,1.7632406410818953,355696.3158841929
2017-09-26 00:00:00+00:00,1.756668313748327,142.6699981689453,469304.14420410705,0.568835069531255,1.757978812424564,355722.59788975545
2017-09-27 00:00:00+00:00,1.7533375024612614,143.57000732421875,474482.3996184782,0.571506290134613,1.7497620188300278,355748.8818372662
2017-09-28 00:00:00+00:00,1.741716704225498,143.77999877929688,475670.444480079,0.5721004928001041,1.7479446575995294,355775.16772686865
2017-09-29 00:00:00+00:00,1.7422596770087782,144.32000732421875,478766.8979129617,0.5736700845669137,1.7431621883419972,355801.45555870625
2017-10-02 00:00:00+00:00,1.73315569472773,144.92999267578125,482268.99700730195,0.5754342444809274,1.7378180210704244,355826.756995546
2017-10-03 00:00:00+00:00,1.7321118741357517,145.4499969482422,485249.7666679254,0.5769208684561414,1.7333399685749482,355853.0486392573
2017-10-04 00:00:00+00:00,1.7295147242184583,145.47000122070312,485339.15304193925,0.576947791533716,1.7332590828394936,355879.342225629
2017-10-05 00:00:00+00:00,1.728398979490513,146.41000366210938,490748.6685574609,0.579632873651813,1.7252299609920028,355905.6377548046
2017-10-06 00:00:00+00:00,1.716366525558683,146.9600067138672,493902.9082112731,0.5811751683575084,1.7206516287097327,355931.93522692757
2017-10-09 00:00:00+00:00,1.7147933445506138,147.3000030517578,495842.7269328348,0.5821110204149379,1.7178853602310848,355958.23464214156
2017-10-10 00:00:00+00:00,1.7162981136084976,146.9499969482422,493792.4233384396,0.5810847398386976,1.7209193968466432,355984.53600059013
2017-10-11 00:00:00+00:00,1.7154730698393403,147.33999633789062,496021.3939553749,0.5821627100406871,1.7177328309642341,356010.83930241683
2017-10-12 00:00:00+00:00,1.7119229915701906,147.6199951171875,497614.2552036014,0.5829244295136584,1.7154882337566695,356037.1445477653
2017-10-13 00:00:00+00:00,1.7142431275649583,147.77999877929688,498513.2112217608,0.5833452197207336,1.714250783573289,356063.4517367791
2017-10-16 00:00:00+00:00,1.7096409684162877,148.38999938964844,502014.390858074,0.5850273417828551,1.7093218189640964,356089.7608696019
2017-10-17 00:00:00+00:00,1.705583025302958,148.57000732421875,503029.0229488575,0.5854994993717534,1.7079433903410843,356116.0719463773
2017-10-18 00:00:00+00:00,1.7041389952770378,148.63999938964844,503407.4574324016,0.5856640680975667,1.7074634666393917,356142.3849672489
2017-10-19 00:00:00+00:00,1.7056800670340844,147.27000427246094,495458.78582101566,0.58177876373109,1.718866452922335,356168.6999323604
2017-10-20 00:00:00+00:00,1.710245272707274,148.52999877929688,502718.71813260805,0.5852959356244949,1.7085374066932946,356195.0168418554
2017-10-23 00:00:00+00:00,1.707073321278925,147.52999877929688,496909.6365906877,0.5824541046246022,1.7168734704762885,356221.33569587755
2017-10-24 00:00:00+00:00,1.715125743688917,147.44000244140625,496362.88832719333,0.5821683667200676,1.7177161404938452,356247.65649457066
2017-10-25 00:00:00+00:00,1.7131465220894933,146.3300018310547,489917.6954706005,0.5789677564947281,1.727211902186656,356273.97923807835
2017-10-26 00:00:00+00:00,1.7178909603216452,146.9199981689453,493303.1795908851,0.5806275388002987,1.722274492984289,356300.3039265442
2017-10-27 00:00:00+00:00,1.7219359039776567,149.1999969482422,506461.5448266883,0.5870056628901228,1.7035610782296364,356326.6305601121
2017-10-30 00:00:00+00:00,1.6875462314725262,150.99000549316406,516786.41087246756,0.5918716170887176,1.6895555913270066,356352.95913892577
2017-10-31 00:00:00+00:00,1.685033023291202,151.6300048828125,520461.0449390011,0.5935642150576508,1.6847376823464224,356379.2896631288
2017-11-01 00:00:00+00:00,1.6808043231009122,151.5,519683.8160319164,0.5931864052817685,1.685810718344079,356404.7311846408
2017-11-02 00:00:00+00:00,1.6812622396567487,150.77000427246094,515436.08962679654,0.5911864973645029,1.6915135992753205,356431.06553422275
2017-11-03 00:00:00+00:00,1.6835381738943165,151.83999633789062,521597.2635237125,0.5940373465401719,1.6833958434166814,356457.4018296206
2017-11-06 00:00:00+00:00,1.6727303842729309,153.10000610351562,528857.2627413986,0.597348661206732,1.6740641855291902,356483.74007097795
2017-11-07 00:00:00+00:00,1.6690167023440095,153.33999633789062,530218.7291267414,0.5979491401597433,1.672383038685946,356510.0802584388
2017-11-08 00:00:00+00:00,1.6684462020115696,153.6199951171875,531811.5534866086,0.5986522938385037,1.6704187226747125,356536.4223921468
2017-11-09 00:00:00+00:00,1.6640643475654255,152.11000061035156,523053.2695134475,0.5946381695137205,1.6816949386511362,356562.76647224574
2017-11-10 00:00:00+00:00,1.6699914245342502,153.05999755859375,528520.5303927256,0.597124361526644,1.6746930194630478,356589.11249887955
2017-11-13 00:00:00+00:00,1.6701469941338922,153.10000610351562,528725.5423401846,0.597199881921919,1.6744812419951973,356615.460472192
2017-11-14 00:00:00+00:00,1.668848532079089,152.57000732421875,525634.3352545002,0.5957707661575045,1.678497933776813,356641.81039232685
2017-11-15 00:00:00+00:00,1.673018888549992,151.77999877929688,521039.5514507041,0.5936367463927522,1.6845318388332995,356668.16225942806
2017-11-16 00:00:00+00:00,1.6784328859228288,153.3300018310547,529976.4974503259,0.5977149239874203,1.6730383663986386,356694.51607363945
2017-11-17 00:00:00+00:00,1.6642682659361725,153.8000030517578,532668.0472112091,0.5989146433063115,1.6696870099543646,356720.8718351049
2017-11-20 00:00:00+00:00,1.6685982865206794,153.61000061035156,531542.9504735721,0.5983888625933883,1.671154098132857,356747.2295439683
2017-11-21 00:00:00+00:00,1.6695515682761575,154.49000549316406,536605.4502186632,0.6006470115614276,1.6648713483155837,356773.5892003735
2017-11-22 00:00:00+00:00,1.6577126265724083,155.33999633789062,541494.383956512,0.6028028486905643,1.6589171769381073,356799.9508044644
2017-11-24 00:00:00+00:00,1.656463442394242,155.75999450683594,543896.7701449537,0.6038445994154437,1.6560552184586192,356826.3143563849
2017-11-27 00:00:00+00:00,1.652586039739061,155.8300018310547,544275.2403874315,0.6039933156662507,1.6556474617553072,356852.67985627905
2017-11-28 00:00:00+00:00,1.6531492315831895,155.6999969482422,543497.0855538471,0.603633376896142,1.6566347029085087,356879.0473042907
2017-11-29 00:00:00+00:00,1.6504750182206398,153.1199951171875,528551.1778342423,0.5969250001598647,1.6752523344342862,356905.4167005637
2017-11-30 00:00:00+00:00,1.6698292374781651,154.14999389648438,534481.0449990623,0.5995886812328377,1.6678100025902107,356931.78804524214
2017-12-01 00:00:00+00:00,1.6606620376319108,152.25999450683594,523526.1460846957,0.5945894461044281,1.6818327445125376,356957.2690089998
2017-12-04 00:00:00+00:00,1.6654414281809338,152.55999755859375,525234.6173626685,0.5953567730974656,1.679665110379605,356983.6441849877
2017-12-05 00:00:00+00:00,1.67854443949352,152.10000610351562,522548.2188146705,0.5941030337464833,1.6832097181761265,357010.0213098081
2017-12-06 00:00:00+00:00,1.6778835215243797,152.05999755859375,522290.47982010234,0.5939662389248321,1.683597373834159,357036.4003836048
2017-12-07 00:00:00+00:00,1.6728694106575936,153.3300018310547,529608.2321174433,0.5972995891819901,1.6742017207303181,357062.78140652203
2017-12-08 00:00:00+00:00,1.669160202126191,154.4600067138672,536116.3992187325,0.6002161440413484,1.6660664827621012,357089.16437870375
2017-12-11 00:00:00+00:00,1.6643467353950272,154.75999450683594,537824.7725131467,0.6009616053764775,1.6639998147195136,357115.54930029396
2017-12-12 00:00:00+00:00,1.6559594421249153,155.36000061035156,541268.078549925,0.602473335871926,1.6598244942288707,357141.93617143674
2017-12-13 00:00:00+00:00,1.6575063563672394,155.75999450683594,543554.6603029694,0.6034647825240249,1.6570975290678016,357168.4241983694
2017-12-14 00:00:00+00:00,1.655493511487349,155.7100067138672,543239.102767478,0.6033080631528761,1.6575279878972933,357194.9141898307
2017-12-15 00:00:00+00:00,1.6563402581491318,156.22999572753906,546217.2025782929,0.6045964358601569,1.6539958568847732,357223.78744539444
2017-12-18 00:00:00+00:00,1.6443096790922382,158.07000732421875,558255.5740886257,0.6107285526973449,1.6373886493162928,355825.76634164073
2017-12-19 00:00:00+00:00,1.6336473818539317,157.25999450683594,553542.6007682752,0.6086917613121747,1.6428676442806958,355854.6277649107
2017-12-20 00:00:00+00:00,1.6399261415335842,156.91000366210938,551489.8230060325,0.6077871303593878,1.6453128900717173,355883.49152916274
2017-12-21 00:00:00+00:00,1.6411447507429817,157.3699951171875,554120.978323786,0.6089018461507578,1.6423008179752019,355912.3576345868
2017-12-22 00:00:00+00:00,1.6410964870906326,156.9499969482422,551663.3601366377,0.607823460253126,1.645214548947409,355941.2260813727
2017-12-26 00:00:00+00:00,1.642386382582466,155.9499969482422,545851.7266604021,0.6052766881640848,1.6521369805818615,355970.09686971037
2017-12-27 00:00:00+00:00,1.6482225799499495,156.38999938964844,548367.2832310706,0.6063553137592443,1.6491980482536908,355998.96999978984
2017-12-28 00:00:00+00:00,1.6481728019197959,156.5399932861328,549205.7868670617,0.6067005988808352,1.6482594575391456,356027.8454718009
2017-12-29 00:00:00+00:00,1.6469651415136493,155.6999969482422,544319.4095722042,0.6045466885537342,1.6541319619040749,356056.7232859336
2018-01-02 00:00:00+00:00,1.6537152808398239,156.1699981689453,547009.3250799167,0.6057058311013387,1.6509664405603075,356084.7133005697
2018-01-03 00:00:00+00:00,1.6353829216108675,158.61000061035156,561090.3977297156,0.6117400291890482,1.634681322596541,356113.59572731523
2018-01-04 00:00:00+00:00,1.6255267888149134,160.0800018310547,569562.1811705309,0.6152741849054731,1.6252916578218437,356142.48049674643
2018-01-05 00:00:00+00:00,1.623834912372184,160.77000427246094,573523.4144309467,0.6168943028511813,1.6210232374949303,356171.3676090534
2018-01-08 00:00:00+00:00,1.6139048630989155,161.86000061035156,579797.7151282734,0.6194433453418925,1.6143526401886923,356200.2570644261
2018-01-09 00:00:00+00:00,1.6101536130137786,162.07000732421875,580983.242318804,0.6199056348221806,1.6131487501107311,356229.1488630547
2018-01-10 00:00:00+00:00,1.6101728928316528,161.1199951171875,575460.6530328615,0.6176334718621953,1.6190832355392768,356258.0430051291
2018-01-11 00:00:00+00:00,1.6125583623742894,162.2100067138672,581735.0349378067,0.6201720757044571,1.6124557024985269,356286.93949083955
2018-01-12 00:00:00+00:00,1.6059504283597976,162.94000244140625,585927.528163808,0.6218430917164149,1.6081227134642504,356315.838320376
2018-01-16 00:00:00+00:00,1.5989600470588663,163.52999877929688,589310.4357990057,0.6231768737652769,1.6046808572306803,356344.7394939286
2018-01-17 00:00:00+00:00,1.6017872792544519,164.0,591999.4378035953,0.6242263195563018,1.6019830767642045,356373.6430116876
2018-01-18 00:00:00+00:00,1.5916382851297612,165.13999938964844,598562.8778761255,0.6267901026670809,1.5954304251851745,356402.548873843
2018-01-19 00:00:00+00:00,1.5915442105786937,165.5399932861328,600847.0394493605,0.6276616905397758,1.5932149676683647,356431.45708058495
2018-01-22 00:00:00+00:00,1.588682401621245,166.08999633789062,603998.6660237769,0.6288645791843126,1.5901674750024553,356460.3676321037
2018-01-23 00:00:00+00:00,1.5789159679654012,168.55999755859375,618253.1840254357,0.6342733660509041,1.576607269868784,356489.28052858944
2018-01-24 00:00:00+00:00,1.5715288410482997,167.44000244140625,611747.602809493,0.6317971818345939,1.5827864206298448,356518.1957702323
2018-01-25 00:00:00+00:00,1.5774912400466776,167.80999755859375,613858.2791808791,0.6325792126683558,1.5808296889519715,356547.1133572225
2018-01-26 00:00:00+00:00,1.577889921313487,168.9600067138672,620479.5892822078,0.6350504259408329,1.5746781029529915,356576.03328975034
2018-01-29 00:00:00+00:00,1.5643172776999315,169.74000549316406,624961.214841476,0.6366979972229071,1.5706033384143054,356604.9555680061
2018-01-30 00:00:00+00:00,1.5687089214131846,167.82000732421875,613829.3964450925,0.63251172014675,1.5809983722799454,356633.88019218
2018-01-31 00:00:00+00:00,1.5762213792659163,168.33999633789062,616807.442541189,0.6336171472409771,1.5782401160612536,356662.8071624622
2018-02-01 00:00:00+00:00,1.5725502215235234,167.4199981689453,611459.1747243124,0.6315747557788896,1.583343841485162,356690.9438950273
2018-02-02 00:00:00+00:00,1.5803798234463386,164.47000122070312,594371.1108438217,0.6249361200788665,1.6001635493141295,356719.87549380993
2018-02-05 00:00:00+00:00,1.5993471882330639,158.0,556927.6952486278,0.6095458210768705,1.640565754734112,356748.8094392666
2018-02-06 00:00:00+00:00,1.6397686358930652,155.10000610351562,540128.7824565849,0.6022130127067877,1.6605419990930872,356777.74573158775
2018-02-07 00:00:00+00:00,1.6132072498938872,160.1999969482422,569591.8805827154,0.6148453831113129,1.6264251590207646,356806.6843709638
2018-02-08 00:00:00+00:00,1.626361505775778,153.4499969482422,530529.2914527822,0.5978704830474586,1.6726030609552949,356835.625357585
2018-02-09 00:00:00+00:00,1.6726030609552949,150.1300048828125,511301.62187864096,0.5889444065343942,1.6979531325960564,356864.5686916418
2018-02-12 00:00:00+00:00,1.653807997672668,156.4600067138672,547877.5745999077,0.6055427513954491,1.6514110650247897,356893.5143733245
2018-02-13 00:00:00+00:00,1.6352521229717745,157.72000122070312,555134.875791496,0.6086622546018274,1.6429472871686064,356922.46240282373
2018-02-14 00:00:00+00:00,1.6300185329850503,158.0,556725.0919075648,0.6093240759186843,1.6411627892633154,356951.4127803297
2018-02-15 00:00:00+00:00,1.61143973683223,162.44000244140625,582371.619634202,0.6199716707334794,1.6129769265374896,356980.365506033
2018-02-16 00:00:00+00:00,1.593756611820771,164.67999267578125,595295.9965087106,0.6251104407654787,1.5997173215911262,357009.3205801241
2018-02-20 00:00:00+00:00,1.5980904656705408,164.30999755859375,593127.4451276651,0.6242357840204137,1.601958788007094,357038.2780027934
2018-02-21 00:00:00+00:00,1.5962617582389553,164.72000122070312,595469.4392353748,0.6251406939046081,1.599639904665353,357067.23777423135
2018-02-22 00:00:00+00:00,1.59905810783679,164.3800048828125,593474.3589782016,0.6243348833377851,1.6017045125748133,357096.19989462855
2018-02-23 00:00:00+00:00,1.599252117785611,165.4499969482422,599632.9047009684,0.6267340972487168,1.595572994017516,357125.1643641756
2018-02-26 00:00:00+00:00,1.5803496951676541,168.82000732421875,619091.9081421077,0.6341556156991475,1.5769000151445705,357154.1311830629
2018-02-27 00:00:00+00:00,1.568509828617883,168.2100067138672,615535.4502045534,0.6327991276127048,1.58028030754814,357183.1003514811
2018-02-28 00:00:00+00:00,1.5798445840404922,167.10000610351562,609087.6085733287,0.6303299285932956,1.586470758625876,357212.07186962076
2018-03-01 00:00:00+00:00,1.5858589103502911,163.0,585349.9669687413,0.6210014634264841,1.6103021633513153,357240.3511586438
2018-03-02 00:00:00+00:00,0.8753615792985736,161.9600067138672,554327.5769032232,1.1446004872461475,0.8736672849108695,0.0
2018-03-05 00:00:00+00:00,0.8763552212809539,164.58999633789062,562191.8539949491,1.1422899107254127,0.8754345027567902,0.0
2018-03-06 00:00:00+00:00,0.877544797947868,167.47999572753906,570833.6204063105,1.1398345861156693,0.877320281539975,0.0
2018-03-07 00:00:00+00:00,0.8779977171938099,166.9600067138672,569278.733021655,1.1402700942947994,0.8769852028948023,0.0
2018-03-08 00:00:00+00:00,0.8782450836733681,168.9499969482422,575229.263955314,1.1386179124489064,0.8782577448208494,0.0
2018-03-09 00:00:00+00:00,0.8788309349421771,170.82000732421875,580821.0273701767,1.1371004266541447,0.879429799303167,0.0
2018-03-12 00:00:00+00:00,0.8808650142098029,173.27999877929688,588176.970629153,1.1351540630782404,0.8809376916541726,0.0
2018-03-13 00:00:00+00:00,0.8814199724251487,171.27000427246094,582166.622295374,1.1367402072808857,0.8797084800862529,0.0
2018-03-14 00:00:00+00:00,0.8799797284712356,170.92999267578125,581149.9090025671,1.1370122090254602,0.8794980318259783,0.0
2018-03-15 00:00:00+00:00,0.8799612645940246,170.89999389648438,581060.2057160409,1.1370362593424075,0.8794794288955562,0.0
2018-03-16 00:00:00+00:00,0.8798689069416821,170.94000244140625,581179.8405162806,1.1370041859759659,0.8795042378332442,0.0
2018-03-19 00:00:00+00:00,0.8795538156278787,165.63999938964844,565952.8264420022,1.1426421514868168,0.8751646337383847,0.0
2018-03-20 00:00:00+00:00,0.8761202416600088,166.61000061035156,568853.3543791627,1.1418116907668179,0.8758011571316283,0.0
2018-03-21 00:00:00+00:00,0.8764764385340367,166.19000244140625,567597.4627404911,1.142170079656535,0.8755263491937318,0.0
2018-03-22 00:00:00+00:00,0.8760032137830404,162.58999633789062,556832.6120842972,1.1453179557007487,0.8731199882290873,0.0
2018-03-23 00:00:00+00:00,0.8732629161244425,158.42999267578125,544393.2392432082,1.1491336677239292,0.8702207829143881,0.0
2018-03-26 00:00:00+00:00,0.8702777870447755,159.16000366210938,546576.1408881606,1.1484496440159313,0.8707390917926289,0.0
2018-03-27 00:00:00+00:00,0.8743413671729376,157.67999267578125,542150.5658254435,1.149843017394074,0.86968393500039,0.0
2018-03-28 00:00:00+00:00,0.8706824924542356,156.0399932861328,537246.58844369,1.1514178858101387,0.868494412257978,0.0
2018-03-29 00:00:00+00:00,0.8693741395188621,156.6300048828125,539010.8595424187,1.1508475078123885,0.8689248516520404,0.0
2018-04-02 00:00:00+00:00,0.8714214226297864,153.8800048828125,530787.7236772813,1.1535433138516462,0.8668941928682594,0.0
2018-04-03 00:00:00+00:00,0.868105337374266,154.44000244140625,532462.2458621764,1.152986567674904,0.8673127927384146,0.0
2018-04-04 00:00:00+00:00,0.8693813569491945,154.0399932861328,531266.1259963172,1.1533838413075386,0.8670140539391863,0.0
2018-04-05 00:00:00+00:00,0.8711479519510295,159.47999572753906,547532.9911535403,1.1481517840367896,0.8709649838143331,0.0
2018-04-06 00:00:00+00:00,0.8717842425184784,155.8800048828125,536768.186124654,1.15157329449006,0.8683772060230177,0.0
2018-04-09 00:00:00+00:00,0.8689248516520404,157.4600067138672,541492.7569333552,1.150052361728584,0.8695256262044901,0.0
2018-04-10 00:00:00+00:00,0.8697198651947683,159.07000732421875,546307.0310285827,1.1485336317176194,0.8706754181020464,0.0
2018-04-11 00:00:00+00:00,0.8721727057020113,160.10000610351562,549386.965538795,1.147578044874888,0.8714004284641247,0.0
2018-04-12 00:00:00+00:00,0.87152629072163,161.16000366210938,552556.6033355333,1.146607379922575,0.8721381158976363,0.0
2018-04-13 00:00:00+00:00,0.8728605510748321,160.6699981689453,551091.3736100963,1.1470544977561417,0.871798159508717,0.0
2018-04-16 00:00:00+00:00,0.87228325267344,161.47999572753906,553513.4536009132,1.146316859737104,0.87235914878661,0.0
2018-04-17 00:00:00+00:00,0.8731268080643517,163.91000366210938,560779.7392006709,1.1441476746832404,0.8740130510485475,0.0
2018-04-18 00:00:00+00:00,0.8754673056318869,165.30999755859375,564966.0446629089,1.1429269023904007,0.8749465936172531,0.0
2018-04-19 00:00:00+00:00,0.87569007236527,164.33999633789062,562065.5167257484,1.1437705148577209,0.8743012579970161,0.0
2018-04-20 00:00:00+00:00,0.8746812847755906,161.72999572753906,554261.0114068347,1.1460906851504435,0.8725313039855422,0.0
2018-04-23 00:00:00+00:00,0.8729220917304923,161.02000427246094,552137.9727893096,1.1467348482070276,0.8720411711247337,0.0
2018-04-24 00:00:00+00:00,0.872641242326511,157.38999938964844,541283.4188465896,1.1501191052597999,0.8694751660299656,0.0
2018-04-25 00:00:00+00:00,0.8702421748476991,156.47000122070312,538532.4115960752,1.151001762004769,0.8688084006563465,0.0
2018-04-26 00:00:00+00:00,0.870377421155207,160.17999267578125,549626.1438846593,1.1475043511397716,0.8714563905633462,0.0
2018-04-27 00:00:00+00:00,0.8727098601570679,161.1699981689453,552586.4892219396,1.1465982884757957,0.872145031133203,0.0
2018-04-30 00:00:00+00:00,0.872778393635467,160.5399932861328,550702.6289502787,1.1471735821185898,0.8717076609742086,0.0
2018-05-01 00:00:00+00:00,0.8719857065680343,160.13999938964844,549506.5547117272,1.1475411888052112,0.8714284156032543,0.0
2018-05-02 00:00:00+00:00,0.8732493153485643,161.6300048828125,553962.0156608506,1.146181062744786,0.8724625039653657,0.0
2018-05-03 00:00:00+00:00,0.8725931741974562,159.22000122070312,546755.5474612126,1.148393704962127,0.8707815060976664,0.0
2018-05-04 00:00:00+00:00,0.8725794292874102,160.97999572753906,552018.33798907,1.1467713163889255,0.8720134395660554,0.0
2018-05-07 00:00:00+00:00,0.8746546858746148,165.50999450683594,565564.0817821845,1.1427541941235377,0.8750788272249341,0.0
2018-05-08 00:00:00+00:00,0.8755591303203272,164.86000061035156,563620.4497377113,1.143317031406895,0.874648039458891,0.0
2018-05-09 00:00:00+00:00,0.8754476119950504,165.77999877929688,566371.456988226,1.1425216917552852,0.8752569051565879,0.0
2018-05-10 00:00:00+00:00,0.8766247972833455,168.2899932861328,573876.9209338481,1.1403960236960886,0.8768883609037349,0.0
2018-05-11 00:00:00+00:00,0.8777356625499205,168.72000122070312,575162.7440862332,1.1400382036170544,0.8771635869984458,0.0
2018-05-14 00:00:00+00:00,0.8776343566590948,169.47000122070312,577405.4175039979,1.1394184558625475,0.8776406901738248,0.0
2018-05-15 00:00:00+00:00,0.8778178591950823,166.97999572753906,569959.7253311882,1.1414974637067723,0.8760422443276491,0.0
2018-05-16 00:00:00+00:00,0.8766183483295296,168.00999450683594,573039.6598414006,1.1406300021291482,0.8767084840249316,0.0
2018-05-17 00:00:00+00:00,0.8773294000403253,167.50999450683594,571544.5442295573,1.1410497681333889,0.8763859631082277,0.0
2018-05-18 00:00:00+00:00,0.8769140203544814,167.2100067138672,570647.5113642975,1.141302822418074,0.8761916472626466,0.0
2018-05-21 00:00:00+00:00,0.8763536260852178,167.67999267578125,572052.8780623071,1.1409067683518994,0.8764958081934716,0.0
2018-05-22 00:00:00+00:00,0.8769588839996111,167.8800048828125,572650.9608088904,1.1407388920539248,0.8766247972833455,0.0
2018-05-23 00:00:00+00:00,0.8768177569184861,166.8800048828125,569660.729585204,1.1415822458886322,0.8759771830732865,0.0
2018-05-24 00:00:00+00:00,0.8777230145228554,167.83999633789062,572531.3260086507,1.1407724404238475,0.8765990170909596,0.0
2018-05-25 00:00:00+00:00,0.8776913636816346,169.2100067138672,576627.9738116702,1.1396326750649446,0.8774757181677094,0.0
2018-05-29 00:00:00+00:00,0.8777989020331318,167.9600067138672,572890.1847820622,1.1406718560416904,0.8766763155445566,0.0
2018-05-30 00:00:00+00:00,0.8773230342580087,169.22000122070312,576657.8596980763,1.1396244280509071,0.8774820681145754,0.0
2018-05-31 00:00:00+00:00,0.8780889400176948,169.6300048828125,577883.8654503415,1.1392869492725486,0.8777419952352783,0.0
2018-06-01 00:00:00+00:00,0.8780197163680594,170.8699951171875,581591.7229662358,1.1382761547398081,0.8785214342196109,0.0
2018-06-04 00:00:00+00:00,1.753051437492648,173.07000732421875,588085.2406914316,0.5712148837893439,1.7506546632086466,441448.9282892022
2018-06-05 00:00:00+00:00,1.741429959901149,174.07000732421875,593994.6581242541,0.5736402797101782,1.7432527585148532,441488.1681939391
2018-06-06 00:00:00+00:00,1.7375652587167734,174.13999938964844,594371.7735451149,0.5737737630033001,1.7428472064768294,441527.4115866674
2018-06-07 00:00:00+00:00,1.7302760113903626,173.5500030517578,590822.8406195588,0.5722867591562196,1.7473757412706896,441566.6584676973
2018-06-08 00:00:00+00:00,1.7408120631768975,173.17999267578125,588582.5253118915,0.5713348216707227,1.7502871557447797,441605.90883733885
2018-06-11 00:00:00+00:00,1.7408526889250138,174.27999877929688,595086.8308323661,0.5740025720698857,1.742152472233606,441645.16269590217
2018-06-12 00:00:00+00:00,1.7375078629736633,174.9600067138672,599092.7076741508,0.5756205547942855,1.7372555439014485,441684.4200436974
2018-06-13 00:00:00+00:00,1.7309412584487338,175.42999267578125,601849.2322777036,0.5767198675711086,1.7339440796648151,441723.6808810346
2018-06-14 00:00:00+00:00,1.7311256695233108,176.5,608175.0748709701,0.5792485491906435,1.726374630367659,441762.945208224
2018-06-15 00:00:00+00:00,1.7186425147941056,176.11000061035156,605813.3800841583,0.5782769604032353,1.7292751890075222,441804.66726416035
2018-06-18 00:00:00+00:00,1.723097955188821,174.94000244140625,600498.1802503762,0.5770369379015695,1.7329913118500901,440159.94890531513
2018-06-19 00:00:00+00:00,1.7218363035882325,173.7100067138672,593139.7864787434,0.5740018162521774,1.7421547662153527,440201.51956715615
2018-06-20 00:00:00+00:00,1.7254926888897602,176.64999389648438,610587.0659387899,0.5810520273173639,1.72101628251236,440243.21643331525
2018-06-21 00:00:00+00:00,1.71682602431232,175.3699951171875,602930.9687026977,0.5779540995723285,1.730241209016382,440285.0395388763
2018-06-22 00:00:00+00:00,1.727799707670982,174.69000244140625,598844.0982036691,0.576271006866178,1.7352946583901634,440326.8666176325
2018-06-25 00:00:00+00:00,1.7307216597191388,169.80999755859375,569772.7902978731,0.5640524590709775,1.7728847448817968,440368.69766996114
2018-06-26 00:00:00+00:00,1.760498503764988,171.3699951171875,579010.8461950975,0.567979893481139,1.7606257043203013,440410.5326962398
2018-06-27 00:00:00+00:00,1.7551944932404069,169.61000061035156,568499.4029573379,0.5634554765040082,1.7747631209559933,440452.3716968459
2018-06-28 00:00:00+00:00,1.7737915455909359,169.1699981689453,565840.2585782926,0.5622785886925131,1.7784778223999893,440494.09232427616
2018-06-29 00:00:00+00:00,1.7622896646139845,171.39999389648438,579064.0144463426,0.5679326306671504,1.760772221918822,440535.8169035769
2018-07-02 00:00:00+00:00,1.758823395775004,169.6699981689453,568731.1341362258,0.5634858251469362,1.7746675344304128,440577.5454351225
2018-07-03 00:00:00+00:00,1.7501101556102088,170.6300048828125,574400.152634613,0.5659006471641241,1.7670946393351217,440619.2779192874
2018-07-05 00:00:00+00:00,1.765746503440167,171.02999877929688,576737.8428247552,0.5668748679575497,1.764057742766054,440661.0143564458
2018-07-06 00:00:00+00:00,1.7494479635828766,173.0,588414.9646507648,0.5717664301758583,1.7489659189897346,440702.7547469724
2018-07-09 00:00:00+00:00,1.7297116457829467,175.82000732421875,605148.4775676802,0.5785950293889643,1.7283245607140245,440744.49909124145
2018-07-10 00:00:00+00:00,1.7186464340428806,176.7100067138672,610401.0306689495,0.5806777188136166,1.7221256604146982,440786.2473896276
2018-07-11 00:00:00+00:00,1.717858169440159,175.8000030517578,604945.9784542588,0.578467232044938,1.7287063892364356,440827.99964250537
2018-07-12 00:00:00+00:00,1.7242906491115806,177.0800018310547,612518.4963770463,0.581474584591133,1.7197656208880658,440869.7558502493
2018-07-13 00:00:00+00:00,1.7035047197809685,178.9499969482422,623600.6963891189,0.5858088701319821,1.70704141057936,440911.516013234
2018-07-16 00:00:00+00:00,1.7026177902168356,178.8800048828125,623142.5734569293,0.5856075572095526,1.7076282361604875,440953.28013183415
2018-07-17 00:00:00+00:00,1.7056075524855356,177.27999877929688,613582.9173345213,0.5818279324846162,1.7187211960237754,440995.04820642446
2018-07-18 00:00:00+00:00,1.6984738624408868,179.3800048828125,626033.3620201636,0.5866843366344455,1.7044941164384373,441036.8202373795
2018-07-19 00:00:00+00:00,1.7008315276960435,178.82000732421875,622660.3524465249,0.5853507133720216,1.708377519930426,441078.59622507426
2018-07-20 00:00:00+00:00,1.706959234197683,178.7899932861328,622440.0292738262,0.5852418217977462,1.708695384974709,441120.37616988336
2018-07-23 00:00:00+00:00,1.7073432869551552,177.74000549316406,616152.2277825368,0.5827521453034458,1.715995398831674,441162.16007218166
2018-07-24 00:00:00+00:00,1.703631772629975,179.55999755859375,626936.949076692,0.5869421822834562,1.703745326515079,441203.94793234405
2018-07-25 00:00:00+00:00,1.698838431001748,180.2899932861328,631237.6516993027,0.5885756895925816,1.699016826012999,441245.7397507454
2018-07-26 00:00:00+00:00,1.6827387328394403,179.80999755859375,628340.5258156653,0.5874383334955567,1.7023063409047408,441287.5355277607
2018-07-27 00:00:00+00:00,1.7007141836064885,176.60000610351562,609203.5868569083,0.5798995671902704,1.7244365344937238,441329.33526376483
2018-07-30 00:00:00+00:00,1.7172924227607242,174.27000427246094,595301.4006727106,0.5742424709003305,1.7414246606179131,441371.13895913283
2018-07-31 00:00:00+00:00,1.7352530815905614,174.82000732421875,598531.3727071226,0.5755417492906801,1.737493415955382,441412.94661423983
2018-08-01 00:00:00+00:00,1.7257364353831612,176.10000610351562,606103.8352224329,0.578587048983305,1.7283483993587536,441454.75822946074
2018-08-02 00:00:00+00:00,1.7211293405327597,175.7899932861328,604217.859625861,0.5778038825029865,1.7306910359759158,441496.57380517083
2018-08-03 00:00:00+00:00,1.704741621885864,179.0800018310547,623747.1735606685,0.5855210968213628,1.707880391379119,441538.3933417452
2018-08-06 00:00:00+00:00,1.7011931343294966,179.74000549316406,627631.485690278,0.5870039433774001,1.703566068477114,441580.2168395589
2018-08-07 00:00:00+00:00,1.6943526568505212,181.25999450683594,636631.5520300379,0.5904284058940176,1.6936854494421139,441622.04429898737
2018-08-08 00:00:00+00:00,1.6902028129134683,181.05999755859375,635400.0072949692,0.5899371590811192,1.6950957989450792,441663.87572040566
2018-08-09 00:00:00+00:00,1.6889041714212198,181.63999938964844,638808.4040592869,0.591207828842327,1.6914525674637104,441705.7111041892
2018-08-10 00:00:00+00:00,1.6897184010098434,179.83999633789062,628058.9633512949,0.5870771539044223,1.7033536279676158,441747.5504507132
2018-08-13 00:00:00+00:00,1.6988525342096006,180.24000549316406,630396.6374382633,0.5879545331639243,1.7008117866168329,441789.39376035315
2018-08-14 00:00:00+00:00,1.7002831239378144,180.0399932861328,629164.9860821743,0.5874577054081721,1.7022502059194013,441831.2410334843
2018-08-15 00:00:00+00:00,1.6930114171558066,178.1199951171875,617701.7236493794,0.5829713148789087,1.7153502659178246,441873.0922704822
2018-08-16 00:00:00+00:00,1.707784301697005,179.47000122070312,625690.5921615674,0.5860690760151779,1.706283509785632,441914.94747172226
2018-08-17 00:00:00+00:00,1.70394105487372,178.27000427246094,618510.2395903482,0.5832431759146707,1.7145507076559459,441956.929391732
2018-08-20 00:00:00+00:00,1.7037882807763538,179.0,622810.7481230679,0.5849033583343805,1.7096841482457603,441998.9153000242
2018-08-21 00:00:00+00:00,1.7049707935236937,180.1300048828125,629490.7700637346,0.587468186519614,1.702219835808271,442040.9051969777
2018-08-22 00:00:00+00:00,1.70069690716391,179.75,627188.2573432901,0.586556790177985,1.7048647577612386,442082.89908297145
2018-08-23 00:00:00+00:00,1.696214391091172,180.5,631607.7524710468,0.5882355843483716,1.6999991612336198,442124.8969583844
2018-08-24 00:00:00+00:00,1.698026877835254,181.36000061035156,636681.5995469089,0.590149219754724,1.6944866934088583,442166.8988235954
2018-08-27 00:00:00+00:00,1.6872945935116004,183.11000061035156,647049.7440322493,0.5940276396224281,1.683423351539018,442208.9046789837
2018-08-28 00:00:00+00:00,1.6757816289581235,184.22000122070312,653610.7474617674,0.5964354536108433,1.676627360003436,442250.91452492814
2018-08-29 00:00:00+00:00,1.6742341849685611,184.86000061035156,657375.8706901533,0.5977944188803807,1.6728158852217407,442292.92836180807
2018-08-30 00:00:00+00:00,1.6615611784825497,185.7899932861328,662866.0606166213,0.5997696858166205,1.6673066739584266,442334.94619000243
2018-08-31 00:00:00+00:00,1.6636142815368256,185.97999572753906,663954.2982139585,0.6001405894277759,1.666276231963386,442376.96800989046
2018-09-04 00:00:00+00:00,1.6623005694541504,184.85000610351562,657190.4742161762,0.5976581384211668,1.6731973275586933,442418.8709393603
2018-09-05 00:00:00+00:00,1.6671584436629046,182.82000732421875,645072.6772897367,0.5931519636047361,1.6859086058195683,442460.9007320995
2018-09-06 00:00:00+00:00,1.6819467908177426,180.5800018310547,631705.6183910833,0.5880660851941131,1.700489154496833,442502.9345176691
2018-09-07 00:00:00+00:00,1.6924685359693474,180.44000244140625,630830.7722158185,0.5877073107353129,1.7015272427849248,442544.97229644825
2018-09-10 00:00:00+00:00,1.697122820028909,180.72999572753906,632513.8011328471,0.5883297567904853,1.6997270467081234,442587.0140688164
2018-09-11 00:00:00+00:00,1.6932721351525644,180.52000427246094,631222.5881564354,0.5878117236556868,1.7012250007210714,442629.05983515293
2018-09-12 00:00:00+00:00,1.6844542439400245,181.00999450683594,634095.3223987981,0.5888884567326085,1.6981144537089499,442671.1095958373
2018-09-13 00:00:00+00:00,1.6879813440293974,183.63999938964844,649698.2664873456,0.5947377048071892,1.6814134902111084,442713.1633512489
2018-09-14 00:00:00+00:00,1.6759056286385614,183.25999450683594,647395.6899023765,0.5938587798876918,1.6839020216037153,442755.22110176727
2018-09-17 00:00:00+00:00,1.6793451267308306,181.1699981689453,634920.956105507,0.5891344631247648,1.697405367691456,442797.2828477719
2018-09-18 00:00:00+00:00,1.696296352092543,181.39999389648438,636247.0561358687,0.5896164138011838,1.6960179136688618,442839.34858964244
2018-09-19 00:00:00+00:00,1.6867715978855577,181.50999450683594,636859.3423356568,0.5898261559972572,1.695414809655627,442881.4183277585
2018-09-20 00:00:00+00:00,1.6877700029088596,183.52000427246094,648774.1279417662,0.5942800607545806,1.6827083155545566,442923.49206249963
2018-09-21 00:00:00+00:00,1.675278322966299,183.47999572753906,648494.0530857057,0.5941530401047489,1.6830680523383346,442965.56979424553
2018-09-24 00:00:00+00:00,1.6816298825643943,181.3000030517578,636956.2346210097,0.5905991650630026,1.6931957563694224,441535.3588323301
2018-09-25 00:00:00+00:00,1.6768244053510575,183.17999267578125,648097.580184692,0.5947622692171627,1.6813440457751614,441577.42734013003
2018-09-26 00:00:00+00:00,1.675392781477382,183.91000366210938,652398.0928790176,0.5963323599284763,1.6769172146216238,441619.4998561239
2018-09-27 00:00:00+00:00,1.674702479396054,184.9199981689453,658364.1275884322,0.5984988579929678,1.6708469642756607,441661.57638069347
2018-09-28 00:00:00+00:00,1.6653760101645847,184.97000122070312,658616.4309813639,0.5985663647943774,1.6706585247962022,441706.7240085013
2018-10-01 00:00:00+00:00,1.6657280031799413,185.6999969482422,662913.7731794771,0.6001035458294641,1.6663790889917145,441751.8762513999
2018-10-02 00:00:00+00:00,1.66358040124009,185.32000732421875,660608.1882558726,0.5992426155578859,1.6687731713957208,441797.0331098612
2018-10-03 00:00:00+00:00,1.6661936653073444,185.66000366210938,662585.5484915131,0.5999356251647473,1.6668455048412765,441842.19458435685
2018-10-04 00:00:00+00:00,1.6651138516032529,181.05999755859375,635176.5223400161,0.5897296644668467,1.6956922133195789,441887.3606753588
2018-10-05 00:00:00+00:00,1.6871968488455722,178.42999267578125,619486.3537880768,0.5836398451569211,1.713385417904656,441932.53138333897
2018-10-08 00:00:00+00:00,1.7017942874770475,176.92999267578125,610518.1924563078,0.5800670510361315,1.723938634703993,441977.70670876926
2018-10-09 00:00:00+00:00,1.7092871901444366,178.75,621299.6124365807,0.5843002597697802,1.7114488369284817,442022.8866521217
2018-10-10 00:00:00+00:00,1.7055045091926553,171.5,578126.6621775299,0.5666826570018483,1.7646560868665129,442068.0712138684
2018-10-11 00:00:00+00:00,1.7628507622369876,167.80999755859375,556130.9128982346,0.5571090999347711,1.7949805524933709,442113.26039448136
2018-10-12 00:00:00+00:00,1.7800451557104253,170.92999267578125,574645.5009452893,0.565148766426981,1.7694456033625672,442158.4541944328
2018-10-15 00:00:00+00:00,1.743358907978313,171.55999755859375,578347.9856943678,0.5667013446305447,1.764597895302225,442203.6526141949
2018-10-16 00:00:00+00:00,1.7595199457438628,173.6999969482422,591032.9057259272,0.5719958754875121,1.7482643544373464,442248.8556542399
2018-10-17 00:00:00+00:00,1.7226616700283814,175.47000122070312,601516.8469680129,0.5762699364819802,1.7352978815879452,442294.0633150401
2018-10-18 00:00:00+00:00,1.7222974804787152,172.44000244140625,583447.0873552634,0.5687802436717925,1.7581482675003697,442339.39845652983
2018-10-19 00:00:00+00:00,1.7524710794758602,172.38999938964844,583104.2965461822,0.5686109522029081,1.7586717176758693,442384.7382448716
2018-10-22 00:00:00+00:00,1.7538267800675993,172.58999633789062,584248.6654241623,0.5690666788444896,1.7572633175966936,442430.08268054173
2018-10-23 00:00:00+00:00,1.7472207106478428,168.82000732421875,561776.9435319909,0.559398172562355,1.7876354429608579,442475.4317640165
2018-10-24 00:00:00+00:00,1.7521914105598646,165.0399932861328,539245.4586466562,0.5492604724948231,1.820629828791157,442520.90840561455
2018-10-25 00:00:00+00:00,1.8179229393524512,167.16000366210938,551811.1926098247,0.5549312478628751,1.8020250325624168,442566.3897212007
2018-10-26 00:00:00+00:00,1.7696660609225734,164.22999572753906,534336.0934206818,0.5469442696067671,1.8283398429587048,442611.87571125536
2018-10-29 00:00:00+00:00,1.8065211909192616,160.08999633789062,509663.1650089554,0.5351802761908493,1.8685292498399035,442657.366376259
2018-10-30 00:00:00+00:00,1.8378236295926669,162.00999450683594,521039.08086431894,0.5406416986158314,1.8496538512664353,442702.86171669216
2018-10-31 00:00:00+00:00,1.8133459515498407,168.5399932861328,559838.3060006928,0.5583939264484389,1.7908504241088627,442748.3617330352
2018-11-01 00:00:00+00:00,1.7802383959712553,168.77999877929688,561220.5117459239,0.5589765684112061,1.7889837544395222,442793.8664257689
2018-11-02 00:00:00+00:00,0.7632126015789694,168.22000122070312,539244.8604412616,1.3173330705934194,0.7591094631439941,0.0
2018-11-05 00:00:00+00:00,0.7603638700352409,167.0800018310547,536470.7904971805,1.3194982579457486,0.7578638273890886,0.0
2018-11-06 00:00:00+00:00,0.759911203255736,168.72000122070312,540461.558436572,1.3163926572805413,0.7596517607944133,0.0
2018-11-07 00:00:00+00:00,0.7612854583645412,171.8699951171875,548126.7409547579,1.3105938851408985,0.7630128686984471,0.0
2018-11-08 00:00:00+00:00,0.7668529151963006,173.6300048828125,552409.5416618836,1.3074455337291688,0.7648502168558751,0.0
2018-11-09 00:00:00+00:00,0.7657068409298515,170.16000366210938,543965.6546039744,1.3137151408893706,0.7612000264555154,0.0
2018-11-12 00:00:00+00:00,0.7626440706899925,166.17999267578125,534280.711827216,1.3212286188190103,0.7568712831045524,0.0
2018-11-13 00:00:00+00:00,0.7570372802799404,166.0,533842.7183716288,1.3215769248349065,0.7566718071480565,0.0
2018-11-14 00:00:00+00:00,0.757191996488744,164.25,529584.2753880419,1.325003162999053,0.7547151794993222,0.0
2018-11-15 00:00:00+00:00,0.7557812328791994,163.4600067138672,527661.9088929489,1.3265738855378735,0.7538215631272881,0.0
2018-11-16 00:00:00+00:00,0.7589680593587625,165.77999877929688,533307.368283238,1.3220036790666267,0.7564275469384694,0.0
2018-11-19 00:00:00+00:00,0.7583242399860712,161.5399932861328,522989.7559159614,1.3304554397748447,0.7516223167678819,0.0
2018-11-20 00:00:00+00:00,0.7522218173114139,157.1300048828125,512258.5078166365,1.339729955220243,0.746419079534283,0.0
2018-11-21 00:00:00+00:00,0.7488410455849334,159.22999572753906,517368.61711853504,1.3352494564776405,0.7489237274344066,0.0
2018-11-23 00:00:00+00:00,0.7502627891163643,159.08999633789062,517027.94316507515,1.335544476405777,0.7487582912185781,0.0
2018-11-26 00:00:00+00:00,0.7489001199029497,160.75999450683594,521091.7100137311,1.3320587916561826,0.7507176156667039,0.0
2018-11-27 00:00:00+00:00,0.7531727335884725,161.17999267578125,522113.7318741109,1.3311935224489906,0.7512055784047872,0.0
2018-11-28 00:00:00+00:00,0.7537988503688755,163.47000122070312,527686.2294858117,1.3265539189084794,0.7538329092742979,0.0
2018-11-29 00:00:00+00:00,0.7596301111482537,166.82000732421875,535838.1209066624,1.3199962065631954,0.7575779347151667,0.0
2018-11-30 00:00:00+00:00,0.7590333381601334,167.5399932861328,537590.1318596876,1.3186210556390947,0.758367990351353,0.0
2018-12-03 00:00:00+00:00,0.7603531015391972,169.50999450683594,542383.9249316652,1.3149181243141492,0.7605036249094156,0.0
2018-12-04 00:00:00+00:00,0.7634958549018033,165.52000427246094,532674.6986927199,1.3225094740495729,0.7561382505169986,0.0
2018-12-06 00:00:00+00:00,0.7563608484701057,161.77000427246094,523549.46372789104,1.3299855851687206,0.7518878483732897,0.0
2018-12-07 00:00:00+00:00,0.7576549651087519,160.86000061035156,521335.0644650636,1.3318523518590566,0.7508339784092112,0.0
2018-12-10 00:00:00+00:00,0.7514372859397901,159.41000366210938,517806.6477047984,1.3348708882520586,0.7491361215536328,0.0
2018-12-11 00:00:00+00:00,0.7533780027115522,162.22999572753906,524668.8050903982,1.3290499348360199,0.7524171769538377,0.0
2018-12-12 00:00:00+00:00,0.7539917320832553,164.9600067138672,531312.0028788804,1.323604312257263,0.7555127999655795,0.0
2018-12-13 00:00:00+00:00,0.7556135314315422,164.02999877929688,529048.9252996512,1.3254390655359323,0.7544669732483378,0.0
2018-12-14 00:00:00+00:00,0.7556694631869563,160.6999969482422,520945.71219520195,1.332182766249756,0.7506477529469264,0.0
2018-12-17 00:00:00+00:00,0.7510895802750435,156.1699981689453,509922.4313281428,1.3418183399403378,0.7452573647521197,0.0
2018-12-18 00:00:00+00:00,0.7467799283781815,157.0399932861328,512039.4739581668,1.3399246803668088,0.7463106058515518,0.0
2018-12-19 00:00:00+00:00,0.7479635316342699,153.33999633789062,503035.9162190042,1.348126847511889,0.7417699616661488,0.0
2018-12-20 00:00:00+00:00,0.74324796542982,150.38999938964844,495857.40547280735,1.3549555804191913,0.7380315742089668,0.0
2018-12-21 00:00:00+00:00,0.7404516361721517,146.72000122070312,486926.84664290934,1.3638343039698801,0.733226900869979,0.0
2018-12-24 00:00:00+00:00,0.7343553246444409,143.4600067138672,479762.33386456675,1.3743030601531678,0.7276415435533912,0.0
2018-12-26 00:00:00+00:00,0.7276967800984843,144.08999633789062,481295.34808979824,1.3726665340227642,0.7285090553416348,0.0
2018-12-27 00:00:00+00:00,0.7395316071992264,147.0800018310547,488571.21546879853,1.3650905551678931,0.7325521345190243,0.0
2018-12-28 00:00:00+00:00,0.7402749070268384,151.72000122070312,499862.1713800531,1.3539251192364683,0.738593283921004,0.0
2018-12-31 00:00:00+00:00,0.7401743663955191,152.7100067138672,502271.2467778113,1.3516306539309342,0.7398470855123844,0.0
2019-01-02 00:00:00+00:00,0.741786105814887,150.8800048828125,497818.1276592937,1.3558955314476626,0.7375199466380127,0.0
2019-01-03 00:00:00+00:00,0.7425536635566546,149.49000549316406,494435.7087175575,1.359204746467482,0.735724328949674,0.0
2019-01-04 00:00:00+00:00,0.7361528495626208,151.74000549316406,499910.8496964548,1.3538784603840914,0.7386187381371758,0.0
2019-01-07 00:00:00+00:00,0.7442092359421649,156.11000061035156,510544.77829365234,1.3439723228021936,0.7440629416497146,0.0
2019-01-08 00:00:00+00:00,0.7464556902496193,157.1999969482422,513197.17101206706,1.3415872809480671,0.745385718992002,0.0
2019-01-09 00:00:00+00:00,0.7481561619944123,159.47000122070312,518720.99030736607,1.3367248956640958,0.7480970865760617,0.0
2019-01-10 00:00:00+00:00,0.7496823671618225,158.6999969482422,516847.2649979986,1.3383586676445065,0.7471838634706096,0.0
2019-01-11 00:00:00+00:00,0.7502179765272597,159.7899932861328,519499.6577164132,1.3360505775004283,0.7484746586995726,0.0
2019-01-14 00:00:00+00:00,0.7495305742112585,158.58999633789062,516579.5899538032,1.3385933587398977,0.7470528622234933,0.0
2019-01-15 00:00:00+00:00,0.7478605255594317,159.91000366210938,519791.6904841475,1.335798375916854,0.7486159723121601,0.0
2019-01-16 00:00:00+00:00,0.7514895652828445,162.2899932861328,525583.1476929658,1.3308738785140044,0.7513859999390449,0.0
2019-01-17 00:00:00+00:00,0.7514550589414158,161.57000732421875,523831.13673994073,1.33234831397167,0.7505544830233208,0.0
2019-01-18 00:00:00+00:00,0.7529189196375049,163.82000732421875,529306.277718838,1.327783647429101,0.7531347459627428,0.0
2019-01-22 00:00:00+00:00,0.7547470752823344,160.75999450683594,521860.0547977697,1.3340228997103576,0.749612319411548,0.0
2019-01-23 00:00:00+00:00,0.7509824865657706,160.32000732421875,520789.3917516644,1.3349396024789395,0.7490975607758078,0.0
2019-01-24 00:00:00+00:00,0.7512247481010448,162.05999755859375,525023.4770117123,1.3313434550878593,0.7511209794725787,0.0
2019-01-25 00:00:00+00:00,0.7524290715896027,163.9499969482422,529622.5939487589,1.3275237604276768,0.7532821858328461,0.0
2019-01-28 00:00:00+00:00,0.7546350027758041,161.75,524269.13019552786,1.3319784823653444,0.750762878859865,0.0
2019-01-29 00:00:00+00:00,0.7523263054267341,160.99000549316406,522419.7626096994,1.3335456717210596,0.7498805786752026,0.0
2019-01-30 00:00:00+00:00,0.7505544830233208,162.88999938964844,527043.2001396089,1.3296551029762418,0.7520747280716961,0.0
2019-01-31 00:00:00+00:00,0.7552277852707272,166.47000122070312,535754.7622417132,1.3225657423489965,0.7561060807638261,0.0
2019-02-01 00:00:00+00:00,0.757963945726152,166.99000549316406,537020.1385534256,1.3215612776585761,0.7566807660797313,0.0
2019-02-04 00:00:00+00:00,0.9666424410011757,167.3300018310547,537541.8696907079,1.0345334312267378,0.9666193182507514,0.0
2019-02-05 00:00:00+00:00,0.9670382221101803,169.69000244140625,544870.2174045823,1.034053150022188,0.9670682788196552,0.0
2019-02-06 00:00:00+00:00,0.9673178617938926,169.75,545056.523700195,1.0340411140524457,0.9670795352430067,0.0
2019-02-07 00:00:00+00:00,0.9672233192281431,166.9499969482422,536361.8666424014,1.0346120348369583,0.9665458803188842,0.0
2019-02-08 00:00:00+00:00,0.9667919673694958,166.57000732421875,535181.9109761639,1.0346909939143796,0.9664721215141355,0.0
2019-02-11 00:00:00+00:00,0.9668548261932229,167.97999572753906,539560.2510692719,1.0343998050802146,0.9667441883580528,0.0
2019-02-12 00:00:00+00:00,0.9668243784053947,169.3300018310547,543752.3322488365,1.0341255480299825,0.9670005754185341,0.0
2019-02-13 00:00:00+00:00,0.9672919631194935,170.82000732421875,548379.143912187,1.0338278823477334,0.9672789997974196,0.0
2019-02-14 00:00:00+00:00,0.9673141636885586,169.8300018310547,545304.9478883685,1.0340250783024252,0.9670945327957764,0.0
2019-02-15 00:00:00+00:00,0.9673529450671383,171.13999938964844,549372.7932828115,1.0337646320615341,0.9673381821989783,0.0
2019-02-19 00:00:00+00:00,0.967485209979593,171.3800048828125,550118.0658473319,1.0337173470986531,0.967382430803461,0.0
2019-02-20 00:00:00+00:00,0.9675472958160285,171.32000732421875,549931.7595517191,1.03372915516789,0.9673713805988068,0.0
2019-02-21 00:00:00+00:00,0.9675418273566266,170.7100067138672,548037.566576207,1.0338496800605728,0.967258605662489,0.0
2019-02-22 00:00:00+00:00,0.9674265568767562,171.89999389648438,551732.7519973555,1.0336153537846102,0.9674778884993082,0.0
2019-02-25 00:00:00+00:00,0.9676580941478102,173.39999389648438,556390.5989159519,1.0333245635167223,0.9677501487012866,0.0
2019-02-26 00:00:00+00:00,0.9677717345881637,172.80999755859375,554558.5238330005,1.0334383380130734,0.9676436060255291,0.0
2019-02-27 00:00:00+00:00,0.9678040551864586,171.75999450683594,551298.0215135693,1.0336427532324628,0.9674522429270138,0.0
2019-02-28 00:00:00+00:00,0.9677843105040583,172.6999969482422,554216.9464970207,1.0334596364360935,0.9676236639957417,0.0
2019-03-01 00:00:00+00:00,0.9677123085568011,173.17999267578125,555707.4442439921,1.033366897764113,0.9677105025946653,0.0
2019-03-04 00:00:00+00:00,1.7527415424176391,172.47000122070312,547764.8720315073,0.5657067692193869,1.7677002546387948,420519.23174077494
2019-03-05 00:00:00+00:00,1.7526575335675625,173.69000244140625,554568.6680178988,0.5687105335178922,1.758363773947118,420564.7879908802
2019-03-06 00:00:00+00:00,1.751818233360091,173.27999877929688,552221.2570864956,0.5676432113548664,1.7616699715533857,420610.3491762459
2019-03-07 00:00:00+00:00,1.759507927371704,170.7899932861328,538196.2584827486,0.56129221291847,1.7816031952420017,420655.9152974066
2019-03-08 00:00:00+00:00,1.7764196767237326,169.33999633789062,530010.0891440266,0.5574877836802216,1.7937612792132611,420701.4863548972
2019-03-11 00:00:00+00:00,1.778667135918267,171.85000610351562,544056.2539693273,0.5639037975587546,1.7733521290851166,420747.0623492523
2019-03-12 00:00:00+00:00,1.7510320952411143,174.77000427246094,560404.1779371051,0.5711434911105688,1.7508734942519164,420792.6432810068
2019-03-13 00:00:00+00:00,1.7440161305288118,176.35000610351562,569229.0660403573,0.5749397730893772,1.7393126146528484,420838.22915069555
2019-03-14 00:00:00+00:00,1.7345312840954108,176.66000366210938,570923.8689590506,0.5756396883572742,1.7371977996405001,420883.81995885354
2019-03-15 00:00:00+00:00,1.7368354915077093,177.27999877929688,574359.0606655909,0.5770779771905497,1.732868069005868,420929.4157060158
2019-03-18 00:00:00+00:00,1.7252823004381812,177.58999633789062,577418.1085648544,0.5791388051860861,1.7267017700164038,419610.76153360365
2019-03-19 00:00:00+00:00,1.7206756545820494,178.2899932861328,581302.585868174,0.5807457637900678,1.7219238819303506,419656.2193661031
2019-03-20 00:00:00+00:00,1.7166634499492117,178.24000549316406,580976.480767644,0.5805827510907895,1.7224073538547537,419701.68212320114
2019-03-21 00:00:00+00:00,1.7119500279170337,179.1999969482422,586320.4973546909,0.5827842999091748,1.7159007203108372,419747.2663892317
2019-03-22 00:00:00+00:00,1.6935214813189283,178.3699951171875,581615.0973101739,0.5807973619705534,1.7217709057891695,419792.8556062201
2019-03-25 00:00:00+00:00,1.720449560482032,176.92999267578125,573485.0161959127,0.5773396439754268,1.7320826837981054,419838.44977470394
2019-03-26 00:00:00+00:00,1.722952707793125,178.13999938964844,580232.7745982294,0.5801650653484067,1.7236473888676316,419883.9322734296
2019-03-27 00:00:00+00:00,1.717331275943804,176.60000610351562,571541.4298734311,0.5764581279617663,1.734731373353669,419929.41969942587
2019-03-28 00:00:00+00:00,1.7254673705704708,177.24000549316406,575088.9166633412,0.5779416683147784,1.730278425703242,419975.0287002876
2019-03-29 00:00:00+00:00,1.7227290626015441,178.58999633789062,582622.4449708806,0.5810865822159801,1.7209139405464997,420020.64265479374
2019-04-01 00:00:00+00:00,1.713556661308669,180.77000427246094,594815.6314731261,0.5860933166632443,1.7062129383989837,420066.4949082835
2019-04-02 00:00:00+00:00,1.6978479064008674,181.77999877929688,600440.3364470438,0.5883483336517374,1.699673378512418,420112.1187970361
2019-04-03 00:00:00+00:00,1.693513157535367,183.2100067138672,608423.083213353,0.5915170348916177,1.6905683877442814,420157.7476410499
2019-04-04 00:00:00+00:00,1.6869552806904788,182.64999389648438,605233.4156387234,0.5902201065559673,1.6942831816339952,420203.38144086313
2019-04-05 00:00:00+00:00,1.6875229025650054,184.02000427246094,612879.3131478482,0.5932267012400934,1.685696206710823,420249.02019701403
2019-04-08 00:00:00+00:00,1.6816996415469043,183.6300048828125,610644.1280258533,0.5923185089186402,1.6882808572462793,420294.66391004104
2019-04-09 00:00:00+00:00,1.6789179738254993,184.08999633789062,613180.9714448814,0.5932930273643336,1.6855077573428363,420340.31258048234
2019-04-10 00:00:00+00:00,1.6830686615631085,184.52000427246094,615549.4758995939,0.5941967528852451,1.682944235464589,420385.9662088765
2019-04-11 00:00:00+00:00,1.6770776291573537,184.69000244140625,616458.2240123958,0.594526240874069,1.682011543392611,420431.624795762
2019-04-12 00:00:00+00:00,1.6799062682181691,185.05999755859375,618489.7935383793,0.5952929638725366,1.679845153039838,420477.28834167734
2019-04-15 00:00:00+00:00,1.6751263171807242,184.6199951171875,615973.8556143343,0.5942843703990811,1.6826961128532922,420522.9568471612
2019-04-16 00:00:00+00:00,1.675066593442259,185.92999267578125,623282.793402811,0.5970991457618092,1.674763742500669,420568.63031275204
2019-04-17 00:00:00+00:00,1.671316973628916,186.60000610351562,626998.7161060307,0.5985022152610091,1.6708375917437435,420614.3087389888
2019-04-18 00:00:00+00:00,1.6675501389506169,186.2899932861328,625212.4364882893,0.5977902749307599,1.6728274813701627,420660.1089637182
2019-04-22 00:00:00+00:00,1.6662464849719851,186.42999267578125,625952.5014535575,0.5980484389411065,1.672105359509978,420706.03102561337
2019-04-23 00:00:00+00:00,1.663241811071213,188.1300048828125,635450.6958449141,0.601637027858363,1.6621317400620814,420752.0749634534
2019-04-24 00:00:00+00:00,1.6496198845475314,189.64999389648438,643938.1958295539,0.6047865409236665,1.653475949502348,420798.12394054665
2019-04-25 00:00:00+00:00,1.6531342128987012,189.4499969482422,642769.3154404447,0.6043260257887588,1.654735949349215,420844.1779574446
2019-04-26 00:00:00+00:00,1.6488981742237205,188.58999633789062,637895.025883138,0.6024781872551328,1.6598111286915813,420890.2370146988
2019-04-29 00:00:00+00:00,1.6480615317542042,190.33999633789062,647673.8424576046,0.6060899256426496,1.6499201812993005,420936.30111286097
2019-04-30 00:00:00+00:00,1.6461116770161737,188.2100067138672,635669.4313112511,0.6015882999761721,1.6622663706052931,420982.48717923305
2019-05-01 00:00:00+00:00,1.654577435505995,188.8000030517578,638935.60795842,0.6027897507809657,1.6589532232497555,421028.67831324297
2019-05-02 00:00:00+00:00,1.6582014278718178,186.8699951171875,628053.9273822855,0.5986432993224671,1.670443820438282,421074.8745154468
2019-05-03 00:00:00+00:00,1.6630937610065748,189.3300018310547,641819.2067823661,0.6038151905701302,1.6561358767005958,421120.60792542883
2019-05-06 00:00:00+00:00,1.6460762923701346,186.75999450683594,627345.0052184709,0.5983197743149106,1.671347067118118,421166.22932462086
2019-05-07 00:00:00+00:00,1.6527702482404971,184.50999450683594,614667.3894407244,0.5933774543164236,1.6852679398680717,421211.85566613096
2019-05-08 00:00:00+00:00,1.6746081291218045,184.9600067138672,617148.2245765367,0.5943228332873738,1.6825872135329327,421257.4869504948
2019-05-09 00:00:00+00:00,1.6775943095795136,182.08999633789062,600989.8428086521,0.5878842284905205,1.701015185536866,421303.00616227917
2019-05-10 00:00:00+00:00,1.6838934944985362,181.02999877929688,594993.3788346132,0.5854264613147488,1.7081564740927548,421348.41326405446
2019-05-13 00:00:00+00:00,1.6825867752525474,178.05999755859375,578273.7339298363,0.5784660396488793,1.7287099526309027,421393.82525970624
2019-05-14 00:00:00+00:00,1.7250495373397512,178.86000061035156,582719.7081947858,0.5803062433440868,1.7232280566849945,421439.242149762
2019-05-15 00:00:00+00:00,1.7117084137594873,179.30999755859375,585200.6671638135,0.5813143880076241,1.7202395478759158,421484.66393474926
2019-05-16 00:00:00+00:00,1.6950347845876048,182.9499969482422,605590.7546976412,0.5896001618519497,1.696064663311783,421530.32477334223
2019-05-17 00:00:00+00:00,1.6835181144827844,182.8800048828125,605152.2553237132,0.5893987301551789,1.6966443068798547,421575.87346676906
2019-05-20 00:00:00+00:00,1.6956118306940247,179.33999633789062,585232.3236891011,0.5812485907123138,1.7204342788590867,421621.4270819853
2019-05-21 00:00:00+00:00,1.716242951701874,180.9199981689453,594057.2391245046,0.5848607571353464,1.7098086814680638,421666.9856195228
2019-05-22 00:00:00+00:00,1.703756298810755,180.75,593057.2689644266,0.5844254119691538,1.711082337488741,421712.54907991335
2019-05-23 00:00:00+00:00,1.7092694348397477,177.13999938964844,572744.4890231288,0.5759105634825219,1.7363807219527563,421758.0003213142
2019-05-24 00:00:00+00:00,1.7284547214287544,177.94000244140625,577190.4240380991,0.5777717314439725,1.7307873431273464,421803.45646134886
2019-05-28 00:00:00+00:00,1.729226864343258,177.47000122070312,574506.2739078182,0.5766078993333138,1.7342807844918897,421848.91750054527
2019-05-29 00:00:00+00:00,1.734137270417691,175.08999633789062,561098.8256607312,0.5708063428913526,1.751907652137531,421894.50061968627
2019-05-30 00:00:00+00:00,1.7449015296848704,175.77000427246094,564870.9500809915,0.572420582971175,1.746967229601449,421940.0886643366
2019-05-31 00:00:00+00:00,1.7396162295215227,173.8699951171875,554158.2924088923,0.5677013915407918,1.761489428951216,421985.68163502833
2019-06-03 00:00:00+00:00,1.760872738320608,169.27000427246094,528287.2280678835,0.5559053713893312,1.798867309917833,422031.39675053884
2019-06-04 00:00:00+00:00,1.2602839975394546,171.3699951171875,535544.3502072975,0.7949563008195171,1.2579307805587607,138133.37227280255
2019-06-05 00:00:00+00:00,1.2513981463437354,174.3800048828125,547362.2020764884,0.798473885334842,1.2523891117373833,138148.25998070303
2019-06-06 00:00:00+00:00,1.2491149962509545,175.72999572753906,552654.3022228405,0.8000004936326279,1.2499992286994948,138163.14929316763
2019-06-07 00:00:00+00:00,1.2467001532864783,178.3300018310547,562860.4115805264,0.8028952491217317,1.245492486216448,138178.00183171663
2019-06-10 00:00:00+00:00,1.2409323302114563,182.2100067138672,578098.3608948329,0.8070716871660504,1.2390473063321024,138192.85596691354
2019-06-11 00:00:00+00:00,1.2375290179505551,182.77999877929688,580324.2180496191,0.8076526512227565,1.2381560296818648,138207.71169893
2019-06-12 00:00:00+00:00,1.2371599905515005,182.0,577243.0841485976,0.8068075407753609,1.239452966737243,138222.56902793763
2019-06-13 00:00:00+00:00,1.23889980936378,182.74000549316406,580137.2829890251,0.8075691893822096,1.2382839924403257,138237.42795410816
2019-06-14 00:00:00+00:00,1.2371910703728877,181.94000244140625,576977.5064986567,0.8067022802340048,1.239614693675992,138252.2884776132
2019-06-17 00:00:00+00:00,1.2384773237118838,182.83999633789062,580500.6757536031,0.8076331264234986,1.2381859625153984,138267.1121952111
2019-06-18 00:00:00+00:00,1.2367430538390969,185.42999267578125,590667.3858381801,0.8102995704670202,1.2341114773436757,138282.01431730326
2019-06-19 00:00:00+00:00,1.232594410806374,185.57000732421875,591202.9363013036,0.8104223241556824,1.233924547971731,138296.87963384236
2019-06-20 00:00:00+00:00,1.2315534424128465,187.16000366210938,597438.5516309037,0.8120126530826148,1.2315079034836902,138311.746548403
2019-06-21 00:00:00+00:00,1.2289618088717045,188.1699981689453,601394.1027859414,0.8130015670458087,1.2300099292965505,138326.61506115695
2019-06-24 00:00:00+00:00,1.2294100820519058,188.05999755859375,602173.2801038178,0.8145310663118976,1.227700257680636,137115.01104803314
2019-06-25 00:00:00+00:00,1.227551697469879,184.64999389648438,588753.3345842455,0.8110855803861994,1.2329155198688762,137129.78899922388
2019-06-26 00:00:00+00:00,1.232480882157988,185.49000549316406,592040.7497968822,0.8119208312430716,1.2316471773103475,137144.56854314936
2019-06-27 00:00:00+00:00,1.2311866746083195,185.99000549316406,593991.5336413044,0.8124062313144877,1.230911287302637,137159.34967998124
2019-06-28 00:00:00+00:00,1.2301345316282914,186.07000732421875,594291.248506509,0.8124666785487022,1.2308197079371745,137174.1324098912
2019-07-01 00:00:00+00:00,1.229801247730103,188.3800048828125,603357.2885914071,0.8147462267219326,1.2273760432416132,137188.99294090227
2019-07-02 00:00:00+00:00,1.2260798129242336,188.66000366210938,604443.1761493186,0.8150011821716063,1.2269920852574179,137203.8169737506
2019-07-03 00:00:00+00:00,1.2250164488875706,190.2899932861328,610836.0134520561,0.8165659786783981,1.2246407836124737,137218.68072058941
2019-07-05 00:00:00+00:00,1.2229904176186353,189.38999938964844,607283.1170061335,0.8156742703383847,1.2259795807769531,137233.58419396766
2019-07-08 00:00:00+00:00,1.2235770855641026,188.92999267578125,605459.827617794,0.815205354190495,1.2266847793130695,137248.5274064688
2019-07-09 00:00:00+00:00,1.2255425246879013,188.64999389648438,604344.2093119744,0.8149109770686491,1.2271279049364907,137263.4341215288
2019-07-10 00:00:00+00:00,1.2241966051514912,191.47000122070312,615415.1162646089,0.8176171974590676,1.2230662504503682,137278.34245562364
2019-07-11 00:00:00+00:00,1.2215238583644976,191.80999755859375,616736.7761023284,0.8179207097627155,1.2226123975881562,137293.25240892923
2019-07-12 00:00:00+00:00,1.2217501900296668,192.4499969482422,619237.8234432848,0.8185065613346422,1.221737304548198,137308.12584460687
2019-07-15 00:00:00+00:00,1.2202273783276518,193.44000244140625,623114.8649358356,0.8194159647281261,1.2203813972940958,137322.92460928124
2019-07-16 00:00:00+00:00,1.2193986623764579,192.55999755859375,619640.5747236916,0.8185710376718788,1.2216410720371056,137337.80125944724
2019-07-17 00:00:00+00:00,1.22081454977447,192.17999267578125,618131.8097317759,0.8181925470493754,1.2222061953586252,137352.71767063957
2019-07-18 00:00:00+00:00,1.2221779296430273,190.69000244140625,612259.5464462987,0.8167520615937867,1.224361770264318,137367.6357019199
2019-07-19 00:00:00+00:00,1.2218969896062897,190.80999755859375,612716.343195285,0.8168474108957304,1.2242188524579272,137382.55535346418
2019-07-22 00:00:00+00:00,1.2239315121725058,191.44000244140625,615178.0529946516,0.8174303160045522,1.2233458686580339,137397.4766254484
2019-07-23 00:00:00+00:00,1.2218009521510573,192.2899932861328,618504.5927455798,0.8182176486356073,1.2221687000610633,137412.36135208287
2019-07-24 00:00:00+00:00,1.2200705925200614,193.02999877929688,621398.7641730311,0.8188949172240387,1.2211579031286297,137427.24769122934
2019-07-25 00:00:00+00:00,1.2182310666941407,192.92999267578125,620990.7392312341,0.8187814107268988,1.2213271905040184,137442.13564306256
2019-07-26 00:00:00+00:00,1.220809982919186,194.42999267578125,626872.5446103021,0.8201600060554016,1.2192742789416755,137457.02520775722
2019-07-29 00:00:00+00:00,1.2180980585304926,193.38999938964844,622769.304664647,0.8191732931876602,1.2207429225490085,137471.91638548806
2019-07-30 00:00:00+00:00,1.2190422461293415,192.99000549316406,621181.9838824149,0.8187788789596808,1.2213309670012178,137486.80917642982
2019-07-31 00:00:00+00:00,1.2202299391382327,189.32000732421875,606739.8879045758,0.8152459174292341,1.2266237445915245,137501.66538997693
2019-08-01 00:00:00+00:00,1.2240399379927553,189.22999572753906,606371.1446061444,0.8151380103573017,1.2267861236917013,137516.5614037275
2019-08-02 00:00:00+00:00,1.7518378828928072,186.2100067138672,587182.9042940927,0.5617040062568298,1.7802970761486197,458177.10338513524
2019-08-05 00:00:00+00:00,1.7718841667054708,179.1999969482422,547783.2473965201,0.5445125361548417,1.836505008794935,458223.43018114415
2019-08-06 00:00:00+00:00,1.8235911253670751,181.07000732421875,558235.0507754723,0.5491711537873802,1.8209259410357974,458269.6343770208
2019-08-07 00:00:00+00:00,1.803235835946167,179.88999938964844,551564.4229363617,0.5461681363763831,1.8309380086407419,458315.8432318205
2019-08-08 00:00:00+00:00,1.7956306931155996,184.57000732421875,577791.3239724884,0.5576311439179268,1.7933001248351756,458361.9294360565
2019-08-09 00:00:00+00:00,1.7658429148105306,185.02999877929688,580327.5684204011,0.5586865172777348,1.7899125342645041,458408.0202745165
2019-08-12 00:00:00+00:00,1.7789115221113583,183.5,571692.2485339107,0.5549621571810412,1.8019246665025799,458454.11574766634
2019-08-13 00:00:00+00:00,1.7952865291815432,184.02000427246094,574565.3882658584,0.556175121863896,1.7979948413527105,458500.2158559721
2019-08-14 00:00:00+00:00,1.7653175515276973,182.4199981689453,565537.046626209,0.5522373126301771,1.8108157075392717,458546.3205998998
2019-08-15 00:00:00+00:00,1.808088394962892,181.16000366210938,558417.4835119599,0.549077719011262,1.8212358021023418,458592.4299799157
2019-08-16 00:00:00+00:00,1.8099180662277552,184.10000610351562,574876.0531494407,0.5562340230898615,1.7978044464900462,458638.67138327204
2019-08-19 00:00:00+00:00,1.7871961070881022,187.5,593916.9534106187,0.5642370300229647,1.7723048059417503,458684.9174493032
2019-08-20 00:00:00+00:00,1.7655749712269688,186.9199981689453,590614.6439482676,0.5628408072180205,1.7767013108781975,458731.1681784793
2019-08-21 00:00:00+00:00,1.7763323308680634,187.9600067138672,596406.8682359834,0.5652158327854699,1.7692356476849689,458777.42357127066
2019-08-22 00:00:00+00:00,1.7644148052730613,186.5399932861328,588388.9554003229,0.5618620374452893,1.7797963438620357,458823.5561899742
2019-08-23 00:00:00+00:00,1.768938221251131,181.55999755859375,560385.7364377575,0.5497991180687701,1.818846133316128,458869.69344756886
2019-08-26 00:00:00+00:00,1.8146837379224494,183.0800018310547,568872.711025645,0.5534919736503476,1.8067109327798867,458915.8353445211
2019-08-27 00:00:00+00:00,1.7930926512041312,183.7100067138672,572363.334186465,0.5549784585612347,1.801871738576071,458961.9818812974
2019-08-28 00:00:00+00:00,1.7962487930469322,182.91000366210938,567826.0645615371,0.5529870994535445,1.808360449978288,459008.1330583644
2019-08-29 00:00:00+00:00,1.791305641828561,186.67999267578125,588944.1620179123,0.5619704509252413,1.7794529914403443,459054.28887618857
2019-08-30 00:00:00+00:00,1.7703475903339083,186.41000366210938,587382.3165407166,0.5612919158291643,1.7816041382366206,459100.4493352367
2019-09-03 00:00:00+00:00,1.7737652211987647,185.02999877929688,579588.8467310392,0.5579753433299067,1.7921938880527615,459146.74196387804
2019-09-04 00:00:00+00:00,0.9189224487822442,186.89999389648438,570786.7056000566,1.0876410181202625,0.9194210068762119,0.0
2019-09-05 00:00:00+00:00,0.9199838935889753,190.33999633789062,580445.82946011,1.0860570876689566,0.9207619114629932,0.0
2019-09-06 00:00:00+00:00,0.9213100618456166,191.1699981689453,582776.3773672073,1.0856834540390743,0.921078788001875,0.0
2019-09-09 00:00:00+00:00,0.9212381703563438,190.22000122070312,580108.8972284452,1.0861113744434987,0.9207158893003763,0.0
2019-09-10 00:00:00+00:00,0.9210863939208654,188.91000366210938,576430.5775497964,1.0867085142884054,0.9202099614125286,0.0
2019-09-11 00:00:00+00:00,0.9208767392878575,190.55999755859375,581063.5671147571,1.0859577348951326,0.9208461506990111,0.0
2019-09-12 00:00:00+00:00,0.9215550115865548,192.97000122070312,587830.5750666413,1.0848842081574352,0.9217573566661068,0.0
2019-09-13 00:00:00+00:00,0.9218544066523601,192.2899932861328,585921.1924491255,1.0851843898469782,0.9215023818588194,0.0
2019-09-16 00:00:00+00:00,0.9215963144417814,191.11000061035156,582607.9112513749,1.0857103537200843,0.9210559672509285,0.0
2019-09-17 00:00:00+00:00,0.9212722387639196,191.2899932861328,583113.3095988723,1.085629705299102,0.9211243899451792,0.0
2019-09-18 00:00:00+00:00,0.9216188296276608,190.11000061035156,579800.0284011217,1.0861611998273113,0.9206736533757512,0.0
2019-09-19 00:00:00+00:00,0.9215888122325085,192.47000122070312,586426.6336415147,1.085104720984419,0.921570038966183,0.0
2019-09-20 00:00:00+00:00,0.9217087383661633,190.16000366210938,579940.4311126128,1.0861385435228754,0.9206928581656938,0.0
2019-09-23 00:00:00+00:00,0.9209378455955288,189.72000122070312,579513.6260641916,1.0878563443206422,0.9192390201341264,0.0
2019-09-24 00:00:00+00:00,0.9195430894573539,187.14999389648438,572297.3465734925,1.0890628175012291,0.9182206792207112,0.0
2019-09-25 00:00:00+00:00,0.9185483779225844,186.2100067138672,569657.9726839641,1.089512406158554,0.9178417743087843,0.0
2019-09-26 00:00:00+00:00,0.9193796453731395,187.97999572753906,574627.8944805898,1.0886695719257156,0.9185523558182392,0.0
2019-09-27 00:00:00+00:00,0.9191057578716662,185.75,568366.3277210951,1.0897340821090644,0.9176550650454158,0.0
2019-09-30 00:00:00+00:00,0.9181725044023789,187.39999389648438,572999.3172860559,1.0889440037066693,0.9183208655321928,0.0
2019-10-01 00:00:00+00:00,0.9188813528875953,186.9600067138672,571763.884821654,1.089153322385511,0.9181443782494795,0.0
2019-10-02 00:00:00+00:00,1.7529159096939966,183.02000427246094,548898.9619822286,0.5604626107845093,1.7842403413855688,430468.7093311273
2019-10-03 00:00:00+00:00,1.7764438081549798,181.82000732421875,542437.5396573779,0.5575205291773794,1.7936559241603147,430508.7668360235
2019-10-04 00:00:00+00:00,1.7617198400832852,186.8800048828125,569474.5283828438,0.5694613639851575,1.7560453847156243,430548.5888969558
2019-10-07 00:00:00+00:00,1.7425783846114449,187.91000366210938,574946.5011904363,0.5717818054066104,1.7489188892411003,430588.29504459846
2019-10-08 00:00:00+00:00,1.7466257044408846,185.27000427246094,560779.7561162713,0.5656398690761003,1.7679093265355763,430628.0048540304
2019-10-09 00:00:00+00:00,1.766811794395949,186.42999267578125,566947.3157011545,0.5683026982991077,1.7596256413931055,430667.71832558914
2019-10-10 00:00:00+00:00,1.7539328039460924,187.1199951171875,570599.9057929276,0.5698549109598672,1.7548326438313813,430707.43545961246
2019-10-11 00:00:00+00:00,1.7439487957552924,190.72000122070312,589824.3611080489,0.5779353539389429,1.7302973302886864,430747.15625643823
2019-10-14 00:00:00+00:00,1.727722466810776,190.64999389648438,589410.016887978,0.5777414323372534,1.7308781126437465,430786.88071640406
2019-10-15 00:00:00+00:00,1.7279700864738208,191.55999755859375,594239.8557333989,0.5797086103882946,1.725004566225418,430826.60883984796
2019-10-16 00:00:00+00:00,1.7124302227256278,192.42999267578125,598854.6417590275,0.5815692747964439,1.719485611322936,430867.2980195717
2019-10-17 00:00:00+00:00,1.715585137531729,192.80999755859375,600847.4122293878,0.5823545099198761,1.7171670914639023,430907.99104216247
2019-10-18 00:00:00+00:00,1.7124715521651774,190.7100067138672,589569.9458249889,0.5777163415644697,1.7309532863342172,430948.08942466223
2019-10-21 00:00:00+00:00,1.7245089263968225,192.13999938964844,597181.9503889704,0.5808201639365193,1.7217033121275986,430988.19153853925
2019-10-22 00:00:00+00:00,1.7137091708294803,191.7899932861328,595268.9090470105,0.5800161057799234,1.7240900554913763,431028.2973841408
2019-10-23 00:00:00+00:00,1.7236996316139548,191.14999389648438,591804.0661218893,0.5785707228367861,1.7283971700069904,431068.40696181403
2019-10-24 00:00:00+00:00,1.7214173759774631,192.74000549316406,600272.3448916224,0.5820084172265959,1.7181882089699498,431108.52027190634
2019-10-25 00:00:00+00:00,1.7096479188536284,193.0500030517578,601891.0715816097,0.5826407895052039,1.7163233642622757,431148.637314765
2019-10-28 00:00:00+00:00,1.700200185351972,196.5500030517578,620580.2186879073,0.5900348590979659,1.6948151191080152,431188.5185637166
2019-10-29 00:00:00+00:00,1.6887572836881612,196.00999450683594,617650.6665071062,0.5888673767719763,1.6981752419054863,431228.40350168373
2019-10-30 00:00:00+00:00,1.6979938326434807,195.2899932861328,613758.0624430606,0.5873135448781441,1.702668036044495,431268.1723433399
2019-10-31 00:00:00+00:00,1.6924053173020928,195.94000244140625,617196.5870482012,0.5886446536662308,1.698817773629204,431307.94485256716
2019-11-01 00:00:00+00:00,1.6919783296002247,197.6300048828125,626203.1444418033,0.5921274025506392,1.68882574204878,431344.8456434045
2019-11-04 00:00:00+00:00,1.6816033355091007,198.8699951171875,632801.7352432942,0.5946359960564019,1.681701085423609,431381.6297732969
2019-11-05 00:00:00+00:00,1.6746834853951102,199.5500030517578,636403.8929157241,0.5959830192700017,1.6779001543112153,431418.29721182754
2019-11-06 00:00:00+00:00,1.6741588506322913,198.7899932861328,632300.295374559,0.5944039172197844,1.682357688148014,431454.96776709054
2019-11-07 00:00:00+00:00,1.676801747847446,199.85000610351562,637936.0301548126,0.5965210351215925,1.6763868181046857,431491.5215907486
2019-11-08 00:00:00+00:00,1.6731120888414615,199.5399932861328,636240.5478493042,0.5958599383256443,1.678246741692321,431528.07851132785
2019-11-11 00:00:00+00:00,1.6687413208390638,199.94000244140625,638344.4972062481,0.5966343083588307,1.6760685498470786,431564.6385290906
2019-11-12 00:00:00+00:00,1.6703368011967676,200.82000732421875,643016.9730633118,0.5983678558556558,1.6712127668857097,431601.2016442993
2019-11-13 00:00:00+00:00,1.6672150262625527,200.7100067138672,642391.7769788607,0.5981136925585275,1.6719229344547173,431637.7678572164
2019-11-14 00:00:00+00:00,1.6670333457815867,200.22000122070312,639733.114303488,0.5970960099491619,1.6747725379795158,431674.3371681043
2019-11-15 00:00:00+00:00,1.6680114809184956,202.0,649221.5840685838,0.6006125154762118,1.6649669699392182,431710.9095772255
2019-11-18 00:00:00+00:00,1.6600164348539075,201.77000427246094,647954.2667030625,0.6001233818784668,1.6663240096892502,431747.4850848425
2019-11-19 00:00:00+00:00,1.6592462649029656,202.58999633789062,652305.5894236907,0.6017081590525515,1.6619352504287095,431784.06369121774
2019-11-20 00:00:00+00:00,1.6577266714730459,200.6199951171875,641727.2337976019,0.5977630306337803,1.672903723971933,431820.6453966138
2019-11-21 00:00:00+00:00,1.6644268641728779,201.07000732421875,644098.7322459784,0.5986292699015024,1.6704829688072864,431857.23020129325
2019-11-22 00:00:00+00:00,1.6669919775159094,200.74000549316406,642296.254727151,0.5979353849672038,1.672421510987929,431893.81810551864
2019-11-25 00:00:00+00:00,1.6663701593130529,202.6699981689453,652587.3458802972,0.6017304399838109,1.6618737121341314,431930.40910955257
2019-11-26 00:00:00+00:00,1.6535669610365529,204.0500030517578,659935.3662277854,0.604390451653083,1.654559560404827,431967.0032136577
2019-11-27 00:00:00+00:00,1.6516007746075754,204.88999938964844,664393.7162321063,0.605978969614786,1.6502222851655868,432003.60041809664
2019-11-29 00:00:00+00:00,1.644255024135347,205.0,664945.745798605,0.6061570322819344,1.64973752137364,432040.20072313206
2019-12-02 00:00:00+00:00,1.6492150336803453,201.77999877929688,647678.3097625475,0.5998380831380968,1.6671165571355973,432076.9241401935
2019-12-03 00:00:00+00:00,1.6604593175587827,199.22999572753906,633996.1319490405,0.5946818444779148,1.6815714306494822,432113.65067874535
2019-12-04 00:00:00+00:00,1.6692570764579182,202.13999938964844,649531.3912064523,0.6004829519825539,1.6653262123402521,432150.2603074835
2019-12-05 00:00:00+00:00,1.663740467532315,201.83999633789062,647889.4168580556,0.5998552351524028,1.6670688882892455,432186.8730378707
2019-12-06 00:00:00+00:00,1.6616586311921304,204.14999389648438,660213.9466758876,0.6043494347535593,1.6546718545501389,432223.48887016973
2019-12-09 00:00:00+00:00,1.6501923866114563,203.97999572753906,659267.6418766947,0.6039861488351186,1.655667107480289,432260.10780464346
2019-12-10 00:00:00+00:00,1.6551884221454611,203.44000244140625,656341.4342490333,0.6029013641987456,1.6586461059496813,432296.72984155465
2019-12-11 00:00:00+00:00,1.6561852081302177,204.0399932861328,659515.450693357,0.6040355104715446,1.6555318067630542,432333.35498116625
2019-12-12 00:00:00+00:00,1.650569938818206,204.49000549316406,661886.9057038383,0.6048734190309892,1.6532384603740828,432369.98322374106
2019-12-13 00:00:00+00:00,1.642741851843986,205.9600067138672,669716.472799409,0.6076603244000569,1.6456562323487225,432406.61456954194
2019-12-16 00:00:00+00:00,1.6393725558921273,208.47999572753906,683164.6799763981,0.6123698677829307,1.6330000096518045,432443.2490188319
2019-12-17 00:00:00+00:00,1.6291070657139435,209.0399932861328,686124.5537727382,0.6133754304433017,1.6303228828016068,432480.0066949984
2019-12-18 00:00:00+00:00,1.6286069548806779,209.3300018310547,687639.7926086772,0.6138783549077619,1.628987228504342,432516.6473622324
2019-12-19 00:00:00+00:00,1.6279122241319997,209.6199951171875,689154.9466882542,0.6143798569460219,1.6276575292862472,432553.291133745
2019-12-20 00:00:00+00:00,1.6216718268889712,211.27000427246094,697947.7478852104,0.6173591173412922,1.6198027564678759,432589.9380097994
2019-12-23 00:00:00+00:00,1.6177188882074713,211.6300048828125,701675.6358698396,0.6196007747154126,1.6139424623206895,430788.46763636486
2019-12-24 00:00:00+00:00,1.6131008781130467,211.44000244140625,700622.406767078,0.6192266863260348,1.614917480273905,430824.9649926507
2019-12-26 00:00:00+00:00,1.612671385128952,212.22999572753906,704813.279649066,0.6206119161284371,1.6113129219920548,430861.4654410737
2019-12-27 00:00:00+00:00,1.6041573052015718,213.0399932861328,709111.1953204109,0.6220223639644088,1.6076592385305597,430897.96898189577
2019-12-30 00:00:00+00:00,1.6050566271827265,211.16000366210938,699014.580408097,0.6186248633793046,1.6164885364247936,430934.47561537893
2019-12-31 00:00:00+00:00,1.611572675330028,211.1999969482422,699192.0807931195,0.6186647765656664,1.6163842485929176,430970.98534178524
2020-01-02 00:00:00+00:00,1.60980371652879,213.97999572753906,714031.7611063875,0.6235871436958418,1.6036251069469702,431007.4981613767
2020-01-03 00:00:00+00:00,1.5939218605954715,213.27999877929688,710249.455852716,0.6223197403364304,1.6068910162794978,431044.0140744154
2020-01-06 00:00:00+00:00,1.6028035735976807,212.24000549316406,704647.7757758964,0.6204369216481173,1.6117673934420573,431080.53308116336
2020-01-07 00:00:00+00:00,1.596722653383517,214.85000610351562,718577.7609433173,0.6250160919791998,1.5999588055938876,431117.05518188275
2020-01-08 00:00:00+00:00,1.5969360331064915,215.16000366210938,720200.0794812107,0.6255246364266617,1.5986580571990676,431153.58037683566
2020-01-09 00:00:00+00:00,1.5899353874226039,217.7100067138672,733809.0024667175,0.6298794526573184,1.5876053676322146,431190.10866628424
2020-01-10 00:00:00+00:00,1.5821713065056409,218.0399932861328,735538.2790450293,0.630408291342202,1.586273552765146,431226.6400504907
2020-01-13 00:00:00+00:00,1.5846148228640893,218.97999572753906,740531.959316438,0.6319637397585841,1.5823692675500798,431263.05474453943
2020-01-14 00:00:00+00:00,1.5741953627985281,219.74000549316406,744562.4685332726,0.633205687285348,1.5792656637168827,431299.4725136067
2020-01-15 00:00:00+00:00,1.5778536524438995,219.4499969482422,742974.1681857537,0.6326899449444097,1.580553014933505,431335.89335795236
2020-01-16 00:00:00+00:00,1.577557977134667,220.8000030517578,750161.8307208712,0.6349049090045361,1.5750390110668613,431372.3172778359
2020-01-17 00:00:00+00:00,1.569031576236621,222.1199951171875,757188.8805315144,0.6370439118584962,1.5697505013157174,431408.74427351716
2020-01-21 00:00:00+00:00,1.5647218505164606,222.66000366210938,760041.9978668478,0.6378934991077643,1.567659807473696,431445.2941810181
2020-01-22 00:00:00+00:00,1.5651926640494112,223.58999633789062,764981.976061295,0.6393690817877342,1.5640418476350293,431481.8471851084
2020-01-23 00:00:00+00:00,1.5629392585857593,222.6999969482422,760182.8988732442,0.6378971790127578,1.5676507639485897,431518.4032860505
2020-01-24 00:00:00+00:00,1.5601977466565007,221.6699981689453,754634.6607199528,0.6361838326334216,1.5718727020468226,431554.96248410665
2020-01-27 00:00:00+00:00,1.5677261600292791,217.17999267578125,730571.4012254647,0.6286307925316824,1.5907588554049408,431591.5247795393
2020-01-28 00:00:00+00:00,1.586804532222244,219.05999755859375,740595.0257633079,0.6317867440892486,1.5828125698356474,431628.09017261094
2020-01-29 00:00:00+00:00,1.57291890138433,220.8300018310547,750030.0173317159,0.6347071139167079,1.57552984372447,431664.6586635839
2020-01-30 00:00:00+00:00,1.5715337595401606,219.69000244140625,743893.1369158099,0.6327804536079128,1.5803269432523053,431701.2302527207
2020-01-31 00:00:00+00:00,1.5684280736501663,218.2899932861328,736364.302309855,0.6303934559872191,1.5863108833101125,431738.40452532575
2020-02-03 00:00:00+00:00,1.5830061983249073,219.99000549316406,745424.266714826,0.633218177414304,1.5792345129500551,431775.4620717142
2020-02-04 00:00:00+00:00,1.5694642128669585,224.64999389648438,770323.5073993558,0.6407956238299671,1.5605599707799291,431812.5227988754
2020-02-05 00:00:00+00:00,1.549789839489204,226.85000610351562,782059.0409218294,0.6442486881812513,1.5521956324397863,431849.5867070823
2020-02-06 00:00:00+00:00,1.5470674021613533,227.97999572753906,788068.718892153,0.645981596158934,1.5480317178478336,431886.653796608
2020-02-07 00:00:00+00:00,1.5399293190056438,228.5399932861328,791028.2800935421,0.6468187446457067,1.5460281698356586,431923.72406772553
2020-02-10 00:00:00+00:00,1.5436011022702065,228.3800048828125,790135.2045215727,0.6465410906936824,1.546692104174055,431960.6775418957
2020-02-11 00:00:00+00:00,1.533715833874624,231.39999389648438,806258.6649914277,0.6511242184129951,1.5358052606879382,431997.63417764095
2020-02-12 00:00:00+00:00,1.533644755453275,232.8000030517578,813713.365527187,0.6531926135782743,1.5309419904825157,432034.5939752317
2020-02-13 00:00:00+00:00,1.525858496148969,232.36000061035156,811321.883081344,0.6525061633514164,1.5325525737010333,432071.5569349385
2020-02-14 00:00:00+00:00,1.52695686471801,233.5500030517578,817652.799664369,0.6542471628773888,1.5284743392726154,432108.5230570318
2020-02-18 00:00:00+00:00,1.524731163930176,233.25,816010.4687616089,0.6537728410480385,1.529583269927423,432145.49234178226
2020-02-19 00:00:00+00:00,1.5244928744258026,235.85000610351562,829886.4014268203,0.6575602526200002,1.520773185446617,432182.584829875
2020-02-20 00:00:00+00:00,1.5170061585023737,231.8800048828125,808605.2299169779,0.6516674698641515,1.5345249628747972,432219.68050173955
2020-02-21 00:00:00+00:00,1.5244598195860888,229.32000732421875,794869.1976712766,0.6477486521765157,1.5438086928315116,432256.77935764927
2020-02-24 00:00:00+00:00,1.5403528720703408,220.25999450683594,746350.7194293234,0.6332280272934236,1.5792099479144224,432293.7613265498
2020-02-25 00:00:00+00:00,1.574554985650352,214.74000549316406,716775.439794203,0.6237678017651661,1.6031606587742349,432330.7464594633
2020-02-26 00:00:00+00:00,1.600337126956462,214.89999389648438,717594.5735948051,0.6240157337187134,1.6025236960623952,432367.7347566604
2020-02-27 00:00:00+00:00,1.595507321706491,205.5,667256.7957826465,0.6067837988624325,1.6480334542134272,432404.7262184118
2020-02-28 00:00:00+00:00,1.6473066951802482,198.1699981689453,627995.8548309694,0.5922044533650783,1.688606011517996,432441.7208449883
2020-03-02 00:00:00+00:00,1.646569155758665,205.94000244140625,669537.322850534,0.6075567846970529,1.645936684747306,432478.7186366606
2020-03-03 00:00:00+00:00,0.8838295559600248,207.6199951171875,678232.80689593,1.1370109700825537,0.87949899017016,0.0
2020-03-04 00:00:00+00:00,0.8804410131163458,211.3699951171875,689006.7884992292,1.134580203418985,0.8813832613918029,0.0
2020-03-05 00:00:00+00:00,0.8846772892060105,210.10000610351562,685358.031627311,1.1353936987775506,0.8807517613288451,0.0
2020-03-06 00:00:00+00:00,0.8814919776014668,202.91000366210938,664700.7105522744,1.1401912987341436,0.8770458089885567,0.0
2020-03-09 00:00:00+00:00,0.8797028311538936,192.11000061035156,633671.6347668838,1.1480725461931427,0.8710250962065667,0.0
2020-03-10 00:00:00+00:00,0.8718732514532529,193.67999267578125,638182.3189349544,1.1468722532799744,0.8719366931583443,0.0
2020-03-11 00:00:00+00:00,0.8776802562441139,192.72999572753906,635452.9190300073,1.147596210087376,0.8713866351335037,0.0
2020-03-12 00:00:00+00:00,0.8728184471775668,176.94000244140625,590087.2931150703,1.160767585322945,0.8614989017993495,0.0
2020-03-13 00:00:00+00:00,0.8617546828138452,178.1300048828125,593506.2436248282,1.1596935730072822,0.8622967508622389,0.0
2020-03-16 00:00:00+00:00,0.8711594509581243,169.16000366210938,567734.8761225808,1.1681616004003001,0.8560459440349046,0.0
2020-03-17 00:00:00+00:00,0.8561478599146288,169.77999877929688,569516.1603857045,1.1675475152789887,0.8564961913015139,0.0
2020-03-18 00:00:00+00:00,0.8649189038323681,166.8000030517578,560954.4486133268,1.1705408658218917,0.8543059274550429,0.0
2020-03-19 00:00:00+00:00,0.8612692469172297,171.6300048828125,574831.3421791093,1.1657415144803132,0.8578231002142866,0.0
2020-03-20 00:00:00+00:00,0.861982734647684,170.10000610351562,570435.5611921188,1.1672323099284885,0.8567274838898744,0.0
2020-03-23 00:00:00+00:00,0.857159137579336,164.92999267578125,556363.9843740596,1.1741251938087187,0.8516979324463025,0.0
2020-03-24 00:00:00+00:00,0.8558154080971916,177.9499969482422,593771.2607757588,1.1613850375501489,0.8610408845195923,0.0
2020-03-25 00:00:00+00:00,0.8647769387443842,179.97999572753906,599603.5726431892,1.1595647717595021,0.8623925324004269,0.0
2020-03-26 00:00:00+00:00,0.8639054347198843,183.61000061035156,610032.800863805,1.1564101456569673,0.8647450939060127,0.0
2020-03-27 00:00:00+00:00,0.8698274531029117,184.66000366210938,613049.5244806174,1.1555207753168355,0.8654106627600937,0.0
2020-03-30 00:00:00+00:00,0.8658131378067111,186.33999633789062,617876.2471959627,1.1541186406780093,0.8664620471016139,0.0
2020-03-31 00:00:00+00:00,0.869910005214826,189.1999969482422,626093.2055856567,1.1517889397609091,0.8682146229044204,0.0
2020-04-01 00:00:00+00:00,0.8689363423329627,180.86000061035156,602131.8810213855,1.1587883824097325,0.8629703362407486,0.0
2020-04-02 00:00:00+00:00,0.5003641769369144,180.97000122070312,603628.3597039073,2.0059380960082644,0.49851987057325425,0.0
2020-04-03 00:00:00+00:00,0.5053869397428232,181.2899932861328,604160.44925375,2.004162530776001,0.4989615286404967,0.0
2020-04-06 00:00:00+00:00,0.5018135244259064,189.19000244140625,617296.7509602879,1.9622317041776463,0.5096238114341808,0.0
2020-04-07 00:00:00+00:00,0.519067950568892,196.0,628620.5584131893,1.928799073788609,0.5184573207181026,0.0
2020-04-08 00:00:00+00:00,0.5189662832619445,196.1699981689453,628903.2349510175,1.9279941895385397,0.5186737623101174,0.0
2020-04-09 00:00:00+00:00,0.5242089397700844,199.02999877929688,633658.9042369679,1.9146591949911804,0.5222861606995318,0.0
2020-04-13 00:00:00+00:00,0.52456928071714,198.75,633193.3163661171,1.9159477658493955,0.5219348970908249,0.0
2020-04-14 00:00:00+00:00,0.5272484596193842,206.4199981689453,645947.1509573848,1.8819136715308569,0.5313740024995633,0.0
2020-04-15 00:00:00+00:00,0.5378459412559781,207.1199951171875,647111.120634512,1.8789330955689112,0.532216927978064,0.0
2020-04-16 00:00:00+00:00,0.5349772034175874,209.69000244140625,651384.5829730227,1.8681606959942507,0.5352858574448232,0.0
2020-04-17 00:00:00+00:00,0.5394710427108783,212.0800018310547,655358.7243244799,1.8583771071804596,0.5381039166572633,0.0
2020-04-20 00:00:00+00:00,0.5418354880754662,212.57000732421875,656173.515784787,1.8563984202385944,0.5386774676696151,0.0
2020-04-21 00:00:00+00:00,0.5388761177208851,203.6300048828125,641307.8913254653,1.893997024492204,0.5279839340128363,0.0
2020-04-22 00:00:00+00:00,0.5295209834853889,208.3300018310547,649123.1452977601,1.8738281421904686,0.5336668702344386,0.0
2020-04-23 00:00:00+00:00,0.5367993724781113,210.10000610351562,652066.3457027099,1.8664665072540476,0.5357717355835138,0.0
2020-04-24 00:00:00+00:00,0.5362684054557736,209.5,651068.6429093804,1.868948059487195,0.5350603484798725,0.0
2020-04-27 00:00:00+00:00,0.5401573800630639,214.5,659382.7482783399,1.8486928599653487,0.5409227360886457,0.0
2020-04-28 00:00:00+00:00,0.5421466171990351,211.2100067138672,653912.0781095244,1.8619128482354,0.5370820664069937,0.0
2020-04-29 00:00:00+00:00,0.5374231791715306,215.13999938964844,660446.9527506614,1.8461681648183852,0.5416624655633003,0.0
2020-04-30 00:00:00+00:00,0.5460739027980274,217.35000610351562,664121.7984877016,1.8375643586403507,0.5441986264578614,0.0
2020-05-01 00:00:00+00:00,0.5459720167386906,211.67999267578125,654693.5806713817,1.8599991721532005,0.5376346478920013,0.0
2020-05-04 00:00:00+00:00,0.5388761177208851,211.1199951171875,653762.4049296798,1.8622803271737423,0.5369760853982884,0.0
2020-05-05 00:00:00+00:00,0.5417547663627656,216.85000610351562,663290.3879508056,1.8394955653156237,0.5436272959040368,0.0
2020-05-06 00:00:00+00:00,0.5445521307837575,218.11000061035156,665385.5333696345,1.834645903228371,0.5450643081808485,0.0
2020-05-07 00:00:00+00:00,0.5460739027980274,220.4199981689453,669226.645990472,1.825898829393128,0.5476754702407959,0.0
2020-05-08 00:00:00+00:00,0.5492434671446692,222.47999572753906,672652.0533428617,1.8182516269260849,0.549978883665617,0.0
2020-05-11 00:00:00+00:00,0.5526110790353446,223.25,673932.4326740195,1.8154294220047809,0.5508338621590141,0.0
2020-05-12 00:00:00+00:00,0.5548101916219208,222.08999633789062,672003.5541389883,1.8196885112537995,0.5495446027248814,0.0
2020-05-13 00:00:00+00:00,0.549578037398754,216.7100067138672,663057.5940153801,1.8400378977558238,0.5434670672922747,0.0
2020-05-14 00:00:00+00:00,0.5464584048567284,215.99000549316406,661860.3608124391,1.8428381583995515,0.5426412490115081,0.0
2020-05-15 00:00:00+00:00,0.5492546218174873,218.3300018310547,665751.3560356796,1.8338048684826873,0.5453142900789724,0.0
2020-05-18 00:00:00+00:00,0.5508560307196768,225.47000122070312,677623.8974876485,1.8074006186054503,0.5532807667021701,0.0
2020-05-19 00:00:00+00:00,0.5554190332912724,226.7100067138672,679685.8047532995,1.8029844871043896,0.5546359423236135,0.0
2020-05-20 00:00:00+00:00,0.5547993102271516,229.47999572753906,684291.8008594052,1.7932918853576607,0.5576337060157702,0.0
2020-05-21 00:00:00+00:00,0.5596773695239035,228.33999633789062,682396.1858501879,1.797252436639192,0.5564048653454436,0.0
2020-05-22 00:00:00+00:00,0.5569770155491583,227.5,680999.4222376352,1.8001961251101861,0.5554950297089392,0.0
2020-05-26 00:00:00+00:00,0.5578271200282063,228.7899932861328,683144.4502588669,1.795684355980097,0.5568907456757305,0.0
2020-05-27 00:00:00+00:00,0.5571602213759027,223.94000244140625,675079.7832745577,1.8129169263102032,0.5515972549471871,0.0
2020-05-28 00:00:00+00:00,0.5585026983533569,229.0500030517578,683576.79997654,1.794781122187679,0.55717100410611,0.0
2020-05-29 00:00:00+00:00,0.5581812598299359,228.75999450683594,683094.5676564641,1.7957886992217402,0.5568583878678937,0.0
2020-06-01 00:00:00+00:00,0.5617655411034036,232.0,688482.117069699,1.7846750795800317,0.5603260848105299,0.0
2020-06-02 00:00:00+00:00,1.2365755089482238,232.00999450683594,683486.3782363378,0.8069862080268355,1.2391785510747488,163475.281625895
2020-06-03 00:00:00+00:00,1.2346418262354788,235.35000610351562,695672.1387230541,0.8097171524553851,1.2349991561468119,163482.36555476548
2020-06-04 00:00:00+00:00,1.233358266974439,233.67999267578125,689568.6044280137,0.8083489758028736,1.2370894625143471,163489.44979060616
2020-06-05 00:00:00+00:00,1.2354070412142606,235.6300048828125,696680.1165608603,0.8099267933354739,1.2346794898360614,163496.53433343043
2020-06-08 00:00:00+00:00,1.2297909149940809,237.91000366210938,704996.2120024946,0.8117401406678767,1.231921337753765,163503.66459895548
2020-06-09 00:00:00+00:00,1.2276308884160674,240.47000122070312,714334.453749641,0.8137361962422669,1.2288994942315168,163510.79517543942
2020-06-10 00:00:00+00:00,1.225636239106659,244.50999450683594,729075.4781161365,0.8168058095687003,1.2242812040331008,163517.92606289568
2020-06-11 00:00:00+00:00,1.2223771792422518,233.9600067138672,690555.15385492,0.8085366083208051,1.2368023781592676,163525.102682984
2020-06-12 00:00:00+00:00,1.236727295334854,231.74000549316406,682443.7746729691,0.8066939616215293,1.239627476558654,163532.27961804622
2020-06-15 00:00:00+00:00,1.2344357209135846,231.47000122070312,681450.9361488888,0.806459980823937,1.2399871336186188,163539.4568680961
2020-06-16 00:00:00+00:00,1.2309791707117836,239.10000610351562,709297.3477120848,0.8126278296071372,1.230575625847625,163546.67986077443
2020-06-17 00:00:00+00:00,1.2262097507150482,242.72999572753906,722541.5450720767,0.8154217996532009,1.2263591682553743,163553.90317246827
2020-06-18 00:00:00+00:00,1.225345878708322,242.49000549316406,721658.227600271,0.8152309639530946,1.226646244091308,163561.12680319173
2020-06-19 00:00:00+00:00,1.2246124326620684,242.4499969482422,721504.9508751149,0.8151923118095661,1.2267044052221214,163568.35075295885
2020-06-22 00:00:00+00:00,1.2246696263985526,243.3800048828125,726053.6289243419,0.8171969697411813,1.2236951885868044,162414.7034463644
2020-06-23 00:00:00+00:00,1.219978905825629,247.82000732421875,742254.9052172455,0.8204642332130975,1.2188221734953706,162421.8316472379
2020-06-24 00:00:00+00:00,1.2177299346520771,242.16000366210938,721585.7095082015,0.8162598814997624,1.2251000234908533,162428.96016096018
2020-06-25 00:00:00+00:00,1.223348625004243,241.13999938964844,717855.0147485782,0.8154745761962886,1.22627979975098,162436.08898754502
2020-06-26 00:00:00+00:00,1.2207893583456566,239.67999267578125,712518.0733636774,0.8143423946786841,1.2279846984935263,162443.21812700614
2020-06-29 00:00:00+00:00,1.2273556739351146,237.35000610351562,704005.2357891502,0.8125116270267413,1.230751618483717,162450.34757935727
2020-06-30 00:00:00+00:00,1.2243644726930212,242.5800018310547,723090.4122492563,0.816545802600107,1.2246710433336676,162457.47734461215
2020-07-01 00:00:00+00:00,1.2191178062854102,247.0800018310547,739510.7101251316,0.8198790983943375,1.2196920277128833,162464.60742278452
2020-07-02 00:00:00+00:00,0.9790566469188849,251.7100067138672,744230.3201885861,1.021287679122561,0.9791560404010258,0.0
2020-07-06 00:00:00+00:00,0.9791948875244921,255.42999267578125,754999.9329174142,1.020977653402135,0.9794533667487896,0.0
2020-07-07 00:00:00+00:00,0.979683959618849,256.29998779296875,757518.6280372366,1.020906446001046,0.9795216828310392,0.0
2020-07-08 00:00:00+00:00,0.9795459156414663,256.5,758097.6769994689,1.0208901436836744,0.9795373245466975,0.0
2020-07-09 00:00:00+00:00,0.9798064596202879,257.6300048828125,761369.1181000997,1.0207985162958786,0.9796252483091872,0.0
2020-07-10 00:00:00+00:00,0.9799717589450212,259.260009765625,766088.0932558439,1.0206677530395316,0.979750753388668,0.0
2020-07-13 00:00:00+00:00,0.980104870539891,257.69000244140625,761542.8151186758,1.0207936738099912,0.9796298954984887,0.0
2020-07-14 00:00:00+00:00,0.9796955068008766,252.75999450683594,747270.1063641371,1.021199248185288,0.979240830598965,0.0
2020-07-15 00:00:00+00:00,0.9798353374005447,257.489990234375,760963.7661564437,1.0208098258498717,0.9796143950392068,0.0
2020-07-16 00:00:00+00:00,0.9798754760400931,255.6199951171875,755550.0029263946,1.0209620607042338,0.9794683255029333,0.0
2020-07-17 00:00:00+00:00,0.9797400334507242,257.1700134277344,760037.4115075262,1.020835717910666,0.9795895484992332,0.0
2020-07-20 00:00:00+00:00,0.9797629898641688,258.7900085449219,764727.4077100186,1.0207052887589836,0.9797147237434638,0.0
2020-07-21 00:00:00+00:00,0.9803103001356955,263.1300048828125,777291.992706346,1.0203637812314441,0.9800426263593286,0.0
2020-07-22 00:00:00+00:00,0.9801070862857926,262.54998779296875,775612.803726153,1.0204087682498304,0.9799994189732074,0.0
2020-07-23 00:00:00+00:00,0.9801755326930535,256.54998779296875,758242.3950647934,1.0208860733183371,0.9795412300508244,0.0
2020-07-24 00:00:00+00:00,0.9796546463202577,251.32000732421875,743101.2453926072,1.0213207134279203,0.9791243698990886,0.0
2020-07-27 00:00:00+00:00,0.9794636042923013,256.45001220703125,757952.9589341446,1.0208942156358203,0.9795334175511933,0.0
2020-07-28 00:00:00+00:00,0.979816348408497,256.510009765625,758126.6559527207,1.0208893284895915,0.97953810672064,0.0
2020-07-29 00:00:00+00:00,0.9795615203741987,257.9100036621094,762179.7336369446,1.0207759364847377,0.9796469178571311,0.0
2020-07-30 00:00:00+00:00,0.9797897031919784,256.54998779296875,758242.3950647934,1.0208860733183374,0.9795412300508242,0.0
2020-07-31 00:00:00+00:00,0.9798928458876285,260.8500061035156,770691.240949048,1.0205417739294054,0.9798716971179796,0.0
2020-08-03 00:00:00+00:00,0.9802384110314747,267.8699951171875,791014.5872766706,1.0200034417909265,0.9803888487319176,0.0
2020-08-04 00:00:00+00:00,0.9804966350400077,268.0899963378906,791651.5057949394,1.0199870264763966,0.9804046267672218,0.0
2020-08-05 00:00:00+00:00,0.9805673664656704,269.9599914550781,797065.2690249883,1.019848577657679,0.9805377209004243,0.0
2020-08-06 00:00:00+00:00,0.9806144690017119,270.19000244140625,797731.1664965085,1.0198316806930132,0.9805539668276074,0.0
2020-08-07 00:00:00+00:00,0.9808630225387095,269.25,795009.7954048582,1.0199009168240019,0.980487401770386,0.0
2020-08-10 00:00:00+00:00,0.9806438813943188,266.6700134277344,787540.558554679,1.0200934547757636,0.9803023392791197,0.0
2020-08-11 00:00:00+00:00,0.9805624314529017,264.6300048828125,781634.594871686,1.0202483533839457,0.9801535054511128,0.0
2020-08-12 00:00:00+00:00,0.9801945849459607,267.3699951171875,789567.0532215573,1.0200408495819207,0.9803528950922555,0.0
2020-08-13 00:00:00+00:00,0.9806711111222806,271.510009765625,801552.6776061199,1.0197352644916773,0.9806466784283321,0.0
2020-08-14 00:00:00+00:00,0.9807142455827893,270.7200012207031,799265.5490609099,1.0197928554621056,0.980591298167963,0.0
2020-08-17 00:00:00+00:00,0.9806920071138339,272.20001220703125,803550.2816702136,1.0196852373790013,0.9806947902574327,0.0
2020-08-18 00:00:00+00:00,0.9809093852363512,274.9100036621094,811395.891510797,1.0194911854188047,0.9808814576353618,0.0
2020-08-19 00:00:00+00:00,0.9810879413794668,275.57000732421875,813306.6470656026,1.0194445030752501,0.9809263741021762,0.0
2020-08-20 00:00:00+00:00,0.9809622906036205,274.8599853515625,811251.0850950051,1.0194947323744081,0.9808780450203947,0.0
2020-08-21 00:00:00+00:00,0.9812178712483265,279.4599914550781,824568.4160721411,1.019173842477283,0.981186877372483,0.0
2020-08-24 00:00:00+00:00,0.9813447298255628,281.2699890136719,829808.4822836139,1.0190504570844992,0.9813056782889805,0.0
2020-08-25 00:00:00+00:00,0.9814583449949299,282.3699951171875,832993.0748749565,1.0189762437494063,0.9813771480289062,0.0
2020-08-26 00:00:00+00:00,0.9816003262079802,285.8299865722656,843009.9857982098,1.0187465350263651,0.9815984306382157,0.0
2020-08-27 00:00:00+00:00,0.9819778277523165,288.7099914550781,851347.7960917373,1.0185595303711414,0.9817786493398392,0.0
2020-08-28 00:00:00+00:00,0.98192249785025,290.92999267578125,857774.8508304589,1.018417908052656,0.9819151765625632,0.0
2020-08-31 00:00:00+00:00,0.9820123130592854,292.6199951171875,862667.5230047796,1.0183115369567162,0.9820177457564301,0.0
2020-09-01 00:00:00+00:00,0.9821531051245695,295.7900085449219,871844.9277884034,1.0181152902399293,0.982207034494433,0.0
2020-09-02 00:00:00+00:00,1.4784679763313113,296.8900146484375,869720.8853100482,0.6730585454650564,1.4857548525872148,422471.14043580444
2020-09-03 00:00:00+00:00,1.4718926413880047,284.4100036621094,815383.8931757419,0.6586971659135635,1.5181483263451956,422489.7995778404
2020-09-04 00:00:00+00:00,1.509981653751332,271.79998779296875,760481.0634946661,0.6428468288893013,1.5555805132114928,422508.45954398846
2020-09-08 00:00:00+00:00,1.5204891691067524,269.6600036621094,751148.2786426573,0.6399966117526282,1.5625082721321037,422527.12033428496
2020-09-09 00:00:00+00:00,1.5615646104635421,273.0,765666.7062561624,0.6443853383605486,1.5518664694392483,422545.7819487664
2020-09-10 00:00:00+00:00,1.5369707131336723,270.55999755859375,755028.1120514182,0.6411624359571955,1.5596671668811877,422564.4443874691
2020-09-11 00:00:00+00:00,1.5539827711285374,266.8999938964844,739079.551139395,0.6362256250100521,1.5717694489029743,422583.10765042953
2020-09-14 00:00:00+00:00,1.560060819403554,272.9599914550781,765436.5822082299,0.6442860869482306,1.5521055323989195,422601.7717376841
2020-09-15 00:00:00+00:00,1.5452841838271338,275.1300048828125,774862.7416717601,0.6470760973512646,1.545413289245872,422620.43664926913
2020-09-16 00:00:00+00:00,1.5336333940416003,274.25,771013.9191906095,0.645928008603988,1.5481601458361436,422639.10238522117
2020-09-17 00:00:00+00:00,1.5470484656115546,266.67999267578125,738047.3506579483,0.6358612003969203,1.5726702610188752,422657.76894557656
2020-09-18 00:00:00+00:00,1.5606356764748721,262.6300048828125,720401.4082816405,0.6302295260793563,1.5867235009139884,422676.43633037165
2020-09-21 00:00:00+00:00,1.5720690279438065,260.1099853515625,709414.5397882976,0.6266305947861003,1.595836539614458,422695.10453964287
2020-09-22 00:00:00+00:00,1.569959845459469,266.5400085449219,737382.0753618283,0.6356216825002895,1.5732628818865766,422713.77357342676
2020-09-23 00:00:00+00:00,1.5538444860855294,263.25,723043.8844801362,0.6310515122945833,1.584656688903055,422732.44343175954
2020-09-24 00:00:00+00:00,1.5814714767489413,261.2200012207031,714189.7929158946,0.6281679096068358,1.5919310501325836,422751.1141146778
2020-09-25 00:00:00+00:00,1.577261135084758,264.29998779296875,727576.5371910266,0.6324847767685234,1.5810657216276047,422769.78562221787
2020-09-28 00:00:00+00:00,1.556880397314035,271.6700134277344,759635.3611871031,0.6424391566626463,1.5565676369958779,422788.45795441617
2020-09-29 00:00:00+00:00,1.539474481852136,275.3699951171875,775720.587112766,0.6472279074715053,1.5450508058384764,422807.13111130917
2020-09-30 00:00:00+00:00,1.5432827626725807,275.8699951171875,777878.1264795027,0.6478517359902348,1.5435630476030293,422825.80509293324
2020-10-01 00:00:00+00:00,1.5376368594390024,279.8399963378906,795138.5909721156,0.6528322190908706,1.5317871433989467,422844.4798993248
2020-10-02 00:00:00+00:00,0.7146573102192361,273.44000244140625,755672.3693119907,1.412136246696491,0.7081469669370571,0.0
2020-10-05 00:00:00+00:00,0.7088030592860735,276.2300109863281,761132.4671690695,1.4079735431370572,0.7102406184223707,0.0
2020-10-06 00:00:00+00:00,0.7131392797117133,274.25,757257.5493796167,1.4109190020159728,0.7087579078396161,0.0
2020-10-07 00:00:00+00:00,0.7094412345590875,277.2799987792969,763187.3125238561,1.4064286526219318,0.7110207817053158,0.0
2020-10-08 00:00:00+00:00,0.7129639327421672,280.30999755859375,769117.0756680954,1.4020353797025158,0.7132487628180826,0.0
2020-10-09 00:00:00+00:00,0.7140491294190834,282.7099914550781,773813.9077100789,1.3986224035551549,0.7149892619037865,0.0
2020-10-12 00:00:00+00:00,0.7171354027097165,289.4700012207031,787043.3707173882,1.3893133513926987,0.7197800258649809,0.0
2020-10-13 00:00:00+00:00,0.7232619191765081,293.1099853515625,794166.8863743135,1.3844786664900284,0.7222935421137472,0.0
2020-10-14 00:00:00+00:00,0.7232551166604967,290.260009765625,788589.4319189043,1.3882537466800111,0.7203294083603128,0.0
2020-10-15 00:00:00+00:00,0.7215731341469055,286.5400085449219,781309.3213506192,1.3932942449298942,0.717723484209408,0.0
2020-10-16 00:00:00+00:00,0.7202183137099749,288.1499938964844,784460.0921910865,1.3910967853199578,0.7188572431141058,0.0
2020-10-19 00:00:00+00:00,0.7191095230420496,282.7900085449219,773970.5026214388,1.3985096110104567,0.715046927190923,0.0
2020-10-20 00:00:00+00:00,0.7157727800658413,282.95001220703125,774283.6327206991,1.398284260261573,0.7151621658195114,0.0
2020-10-21 00:00:00+00:00,0.7162093983795399,283.69000244140625,775731.8071717499,1.397245357020139,0.7156939151565107,0.0
2020-10-22 00:00:00+00:00,0.716052087442263,280.82000732421875,770115.174126771,1.4013052252817935,0.713620403291443,0.0
2020-10-23 00:00:00+00:00,0.7160449258537839,281.7799987792969,771993.8949988725,1.39993802537826,0.7143173353904737,0.0
2020-10-26 00:00:00+00:00,0.7164450273488845,276.760009765625,762169.6844938552,1.407192268848076,0.7106349445897663,0.0
2020-10-27 00:00:00+00:00,0.7133654601386306,280.20001220703125,768901.8323193002,1.402193188412904,0.713168490806796,0.0
2020-10-28 00:00:00+00:00,0.7149532257480589,271.3800048828125,751640.9163346376,1.4152646999602803,0.7065816027405086,0.0
2020-10-29 00:00:00+00:00,0.7067801059677431,272.5199890136719,753871.8861721095,1.4135275974094759,0.7074499301129077,0.0
2020-10-30 00:00:00+00:00,0.7103597764872942,267.07000732421875,743206.1721197766,1.421966275554376,0.7032515589092534,0.0
2020-11-02 00:00:00+00:00,0.705045680475974,266.9700012207031,743010.4583423064,1.4221243427635766,0.7031733934437312,0.0
2020-11-03 00:00:00+00:00,0.9181783344088656,270.8399963378906,750772.5557644437,1.0888300868073146,0.9184169432094005,0.0
2020-11-04 00:00:00+00:00,0.9194575262641339,281.8699951171875,778853.4504661948,1.0853540312993766,0.9213583505124208,0.0
2020-11-05 00:00:00+00:00,0.9226329306526787,292.0,804643.0816469713,1.082392946525985,0.9238788955615143,0.0
2020-11-06 00:00:00+00:00,0.9244501980137527,289.8299865722656,799118.5190622527,1.0830098385267972,0.923352645955909,0.0
2020-11-09 00:00:00+00:00,0.9245023485441363,288.1199951171875,794765.1106030359,1.0835025017121847,0.9229328021114568,0.0
2020-11-10 00:00:00+00:00,0.9230486563364358,280.6199951171875,775671.1184388265,1.0857342342107184,0.9210357088233077,0.0
2020-11-11 00:00:00+00:00,0.921754787648859,283.3800048828125,782697.7324172246,1.084899216497426,0.9217446052071809,0.0
2020-11-12 00:00:00+00:00,0.92333555476212,287.25,792550.2199429721,1.0837554060420804,0.9227174272210014,0.0
2020-11-13 00:00:00+00:00,0.9230018631392504,287.8699951171875,794128.6441975621,1.0835750192575424,0.9228710354408065,0.0
2020-11-16 00:00:00+00:00,0.9236203144418494,289.989990234375,799525.8668849942,1.0829640373660583,0.9233916967659977,0.0
2020-11-17 00:00:00+00:00,0.9241668190743958,291.6099853515625,803650.156761479,1.0825031432191272,0.9237848465051279,0.0
2020-11-18 00:00:00+00:00,0.9239438655120653,290.0199890136719,799602.239745905,1.0829554558201622,0.9233990138981876,0.0
2020-11-19 00:00:00+00:00,0.9234209569105348,288.8500061035156,796623.620476734,1.08329146573383,0.9231125986233005,0.0
2020-11-20 00:00:00+00:00,0.9239703078547439,290.2900085449219,800289.6731877545,1.0828782930083676,0.923464812672418,0.0
2020-11-23 00:00:00+00:00,0.9234867180090945,288.07000732421875,794637.8483994025,1.0835169916127707,0.9229204597073655,0.0
2020-11-24 00:00:00+00:00,0.9234891536365464,289.6300048828125,798609.3925540656,1.0830671545764812,0.9233037820180564,0.0
2020-11-25 00:00:00+00:00,0.9244691695190107,294.5899963378906,811236.86428444,1.0816685586227188,0.9244976125341879,0.0
2020-11-27 00:00:00+00:00,0.9248959384421999,297.8999938964844,819663.6732774187,1.0807611308442913,0.9252738384649337,0.0
2020-11-30 00:00:00+00:00,0.925530586371084,294.7799987792969,811720.5849680922,1.0816159186010461,0.9245426059311261,0.0
2020-12-01 00:00:00+00:00,0.9256709269201242,300.8299865722656,827123.0409030932,1.0799745419654438,0.9259477526017434,0.0
2020-12-02 00:00:00+00:00,0.9265423988106675,300.3500061035156,825901.0751285218,1.080102346917535,0.9258381882549036,0.0
2020-12-03 00:00:00+00:00,0.9266297692782431,303.5299987792969,833996.9091596697,1.0792631386760594,0.9265580970612114,0.0
2020-12-04 00:00:00+00:00,0.9267258549911596,303.6300048828125,834251.5112605899,1.0792370319095215,0.926580510521099,0.0
2020-12-07 00:00:00+00:00,0.9270015379043401,305.5199890136719,839063.156885271,1.0787468619099452,0.9270015379043401,0.0
2020-12-08 00:00:00+00:00,0.9273827175293134,304.95001220703125,837612.0725279673,1.0788940463109542,0.9268750749151732,0.0
2020-12-09 00:00:00+00:00,0.927609956520047,300.2099914550781,825544.616648503,1.0801397057738753,0.9258061662343405,0.0
2020-12-10 00:00:00+00:00,0.9260570006276541,298.0899963378906,820147.3939610709,1.0807096537326148,0.925317911750066,0.0
2020-12-11 00:00:00+00:00,0.9263309633488882,298.4700012207031,821114.8353283753,1.0806068961275521,0.9254059025382737,0.0
2020-12-14 00:00:00+00:00,0.9261795191299292,303.010009765625,832673.0870059996,1.0793991604574276,0.9264413357299817,0.0
2020-12-15 00:00:00+00:00,0.9266722580808037,304.1099853515625,835473.4770351612,1.0791119711435149,0.9266878940656348,0.0
2020-12-16 00:00:00+00:00,0.9273914856680712,306.6199951171875,841863.6246080857,1.0784643557782085,0.9272443680147505,0.0
2020-12-17 00:00:00+00:00,0.9277599369848695,309.3900146484375,848915.7221046714,1.0777618515352725,0.9278487622989247,0.0
2020-12-18 00:00:00+00:00,0.9281954550479697,307.6099853515625,844384.0067117924,1.0782118316415874,0.9274615346016848,0.0
2020-12-21 00:00:00+00:00,0.9279934416919565,303.6000061035156,835246.311360091,1.080630730874363,0.9253854914813288,0.0
2020-12-22 00:00:00+00:00,0.9265761043264954,306.8500061035156,843520.3746312485,1.0797767309717095,0.9261173827112231,0.0
2020-12-23 00:00:00+00:00,0.926760630103525,308.0400085449219,846549.9609367953,1.0794685420936732,0.9263817897467019,0.0
2020-12-24 00:00:00+00:00,0.926417196746973,308.3900146484375,847441.029443189,1.079378349566519,0.9264591979277725,0.0
2020-12-28 00:00:00+00:00,0.9267167767013278,310.3599853515625,852456.3101324145,1.0788745055450955,0.9268918626404611,0.0
2020-12-29 00:00:00+00:00,0.9273949225354226,312.0299987792969,856707.9399061857,1.0784523618926212,0.9272546802577891,0.0
2020-12-30 00:00:00+00:00,0.927455168399214,312.3299865722656,857471.6685152929,1.0783770096949163,0.9273194726980595,0.0
2020-12-31 00:00:00+00:00,0.9274573202968452,311.760009765625,856020.5841579892,1.0785203028572867,0.9271962682118587,0.0
2021-01-04 00:00:00+00:00,0.9276224706491885,305.17999267578125,839268.7448574774,1.0802132871521306,0.9257431026759497,0.0
2021-01-05 00:00:00+00:00,1.7528864364133228,308.2900085449219,843451.6846665647,0.5690475229133253,1.7573224726123893,638764.9153607683
2021-01-06 00:00:00+00:00,1.7422185683995985,305.9800109863281,832317.3172007102,0.5657748676936116,1.7674874885774134,638793.1274778635
2021-01-07 00:00:00+00:00,1.7606331983805386,310.25,852818.6326013273,0.5717322194264085,1.7490705718898472,638821.3408409937
2021-01-08 00:00:00+00:00,1.7296146751442427,315.0799865722656,876012.3391601357,0.5782786815595902,1.7292700420894775,638849.5554502141
2021-01-11 00:00:00+00:00,1.7137956242813217,313.75,869589.7280256951,0.5764722994769171,1.7346887281615888,638877.7713055799
2021-01-12 00:00:00+00:00,1.7319771703729014,311.20001220703125,857301.5150376436,0.5729830341472274,1.7452523729403322,638905.9884071458
2021-01-13 00:00:00+00:00,1.7340549952035602,313.57000732421875,868667.9121730133,0.5761917559459933,1.7355333353532576,638934.2067549672
2021-01-14 00:00:00+00:00,1.725613578825019,313.8599853515625,870033.8676538401,0.5765646152422861,1.7344109811174875,638962.4263490989
2021-01-15 00:00:00+00:00,1.7324276498084425,310.5799865722656,854235.856992098,0.5720738646145512,1.7480260187620604,638990.647189596
2021-01-19 00:00:00+00:00,1.7426756567214818,313.1199951171875,866419.6519188486,0.5755264261677628,1.737539675907958,639018.8692765135
2021-01-20 00:00:00+00:00,1.724316094592475,316.510009765625,882690.1598027466,0.5800542494463331,1.7239766814130038,639047.0926099065
2021-01-21 00:00:00+00:00,1.6964368632740738,323.7300109863281,917374.7230684411,0.5894019720133231,1.6966349749121565,639075.31718983
2021-01-22 00:00:00+00:00,1.6871635120768222,324.7099914550781,922058.2881081564,0.5906231977833953,1.6931268594816338,639103.3654954178
2021-01-25 00:00:00+00:00,1.6905701965947162,321.4100036621094,906164.3442802981,0.586401883794439,1.705315121993275,639131.4150320145
2021-01-26 00:00:00+00:00,1.6811030641189095,327.2200012207031,934069.9747503522,0.593727749223779,1.68427364445635,639159.4657996743
2021-01-27 00:00:00+00:00,1.6794821621332916,317.3599853515625,886636.3020934426,0.581086944989666,1.7209128661766513,639187.5177984511
2021-01-28 00:00:00+00:00,1.712910587695484,320.0299987792969,899445.3117432252,0.5845637084911357,1.7106775283419153,639215.5710283988
2021-01-29 00:00:00+00:00,1.7058105635823602,312.760009765625,864464.3124590821,0.5748885090781077,1.73946771279809,639243.4479296908
2021-02-01 00:00:00+00:00,1.7321383224218576,316.0199890136719,880109.9729688939,0.5792554992871781,1.7263539167613995,639271.3260467256
2021-02-02 00:00:00+00:00,1.2257537181357356,325.30999755859375,906909.6046501035,0.8174527334886077,1.223312320129316,202524.08796197525
2021-02-03 00:00:00+00:00,1.221339685382351,326.32000732421875,910345.2424593327,0.8180097578825185,1.2224793046339415,202532.97651916914
2021-02-04 00:00:00+00:00,1.2224293099983956,326.4599914550781,910813.753875904,0.8180798103070543,1.2223746233569368,202541.86546647194
2021-02-05 00:00:00+00:00,1.219271153572735,329.5299987792969,921274.7842692413,0.8197667273419045,1.219859219271441,202550.75480390075
2021-02-08 00:00:00+00:00,1.2183798546390932,331.4100036621094,927677.4428338235,0.820781279613058,1.218351374280163,202559.6445314727
2021-02-09 00:00:00+00:00,1.2166232762410112,332.6099853515625,931761.0135407364,0.8214200725406856,1.2174039001834462,202568.478382637
2021-02-10 00:00:00+00:00,1.2166900736071666,329.5,921145.8626730333,0.8197266344608267,1.219918882662325,202577.36888807712
2021-02-11 00:00:00+00:00,1.2173041522361345,332.1199951171875,930072.1747508746,0.8211409074378587,1.2178177836983195,202586.25978371166
2021-02-12 00:00:00+00:00,1.2158705668468168,332.6300048828125,931802.6152463814,0.8214073078374404,1.2174228186899743,202595.15106955773
2021-02-16 00:00:00+00:00,1.2144249028753948,334.3399963378906,937625.459909737,0.822312927113526,1.2160820619836166,202604.04274563247
2021-02-17 00:00:00+00:00,1.2151430146955193,330.1700134277344,923395.303286951,0.820060877037601,1.2194216649042124,202612.93481195296
2021-02-18 00:00:00+00:00,1.2164163376448682,328.3599853515625,917213.510681742,0.8190610526370682,1.22091020782929,202621.82726853635
2021-02-19 00:00:00+00:00,1.2175850968748447,329.9700012207031,922695.4548025901,0.8199360518908959,1.2196073068062436,202630.6638315589
2021-02-22 00:00:00+00:00,1.2187583327593674,322.2300109863281,896290.238981894,0.8156028602666917,1.2260869213639256,202639.50077995376
2021-02-23 00:00:00+00:00,1.2259064179310457,311.0,857982.6937997837,0.8089360654023738,1.2361916383374363,202648.33811373776
2021-02-24 00:00:00+00:00,1.226746094540095,315.9599914550781,874889.3572229787,0.8119272164904147,1.2316374912551113,202657.17583292772
2021-02-25 00:00:00+00:00,1.2244881345117635,311.239990234375,858783.4780722331,0.8090667380189632,1.235991980647413,202666.01393754044
2021-02-26 00:00:00+00:00,1.2345112364464799,310.8800048828125,857546.9494378031,0.8088373092583093,1.236342572917394,202674.8524275927
2021-03-01 00:00:00+00:00,1.2333176622633064,317.94000244140625,881615.4497773366,0.8130740091695181,1.2299003396030455,202683.69130310134
2021-03-02 00:00:00+00:00,1.2249830861201643,318.1400146484375,882288.7299811103,0.8131833811929323,1.2297349197336145,202692.53056408316
2021-03-03 00:00:00+00:00,1.2295042860727712,309.1000061035156,851449.9430950645,0.8077113146357313,1.23806610342086,202701.37021055497
2021-03-04 00:00:00+00:00,1.2380089066372395,300.1099853515625,820781.6336512914,0.8019425250412036,1.2469721566999084,202710.2102425336
2021-03-05 00:00:00+00:00,1.2429444444361777,297.45001220703125,811701.2496288167,0.8001626637377897,1.2497458895778926,202719.05066003583
2021-03-08 00:00:00+00:00,1.2384930419094569,299.510009765625,818717.8021901168,0.8015284682066424,1.2476163226459347,202727.8914630785
2021-03-09 00:00:00+00:00,1.2471735988699835,306.9200134277344,843979.9572414721,0.8063117416496206,1.240215103347144,202736.7326516784
2021-03-10 00:00:00+00:00,1.2355978606579667,310.1700134277344,855054.880470253,0.8083328728724181,1.2371141067744666,202745.57422585238
2021-03-11 00:00:00+00:00,1.2364445423565495,314.8500061035156,871006.6348483067,0.8111736163363487,1.2327817126455398,202754.4161856172
2021-03-12 00:00:00+00:00,1.2299100628675266,311.3900146484375,859197.875115759,0.8090671568791735,1.2359913407649799,202763.25853098978
2021-03-15 00:00:00+00:00,1.2322395478591786,314.1000061035156,868431.157894332,0.810706231960412,1.2334924299050307,202772.10126198683
2021-03-16 00:00:00+00:00,1.229234409872757,319.1000061035156,885474.2606283936,0.8136641631065599,1.2290082878690543,202780.9443786252
2021-03-17 00:00:00+00:00,1.2277103118127346,315.67999267578125,873801.8403704185,0.8116372238466092,1.2320775472330843,202789.7878809217
2021-03-18 00:00:00+00:00,1.226577106596824,311.57000732421875,859776.3469500442,0.8091441678653195,1.2358737042351742,202798.63176889316
2021-03-19 00:00:00+00:00,1.235434781520933,309.6600036621094,853253.6468721958,0.8079585815233844,1.237687206829992,202807.47604255643
2021-03-22 00:00:00+00:00,1.2344264899827035,315.2099914550781,873182.7482680271,0.8122715288263638,1.2311154146260448,201805.99291027433
2021-03-23 00:00:00+00:00,1.228086572407984,316.3800048828125,877164.1484073113,0.8129576157775252,1.2300764278388419,201814.79389385402
2021-03-24 00:00:00+00:00,1.2293274714273787,311.7200012207031,861262.9210178407,0.8101531792843575,1.234334475960882,201823.59526125438
2021-03-25 00:00:00+00:00,1.2341953782133213,307.3900146484375,846487.1799536967,0.8074705448155512,1.2384352672931591,201832.39701249215
2021-03-26 00:00:00+00:00,1.234709570726298,309.6700134277344,854254.0609634513,0.8088797414672962,1.236277716865568,201841.19914758406
2021-03-29 00:00:00+00:00,1.230453951929977,312.4700012207031,863794.3064901532,0.8105840756418085,1.233678319190042,201850.00166654692
2021-03-30 00:00:00+00:00,1.2305471103291958,311.5400085449219,860613.8666375086,0.8100103559933474,1.2345521172672673,201858.80456939735
2021-03-31 00:00:00+00:00,1.231996349680462,315.80999755859375,875167.387639597,0.8125709854365183,1.2306617119275969,201867.6078561522
2021-04-01 00:00:00+00:00,1.2277156308203145,322.80999755859375,899031.3642342362,0.8166273595484115,1.224548734875834,201876.3554524927
2021-04-05 00:00:00+00:00,0.8738504093835017,326.8800048828125,900196.8801483563,1.14334045575281,0.874630119986063,0.0
2021-04-06 00:00:00+00:00,0.8760135102447449,330.0199890136719,907760.0008265856,1.1419766391012212,0.8756746554702186,0.0
2021-04-07 00:00:00+00:00,0.87593801024938,329.3699951171875,906194.3934622331,1.142256822330499,0.8754598619597138,0.0
2021-04-08 00:00:00+00:00,0.876200241690973,333.739990234375,916720.1792806207,1.1403941099281456,0.8768898324659081,0.0
2021-04-09 00:00:00+00:00,0.8773217570703243,332.9200134277344,914745.1426933259,1.1407398984337531,0.8766240239102793,0.0
2021-04-12 00:00:00+00:00,0.8779703490235132,334.7300109863281,919104.7921031456,1.1399788705479916,0.8772092411847042,0.0
2021-04-13 00:00:00+00:00,0.8778303591913431,338.0199890136719,927029.1954798958,1.1386164439952333,0.8782588774944711,0.0
2021-04-14 00:00:00+00:00,0.8790695369702252,335.6700134277344,921368.9283554013,1.139586876998384,0.877510982430713,0.0
2021-04-15 00:00:00+00:00,0.8777793697091038,336.2200012207031,922693.6560853587,1.139358541152423,0.8776868420967235,0.0
2021-04-16 00:00:00+00:00,0.8793839468197673,340.0799865722656,931991.0072226316,1.1377767899506386,0.8789070130736135,0.0
2021-04-19 00:00:00+00:00,0.8795080241957143,336.8999938964844,924331.5199894154,1.1390772624673293,0.8779035741912035,0.0
2021-04-20 00:00:00+00:00,0.8785303054462404,334.3800048828125,918261.7501358346,1.1401253908492646,0.877096508880583,0.0
2021-04-21 00:00:00+00:00,0.8777474784464583,333.9700012207031,917274.1950891152,1.1402974180468952,0.8769641886173899,0.0
2021-04-22 00:00:00+00:00,0.8786592803180592,334.010009765625,917370.5616441021,1.1402806128752287,0.876977113097179,0.0
2021-04-23 00:00:00+00:00,0.8773602974075588,335.8500061035156,921802.4675936261,1.1395120679614976,0.8775685910803258,0.0
2021-04-26 00:00:00+00:00,0.8787001187886596,338.8999938964844,929148.8186527428,1.1382565055185419,0.8785365997486148,0.0
2021-04-27 00:00:00+00:00,0.8793901624420294,339.1700134277344,929799.2010162246,1.1381464369531191,0.878621561806278,0.0
2021-04-28 00:00:00+00:00,0.8789289181996636,338.3299865722656,927775.8708922201,1.1384894355687714,0.8783568549324445,0.0
2021-04-29 00:00:00+00:00,0.8785680806865882,336.8999938964844,924331.5199894154,1.1390772624673295,0.8779035741912034,0.0
2021-04-30 00:00:00+00:00,0.8789508154020879,337.04998779296875,924692.8026879361,1.1390153703407448,0.877951277954083,0.0
2021-05-03 00:00:00+00:00,0.8782493877416223,335.7300109863281,921513.4414348096,1.1395619317401182,0.8775301913367655,0.0
2021-05-04 00:00:00+00:00,1.6468789930707162,326.2099914550781,876144.3343258532,0.5951746383350662,1.6801791198586469,595935.0821908988
2021-05-05 00:00:00+00:00,1.6666840997735128,328.2300109863281,885234.2005210568,0.5976486126622917,1.6732239961963427,595960.9060444604
2021-05-06 00:00:00+00:00,1.6704896641992224,326.45001220703125,877175.82095766,0.5954372243455692,1.6794381659612836,595986.7310170557
2021-05-07 00:00:00+00:00,1.6622001642014046,331.69000244140625,900796.3636738936,0.601811193911712,1.6616507139059695,596012.557108733
2021-05-10 00:00:00+00:00,1.653434255403512,325.54998779296875,873062.650690614,0.5942835992111183,1.6826982964487829,596038.384319541
2021-05-11 00:00:00+00:00,1.6819579910310027,319.0199890136719,843569.0652572819,0.5859610764790111,1.706597997957326,596064.2126495283
2021-05-12 00:00:00+00:00,1.6835960756411446,316.0,829915.0092620227,0.5819860234506715,1.7182543217633797,596090.042098743
2021-05-13 00:00:00+00:00,1.7147950946176385,316.8999938964844,833950.5579422043,0.5831551178967311,1.7148096095027097,596115.872667234
2021-05-14 00:00:00+00:00,1.7054947200224657,322.0799865722656,857300.3456267806,0.5898414358092212,1.6953708900224513,596141.7043550495
2021-05-17 00:00:00+00:00,1.6799448390022758,321.45001220703125,854431.6437466426,0.5890198029832707,1.6977357890773699,596167.5371622383
2021-05-18 00:00:00+00:00,1.6869958643562704,321.94000244140625,856616.9761153997,0.5896275296798731,1.6959859397049026,596193.3710888487
2021-05-19 00:00:00+00:00,1.6949608454977405,316.29998779296875,831139.5924034313,0.5822919880092744,1.717351467291823,596219.2061349292
2021-05-20 00:00:00+00:00,1.693661796679552,323.8900146484375,865365.0747057509,0.5920628659017644,1.6890098291790536,596245.0423005284
2021-05-21 00:00:00+00:00,1.6717061512182274,326.6400146484375,877749.0915067934,0.5954797823100313,1.6793181392670002,596270.8795856948
2021-05-24 00:00:00+00:00,1.6780283835546372,326.8999938964844,878896.4547506312,0.5957839766283103,1.6784607160119491,596296.7179904769
2021-05-25 00:00:00+00:00,1.659465151298096,331.760009765625,900802.2835144385,0.6016881550740176,1.6619905038299838,596322.557514923
2021-05-26 00:00:00+00:00,1.6580019634267114,332.95001220703125,906146.5362012191,0.6030945698908582,1.6581147467153776,596348.398159082
2021-05-27 00:00:00+00:00,1.6542699636431082,332.6700134277344,904857.1511662476,0.6027432922980044,1.6590810926944113,596374.2399230023
2021-05-28 00:00:00+00:00,1.658391583833203,333.6000061035156,909028.0622489495,0.6038335773344579,1.6560854472756643,596400.0828067324
2021-06-01 00:00:00+00:00,1.655012440393669,331.42999267578125,899209.8202744883,0.6012225380609648,1.6632776329795518,596425.7611436308
2021-06-02 00:00:00+00:00,1.232221234126984,331.70001220703125,892938.757847894,0.8108980541906295,1.233200640736666,208233.89046873146
2021-06-03 00:00:00+00:00,1.2316760964248086,328.2799987792969,881576.0258930196,0.8089197147099153,1.2362166254763707,208242.91393731846
2021-06-04 00:00:00+00:00,1.2346964788295283,331.7799987792969,893186.2487240147,0.8109272582470394,1.233156229279645,208251.9377969224
2021-06-07 00:00:00+00:00,1.2298921830598837,334.3399963378906,901675.8653764144,0.8123668330467887,1.2309709841913308,208260.96204756026
2021-06-08 00:00:00+00:00,1.229064959780487,335.0299987792969,903957.5003301011,0.8127451540984747,1.2303979850968596,208269.98668924897
2021-06-09 00:00:00+00:00,1.2289434007617306,336.6499938964844,909326.5104128212,0.8136381687483477,1.2290475525974158,208279.01172200553
2021-06-10 00:00:00+00:00,1.2288887806534006,336.7300109863281,909583.1245050824,0.8136743801152931,1.2289928556658076,208288.03714584679
2021-06-11 00:00:00+00:00,1.2260068059365954,339.69000244140625,919400.633238316,0.8152899809382842,1.226557449962945,208297.06296078977
2021-06-14 00:00:00+00:00,1.2252965288750357,340.4599914550781,921947.8048319414,0.8156997376670184,1.225941303916682,208306.08916685142
2021-06-15 00:00:00+00:00,1.222693659796537,341.5199890136719,925457.741984668,0.8162638006895924,1.225094141324391,208315.11576404865
2021-06-16 00:00:00+00:00,1.2244981909739678,337.45001220703125,911937.2679844972,0.8140397047012758,1.2284413084825698,208324.14275239842
2021-06-17 00:00:00+00:00,1.225518656267048,339.9200134277344,920128.1130362434,0.8153829703868783,1.2264175685758136,208333.17013191766
2021-06-18 00:00:00+00:00,1.2220748771065952,341.8599853515625,926559.1430287506,0.816422468301801,1.2248560504220924,208342.42938392353
2021-06-21 00:00:00+00:00,1.224237398211792,340.1499938964844,921861.5456928669,0.8163667421604206,1.2249396605177902,207363.22313255884
2021-06-22 00:00:00+00:00,1.2215803001870862,343.8399963378906,934102.3434512204,0.8183293731812561,1.2220018403011728,207372.43927580895
2021-06-23 00:00:00+00:00,1.2190973977097126,346.8800048828125,944185.3009626421,0.819913506022691,1.2196408433993098,207381.65582866568
2021-06-24 00:00:00+00:00,1.2189787097800378,349.1700134277344,951778.4194878828,0.8210866400856789,1.217898271850644,207390.87279114695
2021-06-25 00:00:00+00:00,1.2173524237608055,348.8399963378906,950673.616407471,0.8209094214068474,1.2181611928466274,207400.09016327097
2021-06-28 00:00:00+00:00,1.2176898846365323,350.7200012207031,956905.6102008087,0.8218615043811782,1.2167500176966575,207409.30794505603
2021-06-29 00:00:00+00:00,1.2145247209000496,352.6700134277344,963370.012833109,0.8228386089950436,1.2153051510566923,207418.52613652023
2021-06-30 00:00:00+00:00,1.2135975098239802,353.8299865722656,967211.6554093123,0.8234115553149975,1.2144595172913843,207427.74473768187
2021-07-01 00:00:00+00:00,1.214018763632988,352.67999267578125,963384.8194143756,0.8228279727018529,1.2153208607096593,207436.84851092313
2021-07-02 00:00:00+00:00,1.7518782672831466,356.2799987792969,976770.9673631202,0.5728568337695291,1.7456368520905494,728316.4293180777
2021-07-06 00:00:00+00:00,1.7371134744095598,356.489990234375,977743.5763695342,0.5730894707232789,1.7449282373621875,728348.7989371584
2021-07-07 00:00:00+00:00,1.7316771091580274,358.94000244140625,989436.4914638109,0.5759845841983149,1.736157576841838,728381.1699948891
2021-07-08 00:00:00+00:00,1.7290694036764431,354.4200134277344,967772.322832991,0.5705579456930242,1.752670359862147,728413.5424913332
2021-07-09 00:00:00+00:00,1.7368203178735842,357.57000732421875,982815.2124851741,0.5743221743780227,1.7411829885951666,728445.9164265551
2021-07-12 00:00:00+00:00,1.728971941802851,360.8299865722656,998384.469390026,0.5781492842556033,1.7296570751402918,728478.2918006185
2021-07-13 00:00:00+00:00,1.724137787150213,361.5400085449219,1001750.1208724732,0.5789590372501148,1.7272379143604113,728510.6686135874
2021-07-14 00:00:00+00:00,1.7241932784171132,362.2200012207031,1004972.0564896343,0.5797307762387215,1.7249386111394234,728543.0468655257
2021-07-15 00:00:00+00:00,1.7220160063905277,358.4599914550781,986944.9948498256,0.575303553682423,1.7382127984420834,728575.4265564975
2021-07-16 00:00:00+00:00,1.7309116056451113,357.239990234375,981073.9230481387,0.5738342437726931,1.742663514511552,728607.8076865667
2021-07-19 00:00:00+00:00,1.7413615319671376,352.0400085449219,956155.4304754335,0.5675201304597678,1.7620520336254244,728640.1902557971
2021-07-20 00:00:00+00:00,1.7521508253224352,353.79998779296875,964545.967889867,0.5696523773374035,1.7554565552312316,728672.574264253
2021-07-21 00:00:00+00:00,1.7372040559535726,358.1199951171875,985188.3047597755,0.5748247718701509,1.739660586906462,728704.959711998
2021-07-22 00:00:00+00:00,1.7275034925389805,361.7699890136719,1002624.0850787569,0.5790957721098818,1.7268300826244898,728737.3465990963
2021-07-23 00:00:00+00:00,1.719344679076371,363.9200134277344,1012881.2991535424,0.5815638605750164,1.7195016193256203,728769.7349256119
2021-07-26 00:00:00+00:00,1.7052397299031004,366.6000061035156,1025674.837731346,0.5846043349095198,1.7105586467380054,728802.1246916086
2021-07-27 00:00:00+00:00,1.7043472328158022,360.1600036621094,994821.8362331669,0.5771578743080878,1.7326281846172966,728834.5158971505
2021-07-28 00:00:00+00:00,1.7178816657040785,363.239990234375,1009529.6656165072,0.5807246060094243,1.721986617497953,728866.9085423015
2021-07-29 00:00:00+00:00,1.713229432520374,365.25,1019116.7908151565,0.5830133913745954,1.7152264678556657,728899.3026271256
2021-07-30 00:00:00+00:00,1.711118921530038,362.4100036621094,1005492.7202626693,0.5797270319694356,1.724949751959681,728931.6981516869
2021-08-02 00:00:00+00:00,1.7175724675643198,363.8699951171875,1012448.1684135717,0.5813950796038879,1.7200007965002266,728963.4876729673
2021-08-03 00:00:00+00:00,1.7175248074485705,362.0,1003466.3338706957,0.5792139778473874,1.7264776718898214,728995.8860501973
2021-08-04 00:00:00+00:00,1.710185864192221,365.6300048828125,1020806.4376933196,0.5833730602945847,1.714168973615326,729028.2858673552
2021-08-05 00:00:00+00:00,1.708489096847751,367.45001220703125,1029484.240660447,0.5854182195715503,1.70818052217758,729060.6871245048
2021-08-06 00:00:00+00:00,1.7009466030708176,366.9100036621094,1026867.4611607234,0.5847895959770887,1.7100167425673194,729093.0898217103
2021-08-09 00:00:00+00:00,1.7062643617446738,367.3900146484375,1029132.2970757748,0.5853136566908576,1.7084856786934077,729125.4939590357
2021-08-10 00:00:00+00:00,1.704098141572827,365.6199951171875,1020628.9192153574,0.5832875801083913,1.714420183289642,729157.8995365449
2021-08-11 00:00:00+00:00,1.710356461824288,364.8399963378906,1016863.5883945168,0.5823781220821499,1.7170974699817803,729190.3065543021
2021-08-12 00:00:00+00:00,1.7125033909666434,364.29998779296875,1014246.8031339295,0.5817404850371583,1.7189795548372842,729222.7150123712
2021-08-13 00:00:00+00:00,1.7081860394413058,367.3800048828125,1028954.761315222,0.5852286290596697,1.7087339038877412,729255.1249108162
2021-08-16 00:00:00+00:00,1.704018636716371,363.70001220703125,1011310.6143951861,0.5810132649058015,1.7211311004442007,729287.5362497012
2021-08-17 00:00:00+00:00,1.7035518415198478,363.2300109863281,1009028.8663721923,0.5804524715825039,1.7227939391379827,729319.9490290901
2021-08-18 00:00:00+00:00,1.7143238733234758,361.8699951171875,1002487.6783627911,0.5788569696250743,1.7275424715844747,729352.3632490468
2021-08-19 00:00:00+00:00,1.7263634970925108,359.9599914550781,993314.5559505919,0.5766036200680692,1.734293655461178,729384.576311757
2021-08-20 00:00:00+00:00,1.7204098651716153,364.739990234375,1016158.4942176237,0.5821338689548347,1.7178179338635697,729416.7907972108
2021-08-23 00:00:00+00:00,1.7078499085298324,368.7900085449219,1035508.8852513811,0.5867045837015902,1.7044352946603536,729449.006705471
2021-08-24 00:00:00+00:00,1.6902707041724192,373.3599853515625,1057347.695995996,0.5917453451428955,1.6899161239004232,729481.2240366004
2021-08-25 00:00:00+00:00,1.6867764945926016,373.8599853515625,1059708.38086061,0.5922733374099243,1.6884096190672853,729513.442790662
2021-08-26 00:00:00+00:00,1.6854995387098148,371.9700012207031,1050631.0609516087,0.5901835738187194,1.6943880588366893,729545.6629677186
2021-08-27 00:00:00+00:00,1.6929675558135857,372.57000732421875,1053470.352904154,0.5908254924150389,1.6925471443563358,729577.884567833
2021-08-30 00:00:00+00:00,1.6817993561822981,376.8299865722656,1073825.7720577084,0.5954333640837156,1.6794490539488882,729609.9049305447
2021-08-31 00:00:00+00:00,1.6692187964203695,378.3599853515625,1081116.0295207552,0.5970516522141914,1.6748969645950353,729641.9266985945
2021-09-01 00:00:00+00:00,1.670179825255733,380.3699951171875,1090703.9309874047,0.5991636051671819,1.6689932288543703,729673.544515418
2021-09-02 00:00:00+00:00,1.6683773834676745,379.1499938964844,1084833.2157546668,0.5978561741547904,1.672643092485804,729705.5690765384
2021-09-03 00:00:00+00:00,1.668954177799341,379.20001220703125,1085040.5677806395,0.5978915715474011,1.672544065827694,729737.5950431813
2021-09-07 00:00:00+00:00,1.6655864388326798,380.489990234375,1091182.1265876973,0.5992372544660085,1.6687881011188441,729769.6224154081
2021-09-08 00:00:00+00:00,1.664069802800752,378.45001220703125,1081387.1562025268,0.5970593191536911,1.6748754569603936,729801.6511932808
2021-09-09 00:00:00+00:00,1.667987416420445,379.2200012207031,1085040.1450132579,0.5978598232205821,1.672632883429344,729833.6813768611
2021-09-10 00:00:00+00:00,1.6718920017165078,376.25,1070794.2600869276,0.5946676641405679,1.6816115290970646,729865.7129662103
2021-09-13 00:00:00+00:00,1.6805773377720534,374.2200012207031,1061047.0442419758,0.5924510068908887,1.6879032837632924,729897.7459613904
2021-09-14 00:00:00+00:00,1.6814182274901643,374.2799987792969,1061302.1465910445,0.5924984535062897,1.6877681183506827,729929.7803624632
2021-09-15 00:00:00+00:00,1.6847420821242476,373.3699951171875,1056915.0086718788,0.5914873336418737,1.6906532788163937,729961.8161694902
2021-09-16 00:00:00+00:00,1.6763210667396709,374.70001220703125,1063248.17687321,0.5929195049714371,1.6865695792014355,729993.8533825333
2021-09-17 00:00:00+00:00,1.6755919026441068,372.760009765625,1053931.6605295297,0.5907829247585794,1.692669097382334,730025.8920016539
2021-09-20 00:00:00+00:00,1.6893199215801222,360.92999267578125,998769.432244912,0.5782119556336675,1.7294696006485917,728571.9388797167
2021-09-21 00:00:00+00:00,1.7131690379190838,364.989990234375,1018167.8217315825,0.5828854453431483,1.7156029679404565,728603.9150925898
2021-09-22 00:00:00+00:00,1.711722306347668,365.9599914550781,1022778.0829775889,0.5839727769539578,1.7124085907155961,728635.8927088632
2021-09-23 00:00:00+00:00,1.7005744375223568,370.1000061035156,1042559.4160250826,0.5886084881558509,1.6989221530478873,728667.8717285988
2021-09-24 00:00:00+00:00,1.6898026231244603,370.2699890136719,1043340.9410434751,0.5887793018365729,1.6984292703237203,728699.852151858
2021-09-27 00:00:00+00:00,1.6887616630779299,367.7300109863281,1031153.1139906575,0.58592075304721,1.7067154470963515,728731.8339787025
2021-09-28 00:00:00+00:00,1.6982250509749024,359.3500061035156,991016.0427429695,0.5762458706607573,1.7353703530288926,728763.8172091937
2021-09-29 00:00:00+00:00,1.7335283701019257,358.6400146484375,987586.1758645998,0.5753883393621936,1.737956666116105,728795.8018433935
2021-09-30 00:00:00+00:00,1.7356750874104518,357.1000061035156,980184.0057867611,0.5735384679136419,1.7435622123790495,728827.7878813633
2021-10-01 00:00:00+00:00,1.7404531015677056,354.3800048828125,967135.0217216429,0.5702465917360969,1.75362731578199,728859.3704188382
2021-10-04 00:00:00+00:00,1.732601023716823,350.32000732421875,947672.6671941757,0.5652469289860195,1.7691383158752791,728891.3592467621
2021-10-05 00:00:00+00:00,1.76030728244931,353.4800109863281,962763.8453584749,0.5691145788043723,1.7571154161976588,728923.3494786401
2021-10-06 00:00:00+00:00,1.7427167398733032,353.1499938964844,961152.4555455577,0.5686929895506904,1.7584180188155198,728955.3411145338
2021-10-07 00:00:00+00:00,1.7345703881958243,362.25,1004671.3375757255,0.5795093082383055,1.7255978217847374,728987.334154505
2021-10-08 00:00:00+00:00,1.723117697681231,360.6099853515625,996790.5491577623,0.5775784239070588,1.7313666137932384,729019.3285986151
2021-10-11 00:00:00+00:00,1.7294403391181656,358.29998779296875,985703.3502752717,0.5748363686105493,1.739625491019512,729051.3244469258
2021-10-12 00:00:00+00:00,1.7393023417843723,356.4800109863281,976961.2948496678,0.572646978498005,1.7462765674987033,729083.3216994988
2021-10-13 00:00:00+00:00,1.7438715284853035,357.42999267578125,981475.7254375063,0.5737640962466245,1.7428765699033284,729115.3203563956
2021-10-14 00:00:00+00:00,1.7336822834052605,363.010009765625,1008148.6115493381,0.5802975722206887,1.723253806100187,729147.3204176778
2021-10-15 00:00:00+00:00,1.7110349768642297,366.82000732421875,1026350.5239738144,0.5846386071964784,1.7104583715319572,729179.3218834072
2021-10-18 00:00:00+00:00,1.7035039518491144,366.989990234375,1027132.0265452279,0.5848127735306596,1.7099489704418598,729211.3247536455
2021-10-19 00:00:00+00:00,1.6917071609811447,372.70001220703125,1054427.0867525877,0.5911557860821894,1.6916014755220008,729243.3290284541
2021-10-20 00:00:00+00:00,1.6830143751532505,373.4599914550781,1058032.1952586863,0.591969863898279,1.6892751827174681,729275.3347078948
2021-10-21 00:00:00+00:00,1.684568419534101,373.8500061035156,1059866.7231017167,0.5923776472607539,1.688112312515766,729307.3417920293
2021-10-22 00:00:00+00:00,1.677647493600929,372.3900146484375,1052847.476940644,0.5907615637480823,1.6927303016389683,729339.350280919
2021-10-25 00:00:00+00:00,1.6873873014873613,373.55999755859375,1058414.7797259395,0.5920253860927724,1.6891167566305958,729371.3601746258
2021-10-26 00:00:00+00:00,1.6757638680494795,377.9100036621094,1079201.059120078,0.5967037572533537,1.675873476317682,729403.3714732112
2021-10-27 00:00:00+00:00,1.6722662247149802,379.30999755859375,1085869.1473385943,0.5981746470010526,1.67175256426112,729435.384176737
2021-10-28 00:00:00+00:00,1.6697159023235923,381.1600036621094,1094690.9058294138,0.6001074048015267,1.6663683733926424,729467.3982852647
2021-10-29 00:00:00+00:00,1.6575715117438201,380.70001220703125,1092457.45988099,0.5996066513223937,1.6677600186631765,729499.4137988562
2021-11-01 00:00:00+00:00,1.6523005862267268,384.4200134277344,1110228.8543659933,0.6034639325855035,1.6570998629786582,729531.2280788467
2021-11-02 00:00:00+00:00,1.6486832209248488,386.75,1121347.7026514618,0.6058355769248875,1.6506128693792137,729563.2463938568
2021-11-03 00:00:00+00:00,1.6442884482595121,388.4800109863281,1129595.1820302685,0.6075736798011694,1.645890915365612,729595.2661141152
2021-11-04 00:00:00+00:00,1.6332806349327258,393.9200134277344,1155597.9639599868,0.6129760691591721,1.6313850577751168,729627.2872396837
2021-11-05 00:00:00+00:00,1.6203380645533123,397.1600036621094,1171071.9101416636,0.6161165228799182,1.6230696026876412,729659.3097706236
2021-11-08 00:00:00+00:00,1.6194243875366907,397.3999938964844,1172188.4332058555,0.6163315124323352,1.6225034414572244,729691.3337069969
2021-11-09 00:00:00+00:00,1.620830513765105,393.9200134277344,1155501.8921508053,0.6129251087717488,1.6315206959034805,729723.3590488652
2021-11-10 00:00:00+00:00,1.6278799755965712,387.5299987792969,1124888.4870521121,0.606525330021706,1.6487357584294338,729755.3857962901
2021-11-11 00:00:00+00:00,1.643316522781977,390.239990234375,1137825.9556179396,0.6092406352186129,1.6413875605017243,729787.4139493335
2021-11-12 00:00:00+00:00,1.640444723462643,390.1300048828125,1137267.5573677062,0.609113317608803,1.6417306453349292,729819.4435080567
2021-11-15 00:00:00+00:00,1.629622170045998,392.1000061035156,1146663.5725028713,0.6110601534216782,1.6365000964314615,729851.4744725218
2021-11-16 00:00:00+00:00,1.6299013437447416,393.6600036621094,1154097.3877387699,0.6125844434293478,1.632428003561169,729883.5068427904
2021-11-17 00:00:00+00:00,1.6227185779333217,396.6400146484375,1168327.1121083894,0.6154782743027015,1.6247527195544595,729915.540618924
2021-11-18 00:00:00+00:00,1.6222294003943476,397.45001220703125,1172171.5691044834,0.6162450823566777,1.6227310020483183,729947.5758009845
2021-11-19 00:00:00+00:00,1.6119868211636332,402.5799865722656,1196690.6009609955,0.6211185457007872,1.6099986176901764,729979.6123890335
2021-11-22 00:00:00+00:00,1.6065781904701475,399.19000244140625,1180434.7523789266,0.6178842550475604,1.6184260916682964,730011.6503831327
2021-11-23 00:00:00+00:00,1.6181504516604595,392.9200134277344,1150395.7541789757,0.6117696360138823,1.6346022115705459,730043.689783344
2021-11-24 00:00:00+00:00,1.622787785515828,392.5400085449219,1148545.083254198,0.6113767476599551,1.6356526541571963,730075.730589729
2021-11-26 00:00:00+00:00,1.6195941555790965,389.7699890136719,1135256.2615213192,0.6085977003051487,1.643121555501448,730107.7728023494
2021-11-29 00:00:00+00:00,1.639267773103968,395.1400146484375,1160924.125450021,0.6138999849477524,1.6289298330657358,730139.8164212669
2021-11-30 00:00:00+00:00,1.6173502420689214,391.75,1144668.1237855274,0.6105417703921215,1.6378895736449748,730171.8614465432
2021-12-01 00:00:00+00:00,1.6324162576640728,386.6400146484375,1120180.8753010854,0.6053773292289855,1.651862320767132,730203.7050527228
2021-12-02 00:00:00+00:00,1.6505283177242676,384.3399963378906,1109141.383195154,0.6029983527796934,1.6583793229122665,730235.7528820002
2021-12-03 00:00:00+00:00,1.6429272797599177,378.8999938964844,1083074.5309040463,0.5972807843178418,1.674254431510142,730267.8021178212
2021-12-06 00:00:00+00:00,1.661883010466672,379.29998779296875,1084956.773946311,0.597687818892451,1.6731142385552644,730299.8527602474
2021-12-07 00:00:00+00:00,1.6532321970412003,392.989990234375,1150442.4346606466,0.6116855225623973,1.6348269872579686,730331.9048093407
2021-12-08 00:00:00+00:00,1.622297497168424,396.2200012207031,1165868.591159915,0.6148341834514953,1.62645478555909,730363.958265163
2021-12-09 00:00:00+00:00,1.6178569096503963,393.5299987792969,1152962.7031447298,0.6121843349240678,1.6334949180364684,730396.0131277756
2021-12-10 00:00:00+00:00,1.6329694102350099,393.3599853515625,1152116.9953823667,0.6119996896420894,1.633987756733703,730428.0693972408
2021-12-13 00:00:00+00:00,1.621973803274055,391.8800048828125,1145002.0364675066,0.610517268077319,1.6379553082081781,730460.1270736197
2021-12-14 00:00:00+00:00,1.6369436376205266,383.6300048828125,1105487.0676760096,0.6021239430500525,1.6607876360712557,730492.1861569746
2021-12-15 00:00:00+00:00,1.6479681072705759,383.8800048828125,1106651.4589949548,0.6023656069456036,1.6601213423699084,730524.2466473671
2021-12-16 00:00:00+00:00,1.6245502703963701,385.2099914550781,1112984.456460591,0.6037210988699243,1.6563939903240927,730556.3085448589
2021-12-17 00:00:00+00:00,1.6518253574568558,381.7699890136719,1096489.2045753524,0.6001328124889522,1.6662978247309363,730588.3718495118
2021-12-20 00:00:00+00:00,1.6572895986785903,377.4700012207031,1077640.6006785226,0.5965355094459762,1.6763461422920751,728858.0630462333
2021-12-21 00:00:00+00:00,1.6668107214057155,380.20001220703125,1090673.918244393,0.5994149896294804,1.6682932814511953,728890.0518167779
2021-12-22 00:00:00+00:00,1.6428770032429871,388.2300109863281,1129071.954343772,0.6076833168303576,1.6455939669628328,728922.0419912742
2021-12-23 00:00:00+00:00,1.630311793089556,394.1400146484375,1157324.1010641535,0.613549020059415,1.6298616203529455,728954.0335697839
2021-12-27 00:00:00+00:00,1.622703058059096,398.2200012207031,1176818.137347411,0.6174916392979906,1.6194551251525815,728986.0265523683
2021-12-28 00:00:00+00:00,1.6064818330791542,400.7099914550781,1188702.756245294,0.6198518420343546,1.6132887444812596,729018.0209390891
2021-12-29 00:00:00+00:00,1.6110745503594444,399.1099853515625,1181013.4396643648,0.6183111015032788,1.6173088232909516,729050.0167300082
2021-12-30 00:00:00+00:00,1.6112648843177122,399.75,1184044.4292056889,0.6189054745738463,1.6157556219527067,729082.0139251868
2021-12-31 00:00:00+00:00,1.6142659203235803,397.3399963378906,1172478.6176380245,0.6165771780140421,1.6218569802095817,729114.0125246869
2022-01-03 00:00:00+00:00,1.6205651182109717,396.8800048828125,1170245.3897309792,0.6161160428134222,1.6230708673541698,729145.8099968997
2022-01-04 00:00:00+00:00,1.0971837476264172,393.2900085449219,1120627.0119138379,0.9095308262553352,1.0994679576910427,111466.48020848526
2022-01-05 00:00:00+00:00,1.0985914913962562,384.0299987792969,1091612.4894213832,0.9073453016114217,1.1021162486035094,111471.37234844995
2022-01-06 00:00:00+00:00,1.1020401068596917,380.1300048828125,1079389.7501985582,0.9063905902862393,1.1032771199491367,111476.26470312526
2022-01-07 00:00:00+00:00,1.1021241217607634,378.0400085449219,1072837.3460460396,0.9058689390057313,1.1039124501802497,111481.15727252055
2022-01-10 00:00:00+00:00,1.103363126453593,369.30999755859375,1045483.1957452883,0.9036395734275801,1.1066359081717911,111486.0500566453
2022-01-11 00:00:00+00:00,1.1032931237501924,377.2200012207031,1070258.6526739656,0.9056560345284591,1.1041719614010657,111490.94305550889
2022-01-12 00:00:00+00:00,1.1016139981452124,385.010009765625,1094658.1903465742,0.9075608638625011,1.1018544759015785,111495.83626912076
2022-01-13 00:00:00+00:00,1.1011769142358674,376.70001220703125,1068619.8516512464,0.9055175111258051,1.1043408743766063,111500.72969749036
2022-01-14 00:00:00+00:00,1.1040480489256639,374.8599853515625,1062850.5473577068,0.9050495700343448,1.1049118557805093,111505.62334062708
2022-01-18 00:00:00+00:00,1.103343121407697,369.7699890136719,1046899.783463471,0.903738323860886,1.1065149873559326,111510.51719854036
2022-01-19 00:00:00+00:00,1.106266949609058,366.2099914550781,1035742.1783413789,0.9027982797578233,1.1076671526979993,111515.41127123962
2022-01-20 00:00:00+00:00,1.1075792903222896,361.1700134277344,1019948.1106881427,0.9014375443826781,1.1093391951905214,111520.30555873431
2022-01-21 00:00:00+00:00,1.1091548004358769,351.3999938964844,989335.8343026947,0.8986927535994652,1.1127273431267546,111525.20006103383
2022-01-24 00:00:00+00:00,1.1126239174350065,334.1499938964844,935290.3784796855,0.8934582408089017,1.1192464900146197,111530.09477814761
2022-01-25 00:00:00+00:00,1.1120586514394482,341.67999267578125,958875.3594410764,0.8958016523303117,1.1163185481949378,111534.9897100851
2022-01-26 00:00:00+00:00,1.1150294945363992,340.7799987792969,956050.9758793551,0.895521881125942,1.1166672987852595,111539.8848568557
2022-01-27 00:00:00+00:00,1.1152361700364806,340.04998779296875,953759.1122096466,0.8952929947864658,1.1169527806240767,111544.78021846885
2022-01-28 00:00:00+00:00,1.1165508008658867,337.95001220703125,947175.4421999789,0.8946377356133813,1.117770869920192,111549.675794934
2022-01-31 00:00:00+00:00,1.1126122337166668,351.5199890136719,989682.3818187888,0.8987006645197191,1.112717548211024,111554.57158626056
2022-02-01 00:00:00+00:00,1.1087484905337197,359.1400146484375,1013549.3965919563,0.9008456237936345,1.110068111102996,111559.46759245796
2022-02-02 00:00:00+00:00,1.1079395536236967,364.2900085449219,1029678.3299278613,0.9022430860452756,1.1083487537523993,111564.36381353563
2022-02-03 00:00:00+00:00,1.1069816985147622,352.4599914550781,992612.5197859525,0.8989575246877191,1.1123996101455196,111569.260249503
2022-02-04 00:00:00+00:00,1.1120142654582534,351.9700012207031,991072.5885146782,0.8988124189688949,1.1125791977231314,111574.1569003695
2022-02-07 00:00:00+00:00,1.1104700481367322,353.8399963378906,996925.9864545899,0.8993427637064004,1.111923106912839,111579.05376614457
2022-02-08 00:00:00+00:00,1.1114712268281304,352.79998779296875,993662.965007375,0.899041608489269,1.1122955718149456,111583.95084683763
2022-02-09 00:00:00+00:00,1.1101017396013342,362.1199951171875,1022855.6575849045,0.9016356925534127,1.1090954010128213,111588.84814245814
2022-02-10 00:00:00+00:00,1.1075764766945508,356.5400085449219,1005369.8554176167,0.9000918691118934,1.1109977040306833,111593.7456530155
2022-02-11 00:00:00+00:00,1.1103478334765657,345.79998779296875,971718.7694182284,0.8969843537450298,1.114846647909594,111598.64337851916
2022-02-14 00:00:00+00:00,1.1143820023780626,343.8900146484375,965730.334061673,0.8964076560949632,1.1155638767704394,111603.54131897855
2022-02-15 00:00:00+00:00,1.114229881897168,351.82000732421875,990568.4071389937,0.8987381745340262,1.1126711074874231,111608.4394744031
2022-02-16 00:00:00+00:00,1.1111559560568784,350.7099914550781,987086.0664262869,0.8984132171084137,1.1130735623175139,111613.33784480226
2022-02-17 00:00:00+00:00,1.1111925994866707,345.0199890136719,969255.6069929323,0.8967333356160313,1.1151587214197043,111618.23643018544
2022-02-18 00:00:00+00:00,1.1149988841933303,339.1400146484375,950830.0059325238,0.894938298070853,1.1173954697833584,111623.1352305621
2022-02-22 00:00:00+00:00,1.1164858736943044,334.3500061035156,935819.0344841231,0.8934284723510845,1.1192837825824706,111628.03424594166
2022-02-23 00:00:00+00:00,1.1178126983634187,329.1000061035156,919367.0079606327,0.8917236277232528,1.1214236888095006,111632.93347633355
2022-02-24 00:00:00+00:00,1.121291427791129,318.260009765625,885402.7181102645,0.8880307999447027,1.1260870682213608,111637.83292174723
2022-02-25 00:00:00+00:00,1.1168928083799636,337.3900146484375,945328.0328165276,0.8943748150498021,1.1180994625215561,111642.73258219214
2022-02-28 00:00:00+00:00,1.114908347325135,341.32000732421875,957634.9595695217,0.8955864115902135,1.1165868385881252,111647.6324576777
2022-03-01 00:00:00+00:00,1.1145335848464937,338.8999938964844,950048.6749271853,0.8948362008425044,1.117522960133354,111652.53254821335
2022-03-02 00:00:00+00:00,0.7001017637273206,340.239990234375,945418.8199449194,1.4299375336712146,0.6993312480109567,0.0
2022-03-03 00:00:00+00:00,0.7035838577926667,340.3500061035156,945632.604907594,1.4297985592313887,0.699399222039758,0.0
2022-03-04 00:00:00+00:00,0.7005744508698701,334.9200134277344,935080.9382200281,1.436766799214429,0.6960071742656936,0.0
2022-03-07 00:00:00+00:00,0.6975032912367867,324.6499938964844,915124.0378264284,1.450583536139932,0.6893777401203967,0.0
2022-03-08 00:00:00+00:00,0.6895161867678065,319.94000244140625,905971.4914230178,1.457216794215895,0.6862396892276308,0.0
2022-03-09 00:00:00+00:00,0.6885179069095665,329.0899963378906,923751.9363616613,1.4445043723161106,0.6922789706732457,0.0
2022-03-10 00:00:00+00:00,0.6960513747389611,326.7099914550781,919127.064886194,1.4477424813553603,0.6907305773495098,0.0
2022-03-11 00:00:00+00:00,0.693683696622799,323.8999938964844,913666.6233346979,1.4516268756227135,0.6888822581016376,0.0
2022-03-14 00:00:00+00:00,0.6892127548957576,317.45001220703125,901132.8942872236,1.4608030764928264,0.6845549657527098,0.0
2022-03-15 00:00:00+00:00,0.6850439739417004,319.2300109863281,904591.8223088367,1.4582336786122223,0.6857611469731546,0.0
2022-03-16 00:00:00+00:00,0.6916692762222693,328.3999938964844,922411.1102850813,1.4454383220963003,0.6918316642869362,0.0
2022-03-17 00:00:00+00:00,0.6993806901444333,337.0400085449219,939200.5536949442,1.4340195186002325,0.6973405780251266,0.0
2022-03-18 00:00:00+00:00,0.7019046247312524,341.54998779296875,947964.4325129545,1.4282885301883086,0.7001386476639687,0.0
2022-03-21 00:00:00+00:00,0.7061265758289443,345.5799865722656,956428.1218991706,1.4242359162978544,0.7021308678967952,0.0
2022-03-22 00:00:00+00:00,0.7048295693670984,350.20001220703125,965405.8449822026,1.4186391694670013,0.7049008807332673,0.0
2022-03-23 00:00:00+00:00,0.7088623440623234,351.7699890136719,968456.6542484413,1.4167707503097633,0.7058304950051796,0.0
2022-03-24 00:00:00+00:00,0.7058659045693326,351.5899963378906,968106.8890029893,1.416984111563829,0.705724215140541,0.0
2022-03-25 00:00:00+00:00,0.7104093060412071,354.94000244140625,974616.6855931886,1.4130485187616668,0.7076897832753511,0.0
2022-03-28 00:00:00+00:00,0.7102376045010353,358.07000732421875,980698.9715603866,1.4094379290610002,0.7095026885406885,0.0
2022-03-29 00:00:00+00:00,0.713387210099823,366.05999755859375,996225.2749688716,1.4005011288736033,0.7140301277759634,0.0
2022-03-30 00:00:00+00:00,0.7168633338024997,365.57000732421875,995273.1164776922,1.4010379388910352,0.7137565459444524,0.0
2022-03-31 00:00:00+00:00,0.7146035170848759,361.67999267578125,987713.9648487895,1.405351264174316,0.7115658735949753,0.0
2022-04-01 00:00:00+00:00,0.7120530761244566,358.5899963378906,981709.4242591414,1.4088442057919002,0.7098016912650096,0.0
2022-04-04 00:00:00+00:00,0.7116623176035421,362.44000244140625,989190.8305104944,1.404501272679984,0.7119965068396562,0.0
2022-04-05 00:00:00+00:00,0.7158260693332316,359.92999267578125,984313.3310347515,1.4073221049676365,0.7105693831356372,0.0
2022-04-06 00:00:00+00:00,0.7112363769117218,350.55999755859375,966105.3754731066,1.41820927452848,0.705114553938082,0.0
2022-04-07 00:00:00+00:00,0.7067073647938803,348.69000244140625,962471.5648287673,1.4204520956471105,0.7040012141658557,0.0
2022-04-08 00:00:00+00:00,0.7071993980965798,348.5,962102.3484133412,1.4206813264209048,0.7038876216662049,0.0
2022-04-11 00:00:00+00:00,0.7042758583814895,340.5400085449219,946634.3392124313,1.430514590294743,0.6990491441222981,0.0
2022-04-12 00:00:00+00:00,0.6992652162985182,338.0400085449219,941776.2909066626,1.4336984929350536,0.6974967225869155,0.0
2022-04-13 00:00:00+00:00,0.6983742540907215,339.05999755859375,943758.3532665711,1.4323938043807416,0.6981320339013364,0.0
2022-04-14 00:00:00+00:00,0.7025961515642568,338.2099914550781,942106.6049821404,1.4334805179082302,0.6976027839284656,0.0
2022-04-18 00:00:00+00:00,0.697739943974024,335.7900085449219,937404.0474314711,1.4366045401201157,0.696085785665406,0.0
2022-04-19 00:00:00+00:00,0.6979018870610597,336.9800109863281,939716.4831692048,1.4350627262091027,0.6968336517537632,0.0
2022-04-20 00:00:00+00:00,0.7025418463811414,339.9599914550781,945507.2387961784,1.431249105608528,0.6986903929451382,0.0
2022-04-21 00:00:00+00:00,0.6994624789404089,333.20001220703125,932371.1165029766,1.43999830998383,0.694445259460915,0.0
2022-04-22 00:00:00+00:00,0.695049038803279,324.9599914550781,916358.9489615671,1.4511553610068089,0.6891060922010458,0.0
2022-04-25 00:00:00+00:00,0.6893959055979798,322.42999267578125,911442.6064482232,1.4546954240857675,0.6874291232671403,0.0
2022-04-26 00:00:00+00:00,0.6921224010093732,316.8599853515625,900618.8605904074,1.462688408241329,0.6836726088520488,0.0
2022-04-27 00:00:00+00:00,0.6838636200060859,315.0,897004.5011160425,1.4654204516116993,0.6823980100046915,0.0
2022-04-28 00:00:00+00:00,0.6836043584470193,317.5199890136719,901901.392459412,1.4617266544796101,0.6841224362540002,0.0
2022-04-29 00:00:00+00:00,0.6911039793570741,312.6000061035156,892340.7866029742,1.4689937280715764,0.680738100436107,0.0
2022-05-02 00:00:00+00:00,0.6811893669961907,309.6499938964844,886608.2658812283,1.473461796051887,0.6786738568176529,0.0
2022-05-03 00:00:00+00:00,0.684774462877703,315.9800109863281,898908.8774007488,1.4639769515801073,0.683070863185841,0.0
2022-05-04 00:00:00+00:00,0.6850047362067202,313.8900146484375,894847.556133408,1.4670662825062732,0.6816324605945158,0.0
2022-05-05 00:00:00+00:00,0.6921353440350133,309.6199951171875,886549.9716736529,1.4735076693034508,0.6786527283381668,0.0
2022-05-06 00:00:00+00:00,0.6810159523581262,305.1099853515625,877786.0335532952,1.4805068640698764,0.6754443523828217,0.0
2022-05-09 00:00:00+00:00,0.6783919079359648,295.7200012207031,859539.2349540492,1.4957643772910325,0.6685544964047696,0.0
2022-05-10 00:00:00+00:00,0.6696225678418803,296.57000732421875,861190.98323848,1.4943434556327535,0.6691902027145209,0.0
2022-05-11 00:00:00+00:00,0.6722885368736073,290.95001220703125,850270.1001354879,1.50389220177576,0.6649412762558539,0.0
2022-05-12 00:00:00+00:00,0.6656213964271415,284.94000244140625,838591.3330316691,1.5145203937724854,0.6602750310341626,0.0
2022-05-13 00:00:00+00:00,0.6650943418673235,294.0799865722656,856352.3268003382,1.4985291381658126,0.6673210246842393,0.0
2022-05-16 00:00:00+00:00,0.6731506466254935,297.1300048828125,862279.1813147842,1.4934117721147246,0.6696076853498779,0.0
2022-05-17 00:00:00+00:00,0.6705801954288031,300.54998779296875,868924.9581877613,1.4877971991756478,0.6721346165687606,0.0
2022-05-18 00:00:00+00:00,0.6762041916690633,289.8500061035156,848132.5470204803,1.505804516717266,0.6640968259147297,0.0
2022-05-19 00:00:00+00:00,0.6650867070847976,287.5799865722656,843721.4012053398,1.5097970968186427,0.6623406563088128,0.0
2022-05-20 00:00:00+00:00,0.6638888868233737,280.2099914550781,829399.8842883097,1.5232056198152686,0.656510182861115,0.0
2022-05-23 00:00:00+00:00,0.6631939484306636,287.2900085449219,843157.910299561,1.5103116638139582,0.6621149951757117,0.0
2022-05-24 00:00:00+00:00,0.6668674801405972,282.25,833364.0683104743,1.5194240646862192,0.6581441108124828,0.0
2022-05-25 00:00:00+00:00,0.6620760403823104,285.5,839679.5311079734,1.5135111812878645,0.6607153038334928,0.0
2022-05-26 00:00:00+00:00,0.6651784881926313,290.1499938964844,848715.4890962333,1.5052815624390115,0.6643275417389006,0.0
2022-05-27 00:00:00+00:00,0.6712376383333567,302.4200134277344,872558.8281344479,1.484780886674745,0.6735000490473443,0.0
2022-05-31 00:00:00+00:00,0.6782860521922347,304.3299865722656,876270.3248539894,1.4817384047788278,0.6748829596201669,0.0
2022-06-01 00:00:00+00:00,0.6777061113767566,303.7300109863281,875104.4407024829,1.482690010715749,0.6744498126869171,0.0
2022-06-02 00:00:00+00:00,0.6760825638960295,303.3999938964844,874463.1451168068,1.4832150468259588,0.6742110674645417,0.0
2022-06-03 00:00:00+00:00,0.6819708580632936,304.9200134277344,877416.8764402166,1.4808062304917584,0.6753078015264102,0.0
2022-06-06 00:00:00+00:00,0.6762256433454781,305.6199951171875,878777.0943844232,1.4797050081800764,0.6758103773872627,0.0
2022-06-07 00:00:00+00:00,0.6769533346551202,302.69000244140625,873083.4760026257,1.4843484788899333,0.6736962473581998,0.0
2022-06-08 00:00:00+00:00,0.678828721303728,306.7699890136719,881011.7847446072,1.4779067298240554,0.6766326858252075,0.0
2022-06-09 00:00:00+00:00,0.6772520351435143,299.2300109863281,866359.9537520994,1.4899489919959394,0.6711639159273483,0.0
2022-06-10 00:00:00+00:00,0.6712892423457082,288.3800048828125,845276.0122445946,1.5083828274337583,0.6629616711437373,0.0
2022-06-13 00:00:00+00:00,0.6633177066547227,274.5299987792969,818362.4127701671,1.5340306811990612,0.6518774443405259,0.0
2022-06-14 00:00:00+00:00,0.6526033611284678,273.3399963378906,816049.9770324335,1.5363556165284193,0.650890971622586,0.0
2022-06-15 00:00:00+00:00,0.6530144644358297,276.6099853515625,822404.2828675337,1.5300150031509234,0.6535883621667716,0.0
2022-06-16 00:00:00+00:00,0.6585819620298813,269.2799987792969,808160.5113280531,1.5444423756769454,0.647482881685171,0.0
2022-06-17 00:00:00+00:00,0.6492623583338891,270.510009765625,810550.6924433365,1.5419667922259466,0.6485223968775772,0.0
2022-06-21 00:00:00+00:00,0.6520096570668771,278.6400146484375,827117.1324592133,1.5275720805683985,0.6546335932166992,0.0
2022-06-22 00:00:00+00:00,0.6566021015858953,277.9100036621094,825698.5610050838,1.5289579011931331,0.6540402448096464,0.0
2022-06-23 00:00:00+00:00,0.6562729154714515,280.30999755859375,830362.2755181522,1.524429001955084,0.6559833214387142,0.0
2022-06-24 00:00:00+00:00,0.6595999218818531,287.5,844334.0271897303,1.5113137122006446,0.6616759921696775,0.0
2022-06-27 00:00:00+00:00,0.6671230249695012,291.2900085449219,851698.8450259329,1.5046609493817051,0.664601550542612,0.0
2022-06-28 00:00:00+00:00,0.6654868868386085,283.3500061035156,836269.6788626241,1.5188025025274965,0.6584134529248289,0.0
2022-06-29 00:00:00+00:00,0.6585641981999777,280.8399963378906,831392.1793868811,1.5234393041396426,0.6564094790535464,0.0
2022-06-30 00:00:00+00:00,0.6587702466465608,275.7799987792969,821559.4943601933,1.5330433421871525,0.6522972785448625,0.0
2022-07-01 00:00:00+00:00,0.6559591686222508,277.0299987792969,823988.5185130775,1.5306381724197269,0.6533222665021731,0.0
2022-07-05 00:00:00+00:00,0.6574423407089935,276.75,823444.4194749256,1.531175039774834,0.6530931957635976,0.0
2022-07-06 00:00:00+00:00,0.6612549931712901,285.5899963378906,840622.4711678415,1.514733338501681,0.6601822080374645,0.0
2022-07-07 00:00:00+00:00,0.6626852036784195,289.6300048828125,848473.0938346206,1.5075533949500992,0.6633264223673487,0.0
2022-07-08 00:00:00+00:00,0.6674017078525201,291.1199951171875,851368.4716481075,1.504955670250375,0.6644713992363861,0.0
2022-07-11 00:00:00+00:00,0.667679901575618,288.1400146484375,845577.7160211337,1.5101779856471678,0.6621736043725088,0.0
2022-07-12 00:00:00+00:00,0.6628708794182243,284.6099853515625,838718.0948831349,1.5165057440837897,0.6594106246555359,0.0
2022-07-13 00:00:00+00:00,0.6606920365922642,280.0199890136719,829798.7253100257,1.5249721377944485,0.6557496856606768,0.0
2022-07-14 00:00:00+00:00,0.6602293318356911,279.79998779296875,829371.214687024,1.5253849130488752,0.6555722371747089,0.0
2022-07-15 00:00:00+00:00,0.6610284891567073,288.0799865722656,845461.0683036357,1.5102842929382367,0.662126994682911,0.0
2022-07-18 00:00:00+00:00,0.6650447920626246,288.20001220703125,845694.3044362844,1.5100717766524052,0.6622201775182137,0.0
2022-07-19 00:00:00+00:00,0.6631489747390027,291.4700012207031,852048.6102713845,1.5043493040176503,0.6647392313269999,0.0
2022-07-20 00:00:00+00:00,0.6698814113560614,297.92999267578125,864601.7904888332,1.4934135396621824,0.6696068928276926,0.0
2022-07-21 00:00:00+00:00,0.6733510805204925,300.7799987792969,870139.9774178789,1.4887382567135101,0.6717097485004296,0.0
2022-07-22 00:00:00+00:00,0.6764782347945982,300.1199951171875,868857.4455488744,1.4898130569417254,0.6712251549552068,0.0
2022-07-25 00:00:00+00:00,0.6725944586852264,298.2200012207031,865165.3406969598,1.492933712212325,0.6698221038348287,0.0
2022-07-26 00:00:00+00:00,0.6713354103366314,293.5400085449219,856071.0885011243,1.5007926959816407,0.666314543425945,0.0
2022-07-27 00:00:00+00:00,0.6669420277634195,298.4599914550781,865631.6943575625,1.4925373466004772,0.6699999851110461,0.0
2022-07-28 00:00:00+00:00,0.67607187820773,302.75,873968.1218549185,1.4855580256240637,0.6731477214294022,0.0
2022-07-29 00:00:00+00:00,0.6781991929409692,309.92999267578125,887920.4223565224,1.4743093464060617,0.6782837010683747,0.0
2022-08-01 00:00:00+00:00,0.6821306941405266,312.5299987792969,892972.8044549911,1.4703634621695818,0.6801039509812484,0.0
2022-08-02 00:00:00+00:00,0.9211415360176826,311.8399963378906,888870.2815458555,1.0865511340389071,0.9203432481661669,0.0
2022-08-03 00:00:00+00:00,0.9209243582117773,315.989990234375,899757.172129406,1.0854144313296574,0.921307079706852,0.0
2022-08-04 00:00:00+00:00,0.9228589914624639,320.7699890136719,912296.7866439708,1.0841416162550754,0.9223887221065051,0.0
2022-08-05 00:00:00+00:00,0.923190478668063,318.3900146484375,906053.2785443777,1.0847705772165477,0.9218539117883676,0.0
2022-08-08 00:00:00+00:00,0.9226068212119362,319.2099914550781,908204.3655092304,1.084552821165472,0.922039001222079,0.0
2022-08-09 00:00:00+00:00,0.9223753298548604,315.4200134277344,898261.922911253,1.0855687786847323,0.9211760872596143,0.0
2022-08-10 00:00:00+00:00,0.9215563748271145,322.05999755859375,915680.9318332702,1.083804587736242,0.9226755554603381,0.0
2022-08-11 00:00:00+00:00,0.9235234675642553,323.3599853515625,919091.256092781,1.0834676723911556,0.922962470853471,0.0
2022-08-12 00:00:00+00:00,0.9231204652719821,325.1000061035156,923655.9412494673,1.0830209314519026,0.923343188445486,0.0
2022-08-15 00:00:00+00:00,0.92447787715784,329.3999938964844,934936.318469374,1.081937176144013,0.924268083257815,0.0
2022-08-16 00:00:00+00:00,0.9250379180402455,329.1600036621094,934306.7398512042,1.0819969164584136,0.924217051628201,0.0
2022-08-17 00:00:00+00:00,0.9248751704813623,326.3599853515625,926961.3090531769,1.0827004122232042,0.9236165320622829,0.0
2022-08-18 00:00:00+00:00,0.9240742149584771,326.7900085449219,928089.4108218225,1.0825915866948024,0.9237093769156678,0.0
2022-08-19 00:00:00+00:00,0.9242425760369741,322.0799865722656,915733.3700320114,1.0837993866336595,0.9226799833371885,0.0
2022-08-22 00:00:00+00:00,0.9228523700828833,313.5299987792969,893303.7511182106,1.0860846025159214,0.920738584897985,0.0
2022-08-23 00:00:00+00:00,0.9209313075953883,313.3299865722656,892779.0488975234,1.086139554075231,0.92069200154618,0.0
2022-08-24 00:00:00+00:00,0.9208710413533988,312.989990234375,891887.1191690101,1.086233126182477,0.9206126897588367,0.0
2022-08-25 00:00:00+00:00,0.921081589943796,315.760009765625,899153.8526397663,1.085476642028757,0.9212542778728053,0.0
2022-08-26 00:00:00+00:00,0.92234629517558,307.3500061035156,877091.4612337915,1.0878155353367485,0.9192735050345058,0.0
2022-08-29 00:00:00+00:00,0.9192952288229717,303.2799987792969,866414.4035035246,1.088994016850331,0.9182786907243751,0.0
2022-08-30 00:00:00+00:00,0.9185573432534718,298.44000244140625,853717.3943344174,1.0904372909158924,0.9170632812456998,0.0
2022-08-31 00:00:00+00:00,0.917715625866884,299.1600036621094,855606.2102472453,1.0902196316062942,0.9172463703727592,0.0
2022-09-01 00:00:00+00:00,0.9172742674009452,292.95001220703125,839315.223035555,1.0921321187816126,0.9156401343782511,0.0
2022-09-02 00:00:00+00:00,0.9173072179996241,293.5199890136719,840810.4722537079,1.0919532104523073,0.9157901551347437,0.0
2022-09-06 00:00:00+00:00,0.9162214571235543,290.8699951171875,833858.6081503553,1.0927909573858217,0.9150880991843156,0.0
2022-09-07 00:00:00+00:00,0.9156664870983527,293.2699890136719,840154.6345070082,1.0920315965929772,0.9157244196229248,0.0
2022-09-08 00:00:00+00:00,0.9171981332070791,295.45001220703125,845873.6005025515,1.0913525273534945,0.9162942082747337,0.0
2022-09-09 00:00:00+00:00,0.917590004740152,300.5199890136719,859173.9291612984,1.089811348024857,0.917590004740152,0.0
2022-09-12 00:00:00+00:00,0.9192106767578996,308.17999267578125,879268.8073271741,1.0875790316152285,0.9194734092241925,0.0
2022-09-13 00:00:00+00:00,0.9200838016011246,292.7900085449219,838895.477270669,1.0921824670721034,0.9155979244757299,0.0
2022-09-14 00:00:00+00:00,0.9158374273279182,293.05999755859375,839603.7532161098,1.0920975416180325,0.9156691246813151,0.0
2022-09-15 00:00:00+00:00,0.9164445030539291,289.4599914550781,830159.673651971,1.0932429562581596,0.9147097580419798,0.0
2022-09-16 00:00:00+00:00,0.9151494989869379,285.6199951171875,820086.0154696625,1.0944965541038516,0.9136620816671067,0.0
2022-09-19 00:00:00+00:00,0.9146720125513554,286.0400085449219,822208.9974813896,1.0957186215348378,0.9126430639640322,0.0
2022-09-20 00:00:00+00:00,0.9140174864102559,286.3800048828125,823100.9272099028,1.0956049823832388,0.9127377258039919,0.0
2022-09-21 00:00:00+00:00,0.9133864470973921,283.4200134277344,815335.8307053081,1.0966034649092071,0.9119066572371215,0.0
2022-09-22 00:00:00+00:00,0.9119463166430697,278.82000732421875,803268.4001543707,1.0981972405226132,0.9105832386940956,0.0
2022-09-23 00:00:00+00:00,0.9109467813297689,272.0199890136719,785429.5654091487,1.100651997748434,0.9085523871720269,0.0
2022-09-26 00:00:00+00:00,0.9096060856615534,273.55999755859375,789469.5483451479,1.1000853763930478,0.9090203555643952,0.0
2022-09-27 00:00:00+00:00,0.9092645757748692,272.1099853515625,785665.6573909624,1.1006187085944654,0.9085798671158701,0.0
2022-09-28 00:00:00+00:00,0.9092976452690514,272.95001220703125,787869.3426711936,1.1003090459690694,0.9088355709365957,0.0
2022-09-29 00:00:00+00:00,0.9109091092698585,268.8399963378906,777087.3284851256,1.1018425669345773,0.9075706729883269,0.0
2022-09-30 00:00:00+00:00,0.9085065505352818,267.1000061035156,772522.7233867579,1.1025060078475706,0.9070245358139193,0.0
2022-10-03 00:00:00+00:00,0.9070750260624022,267.5299987792969,773650.7450970849,1.1023412531180108,0.9071600987184912,0.0
2022-10-04 00:00:00+00:00,0.909011285463261,278.989990234375,803714.324989468,1.09813741094701,0.9106328497975692,0.0
2022-10-05 00:00:00+00:00,0.9115394917179922,275.4200134277344,794349.0228109191,1.0994094618651125,0.909579219286991,0.0
2022-10-06 00:00:00+00:00,0.911496601352394,279.42999267578125,804868.6058283248,1.0979828795740656,0.9107610133119055,0.0
2022-10-07 00:00:00+00:00,0.9108568993950165,267.739990234375,774201.6263879833,1.1022609857338297,0.907226158725241,0.0
2022-10-10 00:00:00+00:00,0.9076517326868424,263.6400146484375,763445.9513887638,1.103851288880572,0.9059191306594488,0.0
2022-10-11 00:00:00+00:00,0.9068061708687043,261.0299987792969,756598.9636828938,1.1048896887322235,0.9050677277542735,0.0
2022-10-12 00:00:00+00:00,0.9056305236973647,261.95001220703125,759012.4818164087,1.1045212981326145,0.9053695946747917,0.0
2022-10-13 00:00:00+00:00,0.9056012417843663,254.25999450683594,738838.8662941024,1.1076825136209032,0.9027857600921226,0.0
2022-10-14 00:00:00+00:00,0.9075644353952923,260.1400146484375,754264.2229349687,1.1052485345583398,0.9047738754972451,0.0
2022-10-17 00:00:00+00:00,0.9049721730108494,266.739990234375,771578.2754011847,1.1026443590167183,0.9069107294864762,0.0
2022-10-18 00:00:00+00:00,0.9077295378178123,268.739990234375,776824.977374782,1.1018804655676846,0.9075394575443388,0.0
2022-10-19 00:00:00+00:00,0.908387159954322,268.07000732421875,775067.3770462853,1.1021350937205705,0.9073297871536016,0.0
2022-10-20 00:00:00+00:00,0.9080826686928218,267.9200134277344,774673.8904099293,1.1021922736246732,0.9072827163915754,0.0
2022-10-21 00:00:00+00:00,0.9076548409478818,266.82000732421875,771788.1883127871,1.1026135768314551,0.9069360481426935,0.0
2022-10-24 00:00:00+00:00,0.909579219286991,271.9700012207031,785298.4298831363,1.1006704974770907,0.9085371165050365,0.0
2022-10-25 00:00:00+00:00,0.9104750614927195,277.8999938964844,800854.8820208557,1.098522331497178,0.9103137654353357,0.0
2022-10-26 00:00:00+00:00,0.912130001859965,277.42999267578125,799621.9038547276,1.0986892406897406,0.9101754736145546,0.0
2022-10-27 00:00:00+00:00,0.9103225777353007,272.3399963378906,786269.0569389208,1.1005337287577976,0.9086500248645056,0.0
2022-10-28 00:00:00+00:00,0.9088112754225496,272.05999755859375,785534.52186495,1.1006371960870007,0.9085646056259162,0.0
2022-10-31 00:00:00+00:00,0.9112786376857914,275.989990234375,795844.272029072,1.0992041606236593,0.9097491037812543,0.0
2022-11-01 00:00:00+00:00,0.9103284576150252,274.739990234375,792565.0832955737,1.0996555153779264,0.909375696311879,0.0
2022-11-02 00:00:00+00:00,0.9094865450108397,265.6099853515625,768613.8759767712,1.1030810467667234,0.9065517016461596,0.0
2022-11-03 00:00:00+00:00,0.9065740249924894,260.1000061035156,754159.2664791675,1.1052647238725422,0.904760622863522,0.0
2022-11-04 00:00:00+00:00,0.9048896461384539,259.0799865722656,751483.3972353089,1.1056791598763502,0.904421496116316,0.0
2022-11-07 00:00:00+00:00,0.9062541380392106,263.57000732421875,763262.2976056915,1.1038788730162823,0.9058964932153837,0.0
2022-11-08 00:00:00+00:00,0.9071789826038361,265.5199890136719,768377.7839949576,1.1031159854421482,0.9065229886947768,0.0
2022-11-09 00:00:00+00:00,0.907788582848948,263.0299987792969,761845.665656491,1.104092139485225,0.9057215102230896,0.0
2022-11-10 00:00:00+00:00,0.9058155646695416,273.8500061035156,790230.3425476487,1.0999793854720006,0.9091079462101923,0.0
2022-11-11 00:00:00+00:00,0.9117163375478295,281.19000244140625,809485.7291837524,1.0973695902557503,0.9112700122908841,0.0
2022-11-14 00:00:00+00:00,0.9131749475554298,284.44000244140625,818011.619890848,1.0962570492431816,0.9121948184418662,0.0
2022-11-15 00:00:00+00:00,0.9124755081734288,285.9700012207031,822025.3436983172,1.0957420540786114,0.9126235470088633,0.0
2022-11-16 00:00:00+00:00,0.9135669104487237,284.6000061035156,818431.365655734,1.0962029330096874,0.9122398507495717,0.0
2022-11-17 00:00:00+00:00,0.9124755081734288,280.7200012207031,808252.7510176243,1.097532613289665,0.9111346559467352,0.0
2022-11-18 00:00:00+00:00,0.91229888185127,282.32000732421875,812450.1286081659,1.0969798618993745,0.9115937627775063,0.0
2022-11-21 00:00:00+00:00,0.9123016937328519,281.0400085449219,809092.2425473963,1.0974215573913804,0.9112268601475665,0.0
2022-11-22 00:00:00+00:00,0.9114708471635135,280.4599914550781,807570.6541423947,1.097623034143601,0.9110595977791506,0.0
2022-11-23 00:00:00+00:00,0.9126179727815662,285.7900085449219,821553.1597346899,1.0958023531373018,0.9125733277876088,0.0
2022-11-25 00:00:00+00:00,0.9134110989578756,286.4200134277344,823205.883665704,1.0955916278128417,0.9127488515007423,0.0
2022-11-28 00:00:00+00:00,0.9128876541156606,281.760009765625,810981.0584602242,1.09717260921629,0.9114336172813315,0.0
2022-11-29 00:00:00+00:00,0.9117049469569827,279.1700134277344,804186.5890114139,1.0980741268933618,0.9106853312618974,0.0
2022-11-30 00:00:00+00:00,0.9110913720149145,279.9700012207031,806285.2377775253,1.0977938893537016,0.9109178049704073,0.0
2022-12-01 00:00:00+00:00,0.9146367412732769,290.8800048828125,834906.0066504967,1.0941259449330782,0.9139715629914659,0.0
2022-12-02 00:00:00+00:00,0.701401903739994,288.3599853515625,831095.4273695936,1.4336293012882233,0.6975303860638348,0.0
2022-12-05 00:00:00+00:00,0.7005652872689806,286.1499938964844,826652.495804566,1.436978303807738,0.6959047310249411,0.0
2022-12-06 00:00:00+00:00,0.6970026925814142,280.260009765625,814811.3656715166,1.4461619018426837,0.691485509835248,0.0
2022-12-07 00:00:00+00:00,0.6925626239905336,278.7799987792969,811835.975195397,1.4485305241229747,0.6903547998102826,0.0
2022-12-08 00:00:00+00:00,0.6916908880638128,279.7900085449219,813866.4827154013,1.4469113804948621,0.691127330588821,0.0
2022-12-09 00:00:00+00:00,0.6941942144904795,281.5899963378906,817485.1494589626,1.4440546205250788,0.692494581428219,0.0
2022-12-12 00:00:00+00:00,0.6928345164140178,281.1600036621094,816620.699043297,1.4447337364447885,0.6921690653260493,0.0
2022-12-13 00:00:00+00:00,0.6954825987103367,285.9100036621094,826170.0232659717,1.437345099387481,0.6957271433465395,0.0
2022-12-14 00:00:00+00:00,0.697742425247768,283.19000244140625,820701.7762043792,1.441545739219209,0.6936998062521655,0.0
2022-12-15 00:00:00+00:00,0.6961707467308758,275.6700134277344,805583.710258589,1.4535906441643474,0.6879515935347043,0.0
2022-12-16 00:00:00+00:00,0.688898768800782,272.6099853515625,799431.8786312516,1.4586821675157087,0.6855503016829956,0.0
2022-12-19 00:00:00+00:00,0.6868418451278652,268.489990234375,792136.7073374683,1.4675503502305547,0.6814076258732099,0.0
2022-12-20 00:00:00+00:00,0.6824231765548171,266.95001220703125,789040.7600787525,1.4702475490809284,0.6801575698086445,0.0
2022-12-21 00:00:00+00:00,0.682254376137693,269.739990234375,794649.6873960668,1.4653836787730512,0.6824151343334794,0.0
2022-12-22 00:00:00+00:00,0.6853682626812756,262.4599914550781,780014.0939888711,1.4782922847460584,0.676456212562714,0.0
2022-12-23 00:00:00+00:00,0.6800026577792105,263.5299987792969,782165.2196435239,1.4763502809887399,0.6773460288369242,0.0
2022-12-27 00:00:00+00:00,0.6804913170348103,263.0299987792969,781160.0276200845,1.477255786602547,0.6769308396481836,0.0
2022-12-28 00:00:00+00:00,0.6773874789491151,259.7300109863281,774525.7848062052,1.483319538203416,0.6741635731510632,0.0
2022-12-29 00:00:00+00:00,0.6744761968464584,262.25,779591.9305176011,1.4786752677501633,0.6762810076086021,0.0
2022-12-30 00:00:00+00:00,0.6797414112137987,262.2900085449219,779672.3630580509,1.478602252765494,0.6763144030990461,0.0
2023-01-03 00:00:00+00:00,0.6796106279040472,262.1300048828125,779350.6942483039,1.4788943906806884,0.6761808052701664,0.0
2023-01-04 00:00:00+00:00,1.0818158922894923,262.5299987792969,777184.1309360907,0.9237976161412362,1.0824881797996688,64108.50433010557
2023-01-05 00:00:00+00:00,1.0814106499138636,261.260009765625,773103.9953335671,0.9234147946152925,1.0829369486294769,64118.88634622348
2023-01-06 00:00:00+00:00,1.0828270932943325,260.3399963378906,770145.3751500318,0.9231317043936254,1.083269045186642,64129.27004365121
2023-01-09 00:00:00+00:00,1.0804374972866895,269.9200134277344,800834.7111776614,0.9258479119158707,1.0800910032088158,64139.65542266106
2023-01-10 00:00:00+00:00,1.0798927952235404,268.9700012207031,797779.9547993682,0.925573953005756,1.080410697332773,64150.042483525336
2023-01-11 00:00:00+00:00,1.079182968469391,273.1199951171875,811068.462631039,0.9266929694885524,1.0791060609339749,64160.43122651642
2023-01-12 00:00:00+00:00,1.0777452816619426,273.739990234375,813044.8825831908,0.9268471581823063,1.078926542711916,64170.821651906714
2023-01-13 00:00:00+00:00,1.0773085539485288,276.1600036621094,820789.5641180073,0.9274764598285773,1.0781944807362842,64181.213759968676
2023-01-17 00:00:00+00:00,1.0767531052374053,279.5799865722656,831738.704279041,0.9283520082941966,1.077177612657351,64191.607550974804
2023-01-18 00:00:00+00:00,1.0765991621605302,277.6700134277344,825607.6888851069,0.9278474896274007,1.077763329835137,64202.00302519765
2023-01-19 00:00:00+00:00,1.0776999987315075,273.8900146484375,813484.0660041466,0.9268398556258688,1.078935043556935,64212.40018290978
2023-01-20 00:00:00+00:00,1.0785451894767473,275.7099914550781,819305.8885884199,0.9273110200893342,1.078386839297632,64222.79902438384
2023-01-23 00:00:00+00:00,1.0763065825834714,282.7300109863281,841791.5485456237,0.9291043653223469,1.0763053509635125,64233.19954989252
2023-01-24 00:00:00+00:00,1.0745375817223048,286.7799987792969,854759.5675409478,0.9300942543989302,1.0751598510263307,64243.601759708516
2023-01-25 00:00:00+00:00,1.0747144768177646,281.17999267578125,836803.6187022039,0.9286904589481655,1.0767850475524425,64254.00565410461
2023-01-26 00:00:00+00:00,1.0749061437104617,288.5199890136719,860314.6578746439,0.930493331094599,1.074698728709464,64264.41123335359
2023-01-27 00:00:00+00:00,1.073381249922497,291.8800048828125,871071.6166950188,0.9312823398054827,1.0737882135817913,64274.81849772832
2023-01-30 00:00:00+00:00,1.0726180847698044,289.8900146484375,864684.1684117756,0.930799413054895,1.074345327225753,64285.227447501704
2023-01-31 00:00:00+00:00,1.0742407812129202,290.20001220703125,865667.1629651019,0.930862139850662,1.0742729317151407,64295.63808294667
2023-02-01 00:00:00+00:00,1.0730772380680704,292.29998779296875,872386.2444269095,0.9313477320575999,1.0737128202274446,64306.050404336216
2023-02-02 00:00:00+00:00,1.071450403594065,306.7300109863281,918617.6781919043,0.9345668630030844,1.0700143987415265,64316.46441194336
2023-02-03 00:00:00+00:00,1.0688164850364714,304.5400085449219,911588.825783179,0.9340851910470969,1.0705661641836046,64327.32674815515
2023-02-06 00:00:00+00:00,1.070161673296909,302.2200012207031,904143.3633390828,0.9335679749025382,1.0711592801846026,64338.19091889484
2023-02-07 00:00:00+00:00,1.0708154232980782,302.32000732421875,904452.9727030273,0.9335787343992105,1.071146935071881,64349.05692447226
2023-02-08 00:00:00+00:00,1.0692909256425085,303.6700134277344,908768.2778624663,0.9338628511727323,1.0708210512327518,64359.92476519728
2023-02-09 00:00:00+00:00,1.0706466725539694,300.20001220703125,897637.5876518067,0.9330870752900108,1.0717113402189096,64370.79444137984
2023-02-10 00:00:00+00:00,1.0713344434779657,297.25,888173.2484941762,0.9324116139609351,1.0724877136095996,64381.64807255371
2023-02-13 00:00:00+00:00,1.0718525568309696,299.92999267578125,896750.567398381,0.9330042298937108,1.0718065020068788,64392.52141756151
2023-02-14 00:00:00+00:00,1.0706526716122413,300.9100036621094,899880.1943657362,0.9332111453493408,1.0715688566124628,64403.396598956475
2023-02-15 00:00:00+00:00,1.0701107783992392,304.20001220703125,910412.340894193,0.933922327665064,1.0707528563966764,64414.27361704874
2023-02-16 00:00:00+00:00,1.0695532385719668,303.1499938964844,907036.6173521423,0.9336822564990889,1.0710281715640335,64425.15247214851
2023-02-17 00:00:00+00:00,1.070990551678577,298.1000061035156,890842.7573500711,0.9325474052136629,1.0723315451946194,64436.033164566026
2023-02-21 00:00:00+00:00,1.071544025274068,293.8900146484375,877340.712582721,0.9315695877079057,1.0734571128072836,64446.9156946116
2023-02-22 00:00:00+00:00,1.0734195731306062,292.55999755859375,873067.7111703362,0.9312468841751008,1.0738290962291925,64457.800062595576
2023-02-23 00:00:00+00:00,1.0733739515560388,292.54998779296875,873024.7480885457,0.9312329197131711,1.0738451990163855,64468.68626882837
2023-02-24 00:00:00+00:00,1.072705632928992,290.04998779296875,865002.4647824691,0.9306284881240674,1.0745426480719171,64479.57431362044
2023-02-27 00:00:00+00:00,1.0740488537759856,293.3399963378906,875534.5984453564,0.9313949523686273,1.0736583846164331,64490.464197282294
2023-02-28 00:00:00+00:00,1.0734969784987916,292.9599914550781,874305.9769095604,0.9312943806664941,1.0737743303941507,64501.33800610668
2023-03-01 00:00:00+00:00,1.073612443531843,290.20001220703125,865450.5873996725,0.9306292535833991,1.074541764241225,64512.21364837604
2023-03-02 00:00:00+00:00,1.074266772012191,288.3699951171875,859575.2959069321,0.9301772314520412,1.0750639407061844,64523.10904445887
2023-03-03 00:00:00+00:00,1.0736256591911155,294.8699951171875,880394.0442731634,0.931704864149388,1.0733012550202397,64533.98835756721
2023-03-06 00:00:00+00:00,1.0720399808575134,299.82000732421875,896245.7648611664,0.9328210879702991,1.0720169311093446,64544.869505048606
2023-03-07 00:00:00+00:00,1.0719654728075028,295.7200012207031,883096.1740914255,0.9318782026642611,1.073101610426102,64555.752487212376
2023-03-08 00:00:00+00:00,1.0729375139054838,294.8800048828125,880393.4722019207,0.931672631834055,1.0733383871451052,64566.63730436786
2023-03-09 00:00:00+00:00,1.0725618762887912,291.8299865722656,870608.6246534856,0.9309468772043012,1.0741751484285227,64577.52395682446
2023-03-10 00:00:00+00:00,1.0739492226264329,287.3800048828125,856337.5112775434,0.9298657896567603,1.0754240140065032,64588.41244489162
2023-03-13 00:00:00+00:00,1.07509522670713,285.19000244140625,849308.6308810427,0.9293153058526527,1.076061045914329,64599.30276887886
2023-03-14 00:00:00+00:00,1.0745146978770233,293.45001220703125,875767.4020143718,0.9312933316888227,1.0737755398576554,64610.212873346485
2023-03-15 00:00:00+00:00,1.0727322841363365,293.239990234375,875083.4624527072,0.9312325110512332,1.0738456702624544,64621.12482040954
2023-03-16 00:00:00+00:00,1.0723383697600235,297.19000244140625,887730.5922937081,0.93213505390376,1.0728059156363912,64632.03861037921
2023-03-17 00:00:00+00:00,1.070362468851479,303.3699951171875,907523.8222755315,0.9335063120805006,1.0712300356826783,64642.95424356674
2023-03-20 00:00:00+00:00,1.0707330050326873,302.010009765625,904289.1662874429,0.9343677494214075,1.070242418597211,63519.458151285544
2023-03-21 00:00:00+00:00,1.0692703377714075,306.3999938964844,918346.3977819651,0.9352971779356146,1.0691788915766829,63530.18588199554
2023-03-22 00:00:00+00:00,1.0682406785657546,305.95001220703125,916893.675769641,0.9351910713930349,1.0693002003434737,63540.91542450005
2023-03-23 00:00:00+00:00,1.0692590540244533,307.010009765625,920279.7681821922,0.9354039261069894,1.0690568770240785,63551.64677910508
2023-03-24 00:00:00+00:00,1.0684042271901883,306.95001220703125,920076.3280216577,0.9353799395618627,1.0690842915322791,63562.82127699707
2023-03-27 00:00:00+00:00,1.068149099270941,307.8900146484375,923077.4440007878,0.9355658999214667,1.0688717920180097,63573.997739738275
2023-03-28 00:00:00+00:00,1.0686644064658697,304.7699890136719,913067.9621386728,0.9348948222519002,1.0696390398133553,63585.17616767418
2023-03-29 00:00:00+00:00,1.0690693747822497,310.04998779296875,929976.8446252154,0.9359922786914806,1.0683848817620616,63596.356561150336
2023-03-30 00:00:00+00:00,1.067761445409943,312.80999755859375,938810.2739288242,0.9365458812631132,1.0677533477071157,63607.538920512336
2023-03-31 00:00:00+00:00,1.0670960405409164,315.6000061035156,947739.834097523,0.9370957779670123,1.0671267799001887,63618.72324610585
2023-04-03 00:00:00+00:00,1.0659384316151415,317.4200134277344,953560.9670264518,0.9374454578739752,1.066728727096179,63629.90953827663
2023-04-04 00:00:00+00:00,1.0661220943830294,317.8299865722656,954863.5615302986,0.9375151628276487,1.0666494150173425,63641.09779737044
2023-04-05 00:00:00+00:00,1.0663731992064511,314.07000732421875,942803.2993318036,0.9367559892126193,1.0675138579477244,63652.28802373314
2023-04-06 00:00:00+00:00,1.0670919761364188,312.82000732421875,938786.4095071839,0.9364921071165143,1.0678146589820476,63663.48021771065
2023-04-10 00:00:00+00:00,1.066625225618051,313.25,940153.1518593018,0.9365681317898714,1.0677279805462783,63674.67437964893
2023-04-11 00:00:00+00:00,1.066677970549967,315.30999755859375,946743.3376007272,0.9369714671758362,1.067268358783796,63685.87050989402
2023-04-12 00:00:00+00:00,1.0671501697517658,312.57000732421875,937951.681589974,0.9364077790780929,1.0679108208440071,63697.068608792004
2023-04-13 00:00:00+00:00,1.0678019456788355,313.6300048828125,941337.3052892335,0.9366115623739375,1.0676784701070718,63708.268676689055
2023-04-14 00:00:00+00:00,1.0664257054563722,315.6099853515625,947671.065709903,0.9369981541064875,1.0672379615876517,63719.47071393137
2023-04-17 00:00:00+00:00,1.0665716235383795,316.0400085449219,949037.8960123778,0.9370728154856501,1.0671529292862232,63730.67472086524
2023-04-18 00:00:00+00:00,1.0665239752231013,317.6400146484375,954154.0025616987,0.9373787813212086,1.0668046044209885,63741.88069783699
2023-04-19 00:00:00+00:00,1.0665320020256424,316.2799987792969,949784.5447386208,0.9370984494849532,1.0671237376922549,63753.08864519303
2023-04-20 00:00:00+00:00,1.0665778818149863,314.9700012207031,945575.3715272489,0.9368257282926762,1.0674343901959826,63764.29856327981
2023-04-21 00:00:00+00:00,1.0671363326654444,314.1000061035156,942776.2097344142,0.936639609099665,1.0676464995551913,63775.51045244386
2023-04-24 00:00:00+00:00,1.0670742499634427,313.739990234375,941611.3041026181,0.936555749553687,1.0677420970150973,63786.724313031744
2023-04-25 00:00:00+00:00,1.0672363917474748,309.8900146484375,929262.6178041635,0.9357562440329736,1.0686543705977798,63797.940145390116
2023-04-26 00:00:00+00:00,1.0686307091056726,311.3399963378906,933897.9505740216,0.9360441983376547,1.068325621563518,63809.15794986567
2023-04-27 00:00:00+00:00,1.0682015883241074,315.04998779296875,945775.6139821296,0.9367862211707311,1.0674794071482698,63820.37772680519
2023-04-28 00:00:00+00:00,1.066288990979352,318.9599914550781,958294.2261564706,0.9375501549067865,1.0666096045810183,63831.59947655549
2023-05-01 00:00:00+00:00,1.0658172632042422,321.0899963378906,965108.7268434335,0.9379535186114429,1.0661509127663504,63842.82319946345
2023-05-02 00:00:00+00:00,1.4654984440523438,317.6099853515625,947619.7562675604,0.6777246111454429,1.4755255800875662,450617.43430156977
2023-05-03 00:00:00+00:00,1.4716472217369372,317.17999267578125,945647.5351428244,0.6772309671959175,1.4766011131187804,450696.66786710115
2023-05-04 00:00:00+00:00,1.4763571380673655,315.1199951171875,936499.4128248495,0.6750638419030568,1.4813413753296625,450775.9153645345
2023-05-05 00:00:00+00:00,1.4789771391966424,316.2099914550781,941215.5899651689,0.6761247315191146,1.4790170413574484,450858.3071846206
2023-05-08 00:00:00+00:00,1.4645037866026556,321.32000732421875,963629.3720034336,0.6812171284367371,1.4679607400577384,450940.7140641004
2023-05-09 00:00:00+00:00,1.4629482152167013,321.32000732421875,963546.9500618074,0.6811588620118791,1.468086309625904,451023.1360057266
2023-05-10 00:00:00+00:00,1.4674029250619163,321.6000061035156,964697.1717391501,0.6813782324659493,1.4676136576610894,451105.5730122521
2023-05-11 00:00:00+00:00,1.4601795756814628,324.1199951171875,975708.6478197854,0.6837976893116737,1.462420852879194,451188.0250864304
2023-05-12 00:00:00+00:00,1.458121391797609,322.94000244140625,970431.4143895927,0.6825843096013794,1.4650204904123674,451270.4922310157
2023-05-15 00:00:00+00:00,1.4606529071182346,323.9599914550781,974839.3028738545,0.6835258599940781,1.4630024385743996,451352.97444876237
2023-05-16 00:00:00+00:00,1.4571597768644842,326.0199890136719,983825.680400733,0.6854680619841667,1.458857174330463,451435.47174242546
2023-05-17 00:00:00+00:00,1.456528296642758,327.0400085449219,988233.6730801264,0.6863917593993486,1.4568939476707665,451517.98411476065
2023-05-18 00:00:00+00:00,1.4487379224444736,331.5,1007785.6855014494,0.6905544862112527,1.4481116551519766,451600.5115685238
2023-05-19 00:00:00+00:00,1.4370945153737464,335.42999267578125,1025004.4312459186,0.6941241402891121,1.4406644891841487,451683.0541064716
2023-05-22 00:00:00+00:00,1.438629838968545,336.239990234375,1028487.7838975664,0.6948052184407145,1.4392522874888667,451765.6117313611
2023-05-23 00:00:00+00:00,1.4366356571541168,333.0,1014141.5700768288,0.6917794390772948,1.4455474440434573,451848.1844459498
2023-05-24 00:00:00+00:00,1.444852277657547,329.55999755859375,998914.8130967049,0.6885052573364892,1.452421734393926,451930.77225299575
2023-05-25 00:00:00+00:00,1.448292540412903,336.6700134277344,1030133.142382595,0.6950278735558858,1.4387912169390025,452013.3751552575
2023-05-26 00:00:00+00:00,1.4331454210836843,340.6600036621094,1047615.9442149099,0.6985447792406057,1.431547453675209,452095.9931554942
2023-05-30 00:00:00+00:00,1.4179532818621896,348.5299987792969,1082179.9543870352,0.7052979453689212,1.4178405120362694,452178.6262564654
2023-05-31 00:00:00+00:00,1.4153902351796581,346.510009765625,1073204.5638453576,0.7035257931681559,1.4214119932927338,452261.27446093113
2023-06-01 00:00:00+00:00,1.4188690396926404,346.6600036621094,1073782.2294099731,0.7035999070725465,1.4212622684398568,452343.937771652
2023-06-02 00:00:00+00:00,1.4122204801981537,352.010009765625,1097252.2661085187,0.7080513767342983,1.4123268916052931,452426.6161913892
2023-06-05 00:00:00+00:00,1.4080052644255632,353.8500061035156,1105269.920263812,0.7095164057831461,1.4094106800761363,452509.3097229042
2023-06-06 00:00:00+00:00,1.4077055824149132,352.92999267578125,1101136.970599493,0.7087059444842804,1.411022452658686,452592.0183689591
2023-06-07 00:00:00+00:00,1.4079075726234311,348.17999267578125,1080142.9815689188,0.7046780350117166,1.4190877965755995,452674.7421323165
2023-06-08 00:00:00+00:00,1.417997438891718,348.8900146484375,1083186.023278289,0.7052251728335268,1.4179868197019916,452757.48101573956
2023-06-09 00:00:00+00:00,1.4108730662283462,353.0299987792969,1101329.0179799246,0.7086287518895901,1.4111761586493006,452840.2350219919
2023-06-12 00:00:00+00:00,1.4087741710481163,355.20001220703125,1110799.4544103474,0.7103558872143378,1.4077450725741179,452923.0041538376
2023-06-13 00:00:00+00:00,1.3993720440052362,360.0299987792969,1131980.0660343,0.7141893808435841,1.4001888390146924,453005.7884140413
2023-06-14 00:00:00+00:00,1.3952241122192133,360.4200134277344,1133614.2560685684,0.7144464765064945,1.3996849769485982,453088.58780536806
2023-06-15 00:00:00+00:00,1.3913563614834843,363.9800109863281,1149203.8738166997,0.7171877218299454,1.394335080707242,453171.4023305836
2023-06-16 00:00:00+00:00,1.3850712569879124,367.4800109863281,1164529.470758987,0.7198301969486539,1.3892165183386032,453254.10611150885
2023-06-20 00:00:00+00:00,1.388555544652024,363.8900146484375,1150306.2244103958,0.7180532128148664,1.3926544469871023,451672.85441168566
2023-06-21 00:00:00+00:00,1.3881827439071002,360.9599914550781,1137324.743117532,0.7157126911185847,1.3972087017726398,451755.2847076158
2023-06-22 00:00:00+00:00,1.3957686682402322,360.2200012207031,1133984.5857599329,0.715076698351833,1.3984513861308605,451837.7300470749
2023-06-23 00:00:00+00:00,1.3894552712356196,360.82000732421875,1136543.5752252652,0.7154985841017371,1.3976268048880018,451920.1904328085
2023-06-26 00:00:00+00:00,1.3949951969953327,357.5899963378906,1122241.3910429045,0.7128763714346551,1.4027677730256538,452002.66586756246
2023-06-27 00:00:00+00:00,1.4026256296340518,358.510009765625,1126209.141574648,0.7135609265348196,1.4014220269265305,452085.1563540833
2023-06-28 00:00:00+00:00,1.393244166737696,361.8999938964844,1141050.6060150987,0.716192268816868,1.3962731008699318,452167.6618951179
2023-06-29 00:00:00+00:00,1.3922775051719718,362.1400146484375,1142024.7459670613,0.7163286115713222,1.3960073405506206,452250.18249341374
2023-06-30 00:00:00+00:00,1.3934743148183713,367.2300109863281,1164350.265809976,0.7202093900665214,1.3884850902980257,452332.7181517188
2023-07-03 00:00:00+00:00,1.3852947227824026,368.9700012207031,1171927.6730942796,0.7214779294222474,1.3860437848747367,452415.39452075877
2023-07-05 00:00:00+00:00,1.3841389794846226,368.6600036621094,1170480.2571549013,0.7211927762872933,1.3865918141166205,452498.08600120177
2023-07-06 00:00:00+00:00,1.3842505478390756,364.5199890136719,1152171.667502685,0.7179747008656826,1.3928067364968035,452580.79259580973
2023-07-07 00:00:00+00:00,1.3884431392760044,366.010009765625,1158648.5708854126,0.7190714831303496,1.3906823222173659,452663.5143073453
2023-07-10 00:00:00+00:00,1.3903412311439989,363.4100036621094,1147119.6409327132,0.7170098735260751,1.3946809338653179,452746.25113857153
2023-07-11 00:00:00+00:00,1.3902626431551486,364.6199951171875,1152363.8468025548,0.7178975019499414,1.3929565115964555,452828.87732940423
2023-07-12 00:00:00+00:00,1.3876984969996413,370.29998779296875,1177286.5183906662,0.7221738714181375,1.3847080870376736,452911.6443853162
2023-07-13 00:00:00+00:00,1.3811166655417244,375.4599914550781,1199919.9899663925,0.7259419955216717,1.3775205266660273,452994.42656920664
2023-07-14 00:00:00+00:00,1.372477845461539,378.17999267578125,1211811.6488735008,0.7278633839786153,1.3738841958690702,453077.22388384066
2023-07-17 00:00:00+00:00,1.3726792046193559,379.30999755859375,1216703.537869093,0.7286245155992507,1.372449016730598,453160.03633198387
2023-07-18 00:00:00+00:00,1.3680543472685214,380.0,1219658.357460943,0.7290677667488132,1.3716146092418477,453242.8639164023
2023-07-19 00:00:00+00:00,1.3640715690024832,384.29998779296875,1238505.6590289692,0.7320503001428578,1.366026350654938,453325.7066398626
2023-07-20 00:00:00+00:00,1.3642782850742752,375.7200012207031,1200650.5116475308,0.7258812753171072,1.3776357567057254,453408.5645051318
2023-07-21 00:00:00+00:00,1.3762011688848508,375.19000244140625,1198234.387045016,0.7254438776872767,1.3784663855569521,453491.4375149774
2023-07-24 00:00:00+00:00,1.377855547886599,374.3399963378906,1194409.4561279588,0.7247701520601623,1.379747768527023,453574.3256721677
2023-07-25 00:00:00+00:00,1.3771206542934886,376.92999267578125,1205728.679233866,0.7266113766942107,1.376251504001489,453657.2289794711
2023-07-26 00:00:00+00:00,1.3737270653419291,375.17999267578125,1197941.610412074,0.7252859727470645,1.3787664970445237,453740.14743965684
2023-07-27 00:00:00+00:00,1.375537117445477,375.30999755859375,1198431.0066047683,0.7253309376294854,1.378681024234515,453823.0810554944
2023-07-28 00:00:00+00:00,1.3768674606265896,380.2200012207031,1219960.5671321505,0.728826462284366,1.3720687320623526,453909.18137892795
2023-07-31 00:00:00+00:00,1.3677425608257134,382.3399963378906,1229207.4568442486,0.7302789003162015,1.3693398502503809,453995.29803750623
2023-08-01 00:00:00+00:00,1.3675757956105918,380.69000244140625,1221857.4375192847,0.7290584760849813,1.3716320882379218,454081.43103432836
2023-08-02 00:00:00+00:00,1.6500593940337138,373.1300048828125,1179025.5345801045,0.5957628076283689,1.6785203560806878,799992.825551516
2023-08-03 00:00:00+00:00,1.6746960861335205,371.7699890136719,1171660.4642983957,0.5942070462963389,1.6829150819280032,800144.6019681415
2023-08-04 00:00:00+00:00,1.6767269874082693,371.5299987792969,1170235.7915231886,0.5938678861950332,1.6838762008282566,800296.407180126
2023-08-07 00:00:00+00:00,1.6822990633948929,371.510009765625,1169977.9391668022,0.5937689779138048,1.684156695948447,800448.2411929327
2023-08-08 00:00:00+00:00,1.6729305883423564,368.82000732421875,1155558.758923012,0.5907284836719251,1.6928250924757733,800600.1040120258
2023-08-09 00:00:00+00:00,1.6828583246021613,367.1400146484375,1146496.4706294765,0.5887776986283808,1.698433895050041,800751.9956428703
2023-08-10 00:00:00+00:00,1.6959548607913804,367.0400085449219,1145814.1347433827,0.5885876150643978,1.6989824019497748,800903.9160909324
2023-08-11 00:00:00+00:00,1.694003137573988,364.69000244140625,1133198.1510491925,0.5858579800971082,1.7068983166095069,801055.8653616797
2023-08-14 00:00:00+00:00,1.7018070039474613,364.70001220703125,1133099.2630521152,0.5857907770886217,1.70709413516204,801207.8434605802
2023-08-15 00:00:00+00:00,1.688875721860004,365.739990234375,1138463.123466934,0.586890215657935,1.7038961858973014,801359.8503931034
2023-08-16 00:00:00+00:00,1.7016732378148522,362.44000244140625,1120808.5112607412,0.5830497937606164,1.7151193786556271,801511.8861647197
2023-08-17 00:00:00+00:00,1.7147811130791424,358.1600036621094,1097956.0578933808,0.5779872042196635,1.7301421081632646,801663.9507809004
2023-08-18 00:00:00+00:00,1.7286638050002012,354.7099914550781,1079505.6839055058,0.5738017414839159,1.7427622255273876,801816.044247118
2023-08-21 00:00:00+00:00,1.730487679942666,359.1499938964844,1102902.582663795,0.5789907704279089,1.7271432483473612,801968.1665688461
2023-08-22 00:00:00+00:00,1.7109043239020207,362.67999267578125,1121472.9472371247,0.5830093958265767,1.7152382228458323,802120.3177515591
2023-08-23 00:00:00+00:00,1.7128781697329623,364.3599853515625,1130231.1638506423,0.5848533103863981,1.709830451911651,802272.4978007324
2023-08-24 00:00:00+00:00,1.6943531103648148,361.010009765625,1112311.2517059725,0.5809214825731315,1.7214030294948013,802424.7067218429
2023-08-25 00:00:00+00:00,1.720681409992893,358.5799865722656,1099270.5823895521,0.5780014258953884,1.7300995381644413,802576.9445203681
2023-08-28 00:00:00+00:00,1.7114265338699268,364.25,1129191.1067697997,0.5844915529204591,1.7108887117417173,802729.2112017869
2023-08-29 00:00:00+00:00,1.7026053040745368,366.2300109863281,1139540.4541767938,0.586659581227357,1.7045660413623331,802881.5067715788
2023-08-30 00:00:00+00:00,1.6776314608280107,373.8599853515625,1179856.2216878869,0.5950184781796557,1.6806200759668963,803033.8312352246
2023-08-31 00:00:00+00:00,1.6715633998610298,376.8699951171875,1195668.4504072769,0.5981767905818709,1.671746573495871,803186.1845982062
2023-09-01 00:00:00+00:00,1.66842573183159,376.0799865722656,1191325.9965971136,0.5972563098673308,1.6743230393365471,803338.5668660064
2023-09-05 00:00:00+00:00,1.417542370703473,375.8299865722656,1179101.2359240474,0.7040107470180985,1.4204328616226254,495732.9067623214
2023-09-06 00:00:00+00:00,1.4169033331335796,372.70001220703125,1165058.8882842383,0.7014683704316923,1.4255810271026015,495826.95831102104
2023-09-07 00:00:00+00:00,1.4222859572249942,369.1499938964844,1149144.655291054,0.6985402875825083,1.4315566586156059,495921.0277033895
2023-09-08 00:00:00+00:00,1.4267409134888105,371.6000061035156,1159968.7072127953,0.7004710382392835,1.4276107724790705,496015.11494281207
2023-09-11 00:00:00+00:00,1.426006906173135,373.6600036621094,1169054.6951656677,0.7020658353783856,1.4243678435955223,496109.22003267484
2023-09-12 00:00:00+00:00,1.4190801015485357,372.5,1163791.1769944676,0.7010813367112301,1.4263680227047495,496203.34297636437
2023-09-13 00:00:00+00:00,1.4258950689006826,371.8800048828125,1160934.114054128,0.7005261760476278,1.427498406472125,496297.483777268
2023-09-14 00:00:00+00:00,1.4237088035214631,373.8900146484375,1169797.2847779258,0.7020796175449469,1.4243398825575224,496391.6424387735
2023-09-15 00:00:00+00:00,1.418945512726086,369.8599853515625,1151743.842351398,0.6987763109614475,1.4310731264259635,496485.8189642694
2023-09-18 00:00:00+00:00,1.4294943844587276,369.0299987792969,1149742.3852348118,0.69913089275349,1.4303473217462226,494788.5561839149
2023-09-19 00:00:00+00:00,1.4276455250111715,366.79998779296875,1139710.7785771692,0.6972442890347365,1.4342175557786179,494882.42856832425
2023-09-20 00:00:00+00:00,1.4290670450909118,364.4599914550781,1129189.0196645583,0.6952426535331658,1.4383467339325091,494976.31876241096
2023-09-21 00:00:00+00:00,1.4382083527190201,357.69000244140625,1098925.5957837023,0.6894156058849938,1.4505038636546572,495070.22676955396
2023-09-22 00:00:00+00:00,1.4501935387674632,357.5899963378906,1098386.00664791,0.6892698044541228,1.4508106891349526,495164.15259313275
2023-09-25 00:00:00+00:00,1.4502261467365167,355.92999267578125,1090894.4872132854,0.6877613784423169,1.4539926656900388,495258.0962365275
2023-09-26 00:00:00+00:00,1.4472688890922287,353.2099914550781,1078679.2180401674,0.6852971949561772,1.4592209151884052,495352.05770311906
2023-09-27 00:00:00+00:00,1.4573315356179133,351.3599853515625,1070340.9434617665,0.683580178415233,1.4628861859604148,495446.0369962888
2023-09-28 00:00:00+00:00,1.4559009783488974,353.239990234375,1078624.9270177968,0.6852045075622644,1.4594183035334605,495540.03411941894
2023-09-29 00:00:00+00:00,1.4505393294111997,357.0199890136719,1095375.9516831466,0.688478357245124,1.4524784831311157,495634.04907589214
2023-10-02 00:00:00+00:00,1.4501890806706914,357.9200134277344,1099292.752702521,0.6892027545193581,1.4509518330311786,495728.08186909184
2023-10-03 00:00:00+00:00,1.751068405310081,353.2799987792969,1070268.4110467543,0.5613081080305161,1.7815527438374965,836471.2132961885
2023-10-04 00:00:00+00:00,1.7751419969702897,355.29998779296875,1081012.0947185676,0.5637194490898936,1.7739320536385021,836629.9104736
2023-10-05 00:00:00+00:00,1.757110645675265,355.1400146484375,1079989.9527629311,0.5634401167161581,1.7748115022909627,836788.6377593927
2023-10-06 00:00:00+00:00,1.761305144488767,354.8500061035156,1078265.9474409684,0.5630004362736051,1.7761975578896771,836947.3951592786
2023-10-09 00:00:00+00:00,1.7397260384064779,360.7799987792969,1110112.798638568,0.5701016728418683,1.754073084920371,837106.1826789714
2023-10-10 00:00:00+00:00,1.7334615501828865,366.3900146484375,1140232.625660033,0.576603789899636,1.7342931446462755,837265.0003241851
2023-10-11 00:00:00+00:00,1.726725368707155,368.19000244140625,1149788.7576731155,0.5785937319099422,1.7283284364298115,837423.8481006356
2023-10-12 00:00:00+00:00,1.7181145630106638,367.5,1145905.765741175,0.577722417097136,1.7309350830190546,837582.7260140391
2023-10-13 00:00:00+00:00,1.7226639540150888,363.8599853515625,1126100.7973721863,0.5734170824209898,1.743931303507667,837741.6340701135
2023-10-16 00:00:00+00:00,1.7389023850339052,366.4700012207031,1140028.7610445623,0.5763748693344335,1.7349819591453493,837900.5722745773
2023-10-17 00:00:00+00:00,1.72489227212945,363.6600036621094,1124703.5401163814,0.5730205296539835,1.7451381726303008,838059.5406331505
2023-10-18 00:00:00+00:00,1.729250234957067,362.0199890136719,1115692.9764782889,0.5710048625813262,1.7512985712228915,838218.5391515539
2023-10-19 00:00:00+00:00,1.7464238600586954,359.1600036621094,1100097.8987292647,0.5675067431618203,1.7620935998550022,838377.5678355095
2023-10-20 00:00:00+00:00,1.7590770495149894,354.3699951171875,1074085.9777671993,0.5615775821449147,1.7806978622268985,838536.6266907406
2023-10-23 00:00:00+00:00,1.7797965750370361,351.1199951171875,1056385.8340459769,0.5574355542508308,1.793929347301782,838695.7157229711
2023-10-24 00:00:00+00:00,1.7758923440401984,355.7900085449219,1081431.9335800107,0.5631616856968982,1.7756889813314016,838854.8349379264
2023-10-25 00:00:00+00:00,1.762970741036256,349.75,1048673.3625740039,0.5555333960825861,1.8000717995562934,839013.9843413327
2023-10-26 00:00:00+00:00,1.7976496908975197,342.3500061035156,1008574.5837036693,0.5458399746342214,1.832038777794024,839173.1639389175
2023-10-27 00:00:00+00:00,1.826246565441718,344.0799865722656,1017752.5068333254,0.5480376893279586,1.8246920229633632,839332.3737364092
2023-10-30 00:00:00+00:00,1.819347520333895,346.45001220703125,1030384.8819913468,0.5510443520434739,1.8147359578074513,839491.6137395375
2023-10-31 00:00:00+00:00,1.8031665489344952,346.6199951171875,1031143.0516301572,0.5511793854025743,1.814291365903703,839650.8839540331
2023-11-01 00:00:00+00:00,1.7965712331736539,351.6199951171875,1057969.9891816268,0.5574776277660032,1.7937939572702315,839810.1843856277
2023-11-02 00:00:00+00:00,1.3101594967275865,360.29998779296875,1080682.079782227,0.7654158869046682,1.3064792841496757,331206.6702050396
2023-11-03 00:00:00+00:00,1.303029005623313,364.5199890136719,1097155.9409633335,0.7680876465525498,1.3019347524834637,331269.50747052574
2023-11-06 00:00:00+00:00,1.2985333986565981,366.9100036621094,1106458.7173903217,0.7695545878409136,1.2994529768260252,331332.3566576375
2023-11-07 00:00:00+00:00,1.2970334419069605,369.04998779296875,1114781.7003589168,0.7708473883003798,1.297273643496247,331395.21776863676
2023-11-08 00:00:00+00:00,1.293507803864805,370.6199951171875,1120871.133049116,0.7717748253209421,1.295714717805353,331458.0908057856
2023-11-09 00:00:00+00:00,1.293335498229612,369.57000732421875,1116693.7157417766,0.7710829908616883,1.29687726464112,331520.9757713468
2023-11-10 00:00:00+00:00,1.2963572832907753,371.2799987792969,1123331.6730775593,0.7720940754002591,1.2951789579289192,331583.87266758346
2023-11-13 00:00:00+00:00,1.2880349169940775,375.239990234375,1138786.5760021915,0.7744564350329656,1.291228214738036,331646.78149675904
2023-11-14 00:00:00+00:00,1.2892672954351256,383.17999267578125,1169837.7282372676,0.7790880957046866,1.2835518929287426,331709.7022611374
2023-11-15 00:00:00+00:00,1.2815243790163247,384.239990234375,1173928.5526231197,0.7796557260508831,1.2826173996889707,331772.634962983
2023-11-16 00:00:00+00:00,1.2813214800208987,383.55999755859375,1171200.956187102,0.7792232113441075,1.2833293277738318,331835.57960456074
2023-11-17 00:00:00+00:00,1.2810816303967167,384.2900085449219,1173998.6555399238,0.7796008001002559,1.2827077651426229,331898.53618813574
2023-11-20 00:00:00+00:00,1.2810659851098292,386.04998779296875,1180832.4257984227,0.7805639631280801,1.281124990695879,331961.5047159737
2023-11-21 00:00:00+00:00,1.2768166187602443,386.70001220703125,1183316.662056018,0.7808912628066047,1.280588025029113,332024.4851903406
2023-11-22 00:00:00+00:00,1.2789529533919237,389.0400085449219,1192423.2911049982,0.782167837428492,1.2784979797784422,332087.47761350306
2023-11-24 00:00:00+00:00,1.2775675791145797,388.5,1190244.1834410047,0.7818236692952489,1.2790607898855497,332150.4819877281
2023-11-27 00:00:00+00:00,1.2781359153805145,388.2799987792969,1189319.0598167027,0.7816586332380902,1.2793308453044412,332213.4983152829
2023-11-28 00:00:00+00:00,1.2785141083511875,388.04998779296875,1188354.6994908836,0.7814877658056733,1.2796105630253238,332276.52659843554
2023-11-29 00:00:00+00:00,1.2776512379228264,389.4599914550781,1193816.9669807025,0.7822375624815054,1.2783840203578092,332339.56683945406
2023-11-30 00:00:00+00:00,1.2780645579662857,385.82000732421875,1179490.0990187628,0.7801413982155616,1.28181891422161,332402.61904060724
2023-12-01 00:00:00+00:00,1.2790285933868795,386.07000732421875,1180406.6968020708,0.7802420828101879,1.2816535047665114,332465.6832041641
2023-12-04 00:00:00+00:00,1.7403108767125888,382.6600036621094,1155493.3577718074,0.566434814483917,1.7654282089124544,884447.211249512
2023-12-05 00:00:00+00:00,1.752718054021908,384.2099914550781,1163588.4627570612,0.5681019869007784,1.7602473201253819,884615.0105398686
2023-12-06 00:00:00+00:00,1.7496687355466536,384.70001220703125,1166032.9067634344,0.5685702909472522,1.7587974889331188,884782.8416654792
2023-12-07 00:00:00+00:00,1.757585320592129,386.9599914550781,1177912.875577005,0.571008614858304,1.7512870628898487,884950.7046323841
2023-12-08 00:00:00+00:00,1.739670985795455,388.4800109863281,1185848.1257944563,0.5726060739369978,1.7464013141258212,885118.5994466242
2023-12-11 00:00:00+00:00,1.7342218182806768,391.5299987792969,1201939.5253547002,0.5758549844224121,1.7365483099933732,885286.5261142413
2023-12-12 00:00:00+00:00,1.7237404519133124,394.4100036621094,1217124.723006003,0.5788722339587511,1.7274969178626338,885454.4846412791
2023-12-13 00:00:00+00:00,1.7141714508241104,398.8399963378906,1240572.7930674506,0.5834707713254041,1.713881910019955,885622.4750337818
2023-12-14 00:00:00+00:00,1.6991603271765474,400.3399963378906,1248401.1927556882,0.5849527006285002,1.7095399319048425,885790.4972977953
2023-12-15 00:00:00+00:00,1.7004175192094038,403.57000732421875,1265452.159118841,0.5881964577514377,1.700112244508932,885958.5514393658
2023-12-18 00:00:00+00:00,1.6949305632375031,404.6000061035156,1274005.4974620813,0.5906646408927049,1.6930080637443328,882896.0829958324
2023-12-19 00:00:00+00:00,1.6858904217439261,407.3500061035156,1288498.0993676833,0.5933509081788853,1.685343337670458,883063.5880026898
2023-12-20 00:00:00+00:00,1.6802492464244685,402.8999938964844,1264607.7790480128,0.588781484863166,1.698422973053241,883231.124788969
2023-12-21 00:00:00+00:00,1.6978934406453925,404.4700012207031,1272809.8378313333,0.590299973040027,1.6940539482833283,883398.6933606999
2023-12-22 00:00:00+00:00,1.6845919032210293,406.4800109863281,1283357.4949441748,0.5922485606810373,1.688480253713208,883566.2937239124
2023-12-26 00:00:00+00:00,1.6830890428643315,409.1499938964844,1297423.402753387,0.59483256238262,1.6811453562570102,883733.9258846384
2023-12-27 00:00:00+00:00,1.6763376805970678,410.0799865722656,1303077.0949253244,0.596069764162972,1.67765597271025,883037.9762780675
2023-12-28 00:00:00+00:00,1.6737419765958674,410.94000244140625,1307494.262848345,0.5968386358207034,1.6754947484673404,883205.5082052336
2023-12-29 00:00:00+00:00,1.67450475006632,407.5799865722656,1289414.6293660454,0.5934379270485928,1.6850962070682018,883373.0719169291
2024-01-02 00:00:00+00:00,1.6796449554994528,400.239990234375,1250117.8952999585,0.5859034416953776,1.7067658744355338,883540.6674191845
2024-01-03 00:00:00+00:00,1.699753460938691,397.8900146484375,1237422.6704260162,0.5833787214275014,1.7141523392437852,883708.294718031
2024-01-04 00:00:00+00:00,1.7128012631812384,396.05999755859375,1227499.2854377325,0.5813742922691267,1.7200622960072083,883875.9538195011
2024-01-05 00:00:00+00:00,1.7193749686845532,395.3399963378906,1223493.30548302,0.5805323153928905,1.7225569937880612,884043.6447296286
2024-01-08 00:00:00+00:00,1.7181449966102664,397.8399963378906,1236652.952678618,0.5830891400922,1.7150036439400616,884211.3674544481
2024-01-09 00:00:00+00:00,1.6937406546339184,401.7099914550781,1257115.9407398575,0.58702724214152,1.703498454947208,884379.1219999958
2024-01-10 00:00:00+00:00,1.6916490329085847,405.1700134277344,1275393.35147249,0.5904762160246657,1.6935483138210385,884546.9083723086
2024-01-11 00:00:00+00:00,1.6840274509914186,404.239990234375,1270267.6280143862,0.5894561620459281,1.6964789994375935,884714.7265774248
2024-01-12 00:00:00+00:00,1.6818564065971655,408.1499938964844,1290943.8040484744,0.5933119551804678,1.6854539863364626,884882.5766213838
2024-01-16 00:00:00+00:00,1.6814859625998364,406.8299865722656,1283739.031796623,0.5919150002958535,1.68943175878323,885050.4585102261
2024-01-17 00:00:00+00:00,1.6818154037463668,402.9200134277344,1262727.254666429,0.5878767315349562,1.7010368778995264,885218.3722499935
2024-01-18 00:00:00+00:00,1.6885660421855275,409.1600036621094,1295824.3723310179,0.5940849172279736,1.683261047370204,885386.3178467287
2024-01-19 00:00:00+00:00,1.6726623456878282,414.6300048828125,1324816.686764649,0.5993639518029195,1.6684353421522025,885554.2953064757
2024-01-22 00:00:00+00:00,1.6512700865121537,421.1199951171875,1359246.4776892099,0.6054634204230744,1.6516274415079257,885722.3046352797
2024-01-23 00:00:00+00:00,1.650072160287728,420.57000732421875,1356146.4801778598,0.6048725268206405,1.6532408989646914,885890.3458391869
2024-01-24 00:00:00+00:00,1.6458529308431715,425.3299865722656,1381353.6087936943,0.6092203763177406,1.6414421428978059,886058.4189242448
2024-01-25 00:00:00+00:00,1.6402067933527997,423.9800109863281,1373988.854214509,0.6079017369410293,1.64500270229859,886226.5238965017
2024-01-26 00:00:00+00:00,1.6391257119874678,423.1499938964844,1369395.9394303565,0.6070580927651619,1.647288804675974,886394.6607620077
2024-01-29 00:00:00+00:00,1.6456299611228866,423.6099853515625,1371679.961178374,0.6074103133746908,1.6463335870017308,886562.8295268134
2024-01-30 00:00:00+00:00,1.6351271133880698,424.3800048828125,1375616.6945637828,0.6080483028793711,1.6446061855029748,886731.0301969708
2024-01-31 00:00:00+00:00,1.642316184719144,416.7900085449219,1334986.586426347,0.6008349109852258,1.664350692206348,886899.2627785332
2024-02-01 00:00:00+00:00,1.663873528144931,417.80999755859375,1340255.8302873126,0.6017338370449338,1.6618643301013605,887067.5272775547
2024-02-02 00:00:00+00:00,1.6513203022346707,422.7900085449219,1366635.7133137914,0.6063503136138916,1.6492116480321877,887235.823700091
2024-02-05 00:00:00+00:00,1.6338330402016121,425.0,1378248.7344187992,0.6083229883310026,1.643863571132835,887404.1520521985
2024-02-06 00:00:00+00:00,1.6353847733797031,425.2200012207031,1379253.1891915645,0.6084513636225852,1.6435167373875545,887572.5123399352
2024-02-07 00:00:00+00:00,1.637675463039447,429.0899963378906,1399715.5395689271,0.6119091548850092,1.6342295126928137,887740.9045693596
2024-02-08 00:00:00+00:00,1.627301036192022,431.4200134277344,1411968.315262652,0.6139319276138907,1.6288450804091625,887909.328746532
2024-02-09 00:00:00+00:00,1.6256091319834918,433.1400146484375,1420969.0961444224,0.6153920510767331,1.624980365362747,888077.7848775137
2024-02-12 00:00:00+00:00,1.615945209123395,434.6499938964844,1428850.228857919,0.6166554684846876,1.6216510695304591,888246.2729683669
2024-02-13 00:00:00+00:00,1.6200548285504317,425.3299865722656,1378997.2346927845,0.6081811412461681,1.644246972129047,888414.7930251551
2024-02-14 00:00:00+00:00,1.6363260311965533,428.8800048828125,1397753.6455635624,0.6113506675960529,1.6357224306831792,888583.3450539429
2024-02-15 00:00:00+00:00,1.6253709875055855,431.3299865722656,1410645.7864661461,0.6134849038687833,1.6300319595376505,888751.929060796
2024-02-16 00:00:00+00:00,1.6225504147185374,429.8500061035156,1402587.4716023505,0.6120805432093975,1.633771913017487,888920.5450517818
2024-02-20 00:00:00+00:00,1.6320422804563044,423.5,1368567.2714857794,0.6061893352660763,1.6496496091622386,889089.193032968
2024-02-21 00:00:00+00:00,1.6401245653199732,421.6300048828125,1358429.7448378704,0.6043676772746079,1.6546219091489032,889257.8730104238
2024-02-22 00:00:00+00:00,1.6445547253285664,433.7099914550781,1422658.8127309787,0.6153141290253195,1.6251861493641262,889426.58499022
2024-02-23 00:00:00+00:00,1.6151362189653358,435.7900085449219,1433578.5316216268,0.6170775919678032,1.6205417487468516,889595.3289784279
2024-02-26 00:00:00+00:00,1.6182656610474722,436.3599853515625,1436448.272318197,0.6175052141996951,1.6194195239242304,889764.1049811202
2024-02-27 00:00:00+00:00,1.6189830559383054,435.0299987792969,1429189.3750798376,0.6162630502164977,1.6226836894548402,889932.9130043709
2024-02-28 00:00:00+00:00,1.6167711631478046,434.29998779296875,1425128.8844456482,0.6155451043895007,1.6245763192151497,890101.7530542547
2024-02-29 00:00:00+00:00,1.6223182610380826,435.0199890136719,1428798.3014076399,0.6161085964515124,1.6230904839820715,890270.6251368481
2024-03-01 00:00:00+00:00,1.6139731643863109,439.8399963378906,1454324.6055378541,0.6202434538961986,1.612270139601273,890439.5292582283
2024-03-04 00:00:00+00:00,1.4215216049710535,443.7699890136719,1445682.8338896488,0.7021855627692408,1.4241249792380448,613150.2019082451
2024-03-05 00:00:00+00:00,1.4237849817206172,433.6499938964844,1398615.6509821045,0.6951777117539782,1.438481100720182,613266.5301271072
2024-03-06 00:00:00+00:00,1.4350178650522025,436.8900146484375,1413531.100783187,0.6973809021470583,1.433936600387614,613382.8804160174
2024-03-07 00:00:00+00:00,1.431247317775098,440.8599853515625,1431833.0690854618,0.7000491087825439,1.428471213596859,613499.252779163
2024-03-08 00:00:00+00:00,1.4221921313399002,438.3399963378906,1420025.4004260781,0.6982674755061786,1.432115965697949,613615.647220732
2024-03-11 00:00:00+00:00,1.431158092847607,435.44000244140625,1406454.7094229837,0.6962003355845623,1.4363681671603237,613732.063744913
2024-03-12 00:00:00+00:00,1.4335792011665012,436.4599914550781,1411070.4228941328,0.6968528000299568,1.435023293236407,613848.5023558957
2024-03-13 00:00:00+00:00,1.4249632664967522,439.1199951171875,1423294.8224361467,0.6986319725007533,1.4313687883772337,613964.9630578705
2024-03-14 00:00:00+00:00,1.4297857165205503,436.3900146484375,1410512.8279656153,0.6966891323385077,1.4353604119579109,614081.4458550283
2024-03-15 00:00:00+00:00,1.43145778390828,432.739990234375,1393462.3459386253,0.6940727712929705,1.4407711141543926,614197.9507515614
2024-03-18 00:00:00+00:00,1.439046195086516,437.239990234375,1416216.9738374462,0.6981467485672025,1.4323636141717868,612320.6892597892
2024-03-19 00:00:00+00:00,1.4320239185198205,433.3299865722656,1397960.674305176,0.6953652948632548,1.4380930532298888,612436.8601016682
2024-03-20 00:00:00+00:00,1.4306048068454003,438.05999755859375,1419788.9641944263,0.6985974566258064,1.4314395085690035,612553.0529837374
2024-03-21 00:00:00+00:00,1.42353697780691,445.6700134277344,1454978.769193209,0.7036878342367785,1.4210846789537044,612669.2679101785
2024-03-22 00:00:00+00:00,1.4208163365117692,444.489990234375,1449387.915201196,0.7028448243409575,1.4227891639348393,612785.5048851738
2024-03-25 00:00:00+00:00,1.4202467393101192,442.5400085449219,1440224.8823472972,0.7014788322827943,1.425559765995704,612901.7639129062
2024-03-26 00:00:00+00:00,1.4225380618605197,443.0899963378906,1442660.22274558,0.7017928074559198,1.4249219846312131,613018.0449975596
2024-03-27 00:00:00+00:00,1.4246079078723577,441.92999267578125,1437162.181491515,0.7009533307591753,1.426628501667777,613134.3481433189
2024-03-28 00:00:00+00:00,1.422671579120579,443.6499938964844,1445025.6553260623,0.7020561987672829,1.4243873948493964,613250.6733543695
2024-04-01 00:00:00+00:00,1.423897424201652,443.0199890136719,1441986.454095155,0.7015758952530263,1.4253625399135839,613367.0206348975
2024-04-02 00:00:00+00:00,1.4227375035416328,438.0299987792969,1418719.4504097083,0.6981190175540251,1.4324205111954473,613483.3899890902
2024-04-03 00:00:00+00:00,1.4281086034983994,438.95001220703125,1422871.3828510442,0.6986945888622824,1.4312405104329595,613599.7814211353
2024-04-04 00:00:00+00:00,1.4268563242672734,435.1099853515625,1404939.4920759518,0.6959777742761614,1.4368274921423048,613716.1949352216
2024-04-05 00:00:00+00:00,1.4364959533270316,435.9599914550781,1408766.5873359293,0.6965129694940156,1.4357234449294656,613832.6305355384
2024-04-08 00:00:00+00:00,1.4293465448577114,439.20001220703125,1423681.9297351842,0.6986946690473437,1.431240346177938,613949.0882262761
2024-04-09 00:00:00+00:00,1.4292818672035006,437.44000244140625,1415400.034670515,0.6974249934563675,1.4338459467076186,614065.5680116257
2024-04-10 00:00:00+00:00,1.4271395373560274,436.2799987792969,1409901.794678056,0.6965629336583377,1.4356204610946144,614182.069895779
2024-04-11 00:00:00+00:00,1.4326450185467807,437.9599914550781,1417579.4535027826,0.6976695551815681,1.4333433250355185,614298.5938829287
2024-04-12 00:00:00+00:00,1.4230830307116338,436.8800048828125,1412452.4017675803,0.6968646804377048,1.434998828426624,614415.1399772682
2024-04-15 00:00:00+00:00,1.4330218178213432,430.2099914550781,1381390.8748350241,0.692106440694827,1.4448644618825817,614531.7081829916
2024-04-16 00:00:00+00:00,1.4435980985215984,429.70001220703125,1378908.279264507,0.6916825409629398,1.4457499514268928,614648.2985042941
2024-04-17 00:00:00+00:00,1.4436601530508735,424.8999938964844,1356522.3910390227,0.6881403789663135,1.453191863994589,614764.9109453715
2024-04-18 00:00:00+00:00,1.4517395739764807,422.8299865722656,1346802.1339466427,0.6865541820276541,1.4565492807088027,614881.5455104203
2024-04-19 00:00:00+00:00,1.455638904305261,413.07000732421875,1301404.885500832,0.6790872410144657,1.4725648482308893,614998.202203638
2024-04-22 00:00:00+00:00,1.46991801694552,413.94000244140625,1305324.4748605508,0.6797009605417978,1.4712352314507369,615114.8810292227
2024-04-23 00:00:00+00:00,1.4632011795742481,418.8699951171875,1328080.054670923,0.6834107456650367,1.4632488680389213,615231.5819913736
2024-04-24 00:00:00+00:00,1.4534282224610053,424.20001220703125,1352691.49151034,0.687329338483946,1.4549066131902897,615348.3050942903
2024-04-25 00:00:00+00:00,1.4513308317602511,418.1400146484375,1324459.9041609936,0.682737701314946,1.4646913420395709,615465.0503421734
2024-04-26 00:00:00+00:00,1.4546423282407908,426.9200134277344,1365077.1926681262,0.6892035355380929,1.4509501887845861,615581.8177392245
2024-04-29 00:00:00+00:00,1.4447826405943949,429.9800109863281,1379157.0009478019,0.6913568056017622,1.4464311219582087,615698.6072896455
2024-04-30 00:00:00+00:00,1.4423096349273015,424.510009765625,1353662.5848550021,0.687320489087465,1.454925345420257,615815.4189976396
2024-05-01 00:00:00+00:00,1.4548006670968938,420.6600036621094,1335683.9758535712,0.6843988875461082,1.4611362148548634,615932.2528674105
2024-05-02 00:00:00+00:00,1.4597628547782446,420.6300048828125,1335427.943038453,0.6843164984747184,1.4613121300288863,616049.1089031629
2024-05-03 00:00:00+00:00,1.4514777747010905,432.6199951171875,1390937.602463622,0.6930073812282541,1.4429860735792546,616165.9871091021
2024-05-06 00:00:00+00:00,1.4388001550934006,436.5199890136719,1408914.3913193252,0.6956924177520435,1.4374168446901443,616282.8874894341
2024-05-07 00:00:00+00:00,1.4321094369147263,439.5799865722656,1422994.0665904903,0.697753427079883,1.433171033190087,616399.8100483661
2024-05-08 00:00:00+00:00,1.4321284352705974,437.54998779296875,1413459.1155551411,0.69629355511243,1.436175866712612,616516.7547901059
2024-05-09 00:00:00+00:00,1.4326117357274215,438.4599914550781,1417564.0330454106,0.6968663836764886,1.434995321089039,616633.7217188618
2024-05-10 00:00:00+00:00,1.4313810466614774,440.5,1426911.4896733942,0.6982129871148681,1.4322277277198263,616750.7108388435
2024-05-13 00:00:00+00:00,1.430046477550307,441.6499938964844,1432129.7770119268,0.6989416910438949,1.4307345130699867,616867.722154261
2024-05-14 00:00:00+00:00,1.4287483399982628,442.4599914550781,1435770.6581234355,0.699435816111498,1.4297237530092235,616984.7556693252
2024-05-15 00:00:00+00:00,1.424958843852095,446.8999938964844,1456252.6152528299,0.7023654984121651,1.423760139501009,617101.8113882481
2024-05-16 00:00:00+00:00,1.4158118335415364,451.80999755859375,1478915.0807733494,0.7055441598090433,1.417345726836789,617218.8893152421
2024-05-17 00:00:00+00:00,1.4171232588153615,449.5400085449219,1468266.5601055366,0.7040011340680691,1.4204522572591638,617335.9894545205
2024-05-20 00:00:00+00:00,1.4175234393843852,451.7900085449219,1478588.1209532842,0.7054193867187432,1.4175964239535548,617453.1118102976
2024-05-21 00:00:00+00:00,1.4135479091594718,452.8399963378906,1483342.3052382905,0.7060466638796757,1.4163369804837995,617570.2563867883
2024-05-22 00:00:00+00:00,1.412517932576298,453.0799865722656,1484338.5526717952,0.7061466269771033,1.4161364818533997,617687.4231882083
2024-05-23 00:00:00+00:00,1.4127436124155783,451.8500061035156,1478514.9741035393,0.7052908267185434,1.4178548226022294,617804.6122187743
2024-05-24 00:00:00+00:00,1.4154949896976752,453.57000732421875,1486377.561885208,0.7063527044776153,1.415723325841234,617921.8234827035
2024-05-28 00:00:00+00:00,1.4101165149056198,456.69000244140625,1500735.279772525,0.7083035006312838,1.41182416733609,618039.0569842143
2024-05-29 00:00:00+00:00,1.4080524007001496,455.3399963378906,1494354.7857903587,0.7073831644429147,1.4136610118329997,618156.3127275254
2024-05-30 00:00:00+00:00,1.4122531224644879,450.2099914550781,1470437.287443599,0.703992736772944,1.4204692005544453,618273.5907168568
2024-05-31 00:00:00+00:00,1.4186990009936236,443.05999755859375,1437148.200007345,0.6991587785049197,1.4302902727451965,618390.890956429
2024-06-03 00:00:00+00:00,1.4199200206481657,447.8999938964844,1459485.627947737,0.7023532018582437,1.4237850661949862,618508.213450463
2024-06-04 00:00:00+00:00,1.7511667856658226,451.1300048828125,1471089.3353366097,0.5690644127689815,1.7572703152076425,1114012.284668956
2024-06-05 00:00:00+00:00,1.747832211859052,454.4100036621094,1489673.2965864437,0.5720938018145914,1.7479651008770898,1114223.6375551862
2024-06-06 00:00:00+00:00,1.7226146187774054,462.19000244140625,1534043.4814847861,0.5792168879301713,1.7264689977764545,1114435.0305397557
2024-06-07 00:00:00+00:00,1.7232809517965453,461.8399963378906,1531826.4151279898,0.5788181044374543,1.727658468754855,1114646.463630272
2024-06-10 00:00:00+00:00,1.7246225208911443,461.5299987792969,1529838.5688557448,0.5784552464013482,1.728742208184888,1114857.9368343442
2024-06-11 00:00:00+00:00,1.71984443591203,462.0299987792969,1532492.195946823,0.5788315441872933,1.7276183546700912,1115069.4501595825
2024-06-12 00:00:00+00:00,1.711678383766354,471.2900085449219,1585343.0989627612,0.5870284196346929,1.7034950379783977,1115281.0036135989
2024-06-13 00:00:00+00:00,1.6962970518518257,474.4200134277344,1603067.3123583812,0.5896751830701535,1.6958488820802726,1115492.5972040067
2024-06-14 00:00:00+00:00,1.6901746294224473,476.04998779296875,1612195.8894867527,0.5910025361322518,1.69204011634939,1115704.2309384209
2024-06-17 00:00:00+00:00,1.6844017430687273,478.1400146484375,1623960.6564302966,0.592713073061433,1.6871569827790063,1115915.9048244571
2024-06-18 00:00:00+00:00,1.6707780990646353,483.42999267578125,1654062.0020801576,0.597093422620284,1.67477979511414,1116127.6188697333
2024-06-20 00:00:00+00:00,1.6706442190648616,479.6199951171875,1632017.891885634,0.5938157723118763,1.6840239795361864,1116339.373081869
2024-06-21 00:00:00+00:00,1.6796094587414054,478.6700134277344,1626362.4356325935,0.5929324327947713,1.686532806590671,1116551.167468484
2024-06-24 00:00:00+00:00,1.6828996306596653,473.82000732421875,1601633.5595465978,0.589893836418218,1.6952202892505361,1113488.1465413515
2024-06-25 00:00:00+00:00,1.6948722753942844,475.1199951171875,1608871.6012337238,0.5909383448631429,1.6922239159003851,1113699.3999869314
2024-06-26 00:00:00+00:00,1.6818779331138631,478.1300048828125,1625908.5089746693,0.5934364236512388,1.6851004760498112,1113910.6935119845
2024-06-27 00:00:00+00:00,1.6797342975916547,479.29998779296875,1632401.5060071154,0.5943519093557749,1.6825049003105113,1114122.0271241148
2024-06-28 00:00:00+00:00,1.6770150718056565,478.4599914550781,1627376.7173858064,0.5935626478426853,1.6847421306487511,1114333.4008309275
2024-07-01 00:00:00+00:00,1.6831785104070534,476.260009765625,1614558.7906694876,0.5916077306586441,1.690309217032522,1114544.8146400296
2024-07-02 00:00:00+00:00,1.6767152958284999,480.2799987792969,1637383.0027429266,0.5949491800130918,1.680815830316793,1114756.2685590293
2024-07-03 00:00:00+00:00,1.6652179640826652,486.2200012207031,1671209.3908422024,0.5998216548363309,1.6671622171974816,1114967.7625955364
2024-07-05 00:00:00+00:00,1.6563153260149635,491.5899963378906,1701769.436771928,0.6041180006282688,1.6553057498038843,1115179.2967571623
2024-07-08 00:00:00+00:00,1.6453745004789142,495.5,1723963.2815180812,0.607167401064747,1.646992243401688,1115390.8710515192
2024-07-09 00:00:00+00:00,1.6430593163771248,496.239990234375,1727992.0189397535,0.6076787728525226,1.6456062720536888,1115602.4854862215
2024-07-10 00:00:00+00:00,1.6423471915495487,498.3900146484375,1740100.6080466856,0.6092971119655666,1.6412354176011805,1115814.1400688847
2024-07-11 00:00:00+00:00,1.6317283644731395,490.7300109863281,1695994.9411455616,0.6031231901446297,1.6580360635116662,1116025.8348071254
2024-07-12 00:00:00+00:00,1.6553788990958784,492.0400085449219,1703289.86014493,0.6041047312078947,1.655342109306976,1116237.5697085625
2024-07-15 00:00:00+00:00,1.6492697547267083,494.0899963378906,1714825.0908298574,0.6056725089102815,1.6510572715264686,1116449.3447808155
2024-07-16 00:00:00+00:00,1.6466062196020983,493.1499938964844,1709226.7976065488,0.6048459186029307,1.6533136278902134,1116661.1600315059
2024-07-17 00:00:00+00:00,1.6464005894358174,481.70001220703125,1643403.3315607274,0.5953763771984644,1.6796098036430112,1116873.0154682563
2024-07-18 00:00:00+00:00,1.6794440208147319,476.2699890136719,1612075.8781046334,0.5906855632991921,1.6929480964705468,1117084.911098691
2024-07-19 00:00:00+00:00,1.6851064988997144,473.94000244140625,1598512.4648775428,0.5885952514881744,1.6989603593838902,1117296.8469304356
2024-07-22 00:00:00+00:00,1.6957182136910316,477.7099914550781,1619903.584621142,0.5917645365120404,1.6898613186490827,1117508.822971117
2024-07-23 00:00:00+00:00,1.6787918749486619,480.1400146484375,1633616.2836916556,0.5937535862409633,1.6842003537712857,1117720.839228364
2024-07-24 00:00:00+00:00,1.6830503424076724,462.510009765625,1532379.3481510084,0.5781882311039437,1.729540565173187,1117932.8957098064
2024-07-25 00:00:00+00:00,1.7271748346555482,455.6300048828125,1492742.8913293378,0.5717376455031619,1.7490539723336616,1118144.9924230757
2024-07-26 00:00:00+00:00,1.7415390201772885,459.7699890136719,1516254.0260890767,0.5755134008842118,1.7375790007037408,1118357.129375805
2024-07-29 00:00:00+00:00,1.7287656015419852,461.6199951171875,1526642.9034044829,0.5771343779696078,1.7326987235070939,1118569.3065756282
2024-07-30 00:00:00+00:00,1.7264814838632758,454.1499938964844,1483625.4811351902,0.570097405283042,1.7540862153258179,1118781.5240301813
2024-07-31 00:00:00+00:00,1.7443686598119177,466.4100036621094,1553666.5223861232,0.5813183665666017,1.7202277745088757,1118993.7817471016
2024-08-01 00:00:00+00:00,1.7080582573164438,455.9800109863281,1493687.4372846663,0.571660279133365,1.749290682774036,1119206.0797340276
2024-08-02 00:00:00+00:00,1.1796698185891337,444.4700012207031,1391724.4480988348,0.842459829777269,1.1870002160985906,260252.77254417358
2024-08-05 00:00:00+00:00,1.184886930462728,423.45001220703125,1313549.3429938133,0.8346081890686607,1.1981670118956058,260302.14827852012
2024-08-06 00:00:00+00:00,1.1917013064761623,434.55999755859375,1354792.8295637895,0.838806029136657,1.1921707346682429,260351.53338054076
2024-08-07 00:00:00+00:00,1.1895857915414838,434.3699951171875,1354037.2463637022,0.838704924096264,1.1923144496588445,260400.92785201265
2024-08-08 00:00:00+00:00,1.1921035287198243,437.1499938964844,1364320.3613506209,0.8397002525897687,1.1909011542104952,260450.33169471347
2024-08-09 00:00:00+00:00,1.1853861518631876,445.6099853515625,1395714.4946785276,0.8427137391506344,1.1866425733225774,260499.7449104211
2024-08-12 00:00:00+00:00,1.1842869679818029,448.54998779296875,1406592.2821325802,0.8437150203672322,1.185234321850456,260549.16750091384
2024-08-13 00:00:00+00:00,1.183859430628995,455.67999267578125,1433043.1890345826,0.8461312178070545,1.181849787544457,260598.59946797026
2024-08-14 00:00:00+00:00,1.1786526560065766,458.3999938964844,1443103.2714914246,0.8470152076004737,1.1806163467039983,260648.04081336933
2024-08-15 00:00:00+00:00,1.1786243234844658,468.3800048828125,1480146.87713844,0.8502465262090231,1.176129474422765,260697.49153889032
2024-08-16 00:00:00+00:00,1.173498061717256,471.6499938964844,1492251.0997261442,0.8512565650360141,1.1747339651444486,260746.95164631284
2024-08-19 00:00:00+00:00,1.1732752397994717,473.3699951171875,1498594.4190133065,0.8517689104741077,1.1740273537847075,260796.42113741685
2024-08-20 00:00:00+00:00,1.1706831336847991,478.54998779296875,1517797.6003387484,0.8533455973823573,1.1718581581337104,260845.90001398264
2024-08-21 00:00:00+00:00,1.1711415119482231,479.32000732421875,1520610.0706358817,0.8535534163129201,1.1715728399514616,260895.38827779086
2024-08-22 00:00:00+00:00,1.170249547534288,473.80999755859375,1500081.32670471,0.8518222590564823,1.1739538258927937,260944.88593062246
2024-08-23 00:00:00+00:00,1.1735067306700318,475.2799987792969,1505495.4246833464,0.8522525347356139,1.1733611332821912,260994.39297425875
2024-08-26 00:00:00+00:00,1.1713642872026553,473.239990234375,1497863.7370390052,0.8515874838923908,1.1742774746162932,261043.90941048137
2024-08-27 00:00:00+00:00,1.1733740458096515,471.7099914550781,1492127.611158763,0.851077857080705,1.1749806338871454,261093.43524107232
2024-08-28 00:00:00+00:00,1.1728068837387455,467.8900146484375,1477880.2343440095,0.8498335331321404,1.1767010373365796,261142.97046781387
2024-08-29 00:00:00+00:00,1.1751767256126255,469.3699951171875,1483331.3849623362,0.8502786261143912,1.1760850729246324,261192.51509248873
2024-08-30 00:00:00+00:00,1.1755177412611684,470.510009765625,1487518.963309637,0.8506130544581099,1.1756226814988848,261242.0691168799
2024-09-03 00:00:00+00:00,1.1731309868895994,459.4100036621094,1446213.618432478,0.8469746242985005,1.1806729166511234,261291.63254277068
2024-09-04 00:00:00+00:00,1.1795653703875373,457.7300109863281,1439919.957985207,0.8463838409993255,1.181497036639192,261341.20537194476
2024-09-05 00:00:00+00:00,1.180157776680072,457.94000244140625,1440650.8583467898,0.8464251516831524,1.1814393724140375,261390.78760618618
2024-09-06 00:00:00+00:00,1.17999978713074,448.19000244140625,1404363.1002219447,0.8430544884378666,1.1861629511669463,261440.37924727923
2024-09-09 00:00:00+00:00,1.1859169307581254,449.82000732421875,1410371.7954094142,0.843593540987251,1.1854049982764303,261489.98029700862
2024-09-10 00:00:00+00:00,1.1831653093393804,452.2300109863281,1419279.529968132,0.8443975395494654,1.1842763072634692,261539.59075715943
2024-09-11 00:00:00+00:00,1.1812247491388475,451.2799987792969,1415698.9664526982,0.8440403895980633,1.1847774257298345,261589.21062951695
2024-09-12 00:00:00+00:00,1.1767318963675302,466.8500061035156,1473518.9287118127,0.8492132273811649,1.1775605557674094,261638.83991586693
2024-09-13 00:00:00+00:00,1.1747527376719438,472.25,1493539.6364539964,0.8509091346185153,1.1752136148454042,261688.47861799542
2024-09-16 00:00:00+00:00,1.173876576407799,469.8900146484375,1484718.5481220838,0.8501319096514637,1.1762880426520856,261738.12673768878
2024-09-17 00:00:00+00:00,1.174821971254179,470.9700012207031,1488682.9145016004,0.8504472057376125,1.1758519438401553,261787.78427673376
2024-09-18 00:00:00+00:00,1.1747524788912589,470.8299865722656,1488112.8501937,0.8503743500470496,1.1759526847730908,261837.45123691735
2024-09-19 00:00:00+00:00,1.175685013611932,480.489990234375,1523966.8477532752,0.8533546800402401,1.1718456854925139,261887.12762002702
2024-09-20 00:00:00+00:00,1.1706512117291117,478.29998779296875,1515781.1404901037,0.8526573287613055,1.17280408702139,261933.17610663353
2024-09-23 00:00:00+00:00,1.1710675081687334,481.6000061035156,1529887.5497496286,0.8546955177617547,1.170007305781553,260092.06048167584
2024-09-24 00:00:00+00:00,1.169414631293576,480.1700134277344,1524526.9130335574,0.8542371615198916,1.1706350941473462,260137.7933356439
2024-09-25 00:00:00+00:00,1.16849897446824,484.55999755859375,1540797.579912087,0.8555323361318132,1.168862891286354,260183.53423097206
2024-09-26 00:00:00+00:00,1.1683512022099511,485.79998779296875,1545360.5461074729,0.8558757482183308,1.1683938960552294,260229.28316907433
2024-09-27 00:00:00+00:00,1.166920534949519,485.55999755859375,1544422.809015669,0.8557791597792973,1.1685257680940686,260275.04015136487
2024-09-30 00:00:00+00:00,1.1680445215716702,482.9200134277344,1534564.9225058733,0.854965248670736,1.169638183019436,260320.80517925817
2024-10-01 00:00:00+00:00,1.1675482947900804,477.3999938964844,1514002.6995061422,0.8532624626014628,1.1719723342231152,260366.57825416882
2024-10-02 00:00:00+00:00,1.1703538911591915,477.7200012207031,1515146.3008126512,0.8533349726955111,1.171872748682975,260412.35937751186
2024-10-03 00:00:00+00:00,1.1701076364048935,478.989990234375,1519820.7242866377,0.8536981185786954,1.171374257758562,260458.1485507024
2024-10-04 00:00:00+00:00,1.1702914869391823,482.3900146484375,1532411.916884299,0.8547037531428011,1.1699960323362746,260503.94577515588
2024-10-07 00:00:00+00:00,1.1679873606390743,480.8699951171875,1526716.6017782446,0.8542188462063028,1.1706601937444137,260549.75105228802
2024-10-08 00:00:00+00:00,1.170150691757956,483.8500061035156,1537746.6996517326,0.8550912306321645,1.1694658583514008,260595.56438351472
2024-10-09 00:00:00+00:00,1.167262573671257,487.95001220703125,1552939.5145484412,0.8562835626883528,1.1678374356042067,260641.38577025218
2024-10-10 00:00:00+00:00,1.1657743079641003,489.5299987792969,1558766.076535326,0.8567222272777945,1.1672394717450787,260687.21521391676
2024-10-11 00:00:00+00:00,1.1660280836822725,490.1700134277344,1561099.0038930217,0.8568841448529352,1.1670189091567653,260733.0527159252
2024-10-14 00:00:00+00:00,1.165759990333923,495.260009765625,1579971.325992193,0.8583301010428347,1.1650529310169158,260778.89827769445
2024-10-15 00:00:00+00:00,1.16418776528016,488.67999267578125,1555469.2923930725,0.856397287256389,1.1676823535997716,260824.7519006416
2024-10-16 00:00:00+00:00,1.1668173779727042,487.57000732421875,1551297.9092752787,0.8560450585609651,1.168162808720638,260870.6135861841
2024-10-17 00:00:00+00:00,1.1668278100523262,491.19000244140625,1564706.602164391,0.8570808589089125,1.1667510592559813,260916.48333573967
2024-10-18 00:00:00+00:00,1.1667272980228303,493.29998779296875,1572502.98080563,0.8576671425529798,1.1659534921943544,260962.3611507262
2024-10-21 00:00:00+00:00,1.1654958268624698,491.30999755859375,1565060.8285223255,0.8570655127308099,1.1667719505055894,261008.2470325619
2024-10-22 00:00:00+00:00,1.1651599005724442,491.9700012207031,1567467.9932991355,0.8572321679413519,1.1665451174114312,261054.14098266512
2024-10-23 00:00:00+00:00,1.1649842100349532,485.04998779296875,1541702.2350061114,0.8551698951196832,1.1693582827305298,261100.0430024546
2024-10-24 00:00:00+00:00,1.1680175463016051,489.44000244140625,1557972.846114826,0.8564437060366695,1.1676190658550814,261145.95309334918
2024-10-25 00:00:00+00:00,1.1664752800712852,494.42999267578125,1576473.3994247997,0.8578675477934592,1.1656811154264117,261191.87125676806
2024-10-28 00:00:00+00:00,1.1653341910769746,495.1000061035156,1578917.735560831,0.8580349362858296,1.1654537102285063,261237.79749413073
2024-10-29 00:00:00+00:00,1.165336955194283,493.8500061035156,1574225.8824681363,0.8576505784688787,1.1659760106327342,261283.73180685675
2024-10-30 00:00:00+00:00,1.1635396210719802,495.8900146484375,1581762.1112867456,0.8582112533652975,1.1652142710535516,261329.67419636613
2024-10-31 00:00:00+00:00,1.165024270145339,483.75,1536594.9431836207,0.8546274175238785,1.1701005367898343,261375.62466407902
2024-11-01 00:00:00+00:00,1.1700594000992877,485.20001220703125,1541938.2957913477,0.8550363761247817,1.1695408849530196,261421.58321141577
2024-11-04 00:00:00+00:00,1.7520371481191828,484.25,1530520.359477164,0.5678694605643582,1.7609680911633872,1164677.1564380385
2024-11-05 00:00:00+00:00,1.756128678627193,487.5199890136719,1548515.3974971569,0.5706924573693335,1.752257257104123,1164881.9455047122
2024-11-06 00:00:00+00:00,1.7397867233570161,499.6000061035156,1615544.5054165975,0.5809991850996137,1.7211728099559171,1165086.77058013
2024-11-07 00:00:00+00:00,1.70661537395469,508.3399963378906,1663983.9395637095,0.588130741480852,1.700302210835135,1165291.6316706238
2024-11-08 00:00:00+00:00,1.6883301085385,512.4099731445312,1686431.3736424947,0.5913302970276726,1.6911022571082686,1165496.5287825258
2024-11-11 00:00:00+00:00,1.6871787132179439,510.9200134277344,1677941.8429999894,0.5900693015733582,1.6947161923753773,1165693.3681962758
2024-11-12 00:00:00+00:00,1.6880519597434769,509.8299865722656,1671678.1914612167,0.589123480661666,1.6974370107890855,1165890.2408540156
2024-11-13 00:00:00+00:00,1.6903576950118957,509.95001220703125,1672149.314036405,0.5891508114748132,1.6973582663778628,1166087.1467613599
2024-11-14 00:00:00+00:00,1.6920602251440249,507.7699890136719,1659818.986963919,0.5873172153158019,1.7026573952243123,1166284.085923924
2024-11-15 00:00:00+00:00,1.7004963677232052,494.489990234375,1585709.32538963,0.5761626574817605,1.7356209865642964,1166481.0583473246
2024-11-18 00:00:00+00:00,1.7302893655894809,496.7300109863281,1597979.636924892,0.578002707665695,1.730095701521142,1166678.0640371789
2024-11-19 00:00:00+00:00,1.721824391890894,497.0799865722656,1599730.4623508845,0.578228599836027,1.7294198181888238,1166875.1029991051
2024-11-20 00:00:00+00:00,1.7135804409524584,496.55999755859375,1596639.2794288679,0.5777156210473159,1.730955445149887,1167072.1752387227
2024-11-21 00:00:00+00:00,1.7144922478747675,497.55999755859375,1602007.8889620362,0.5784931557146664,1.7286289217451623,1167269.280761652
2024-11-22 00:00:00+00:00,1.7103178510971944,502.7799987792969,1630863.789537089,0.5827989078013165,1.7158577111488216,1167466.4195735138
2024-11-25 00:00:00+00:00,1.7085789174684534,504.260009765625,1638903.9368604682,0.5839531456821233,1.71246615827694,1167663.5916799307
2024-11-26 00:00:00+00:00,1.706872933910954,507.2300109863281,1655236.9119645685,0.5863193847870503,1.7055550710867209,1167860.7970865255
2024-11-27 00:00:00+00:00,1.700654740250207,501.92999267578125,1625541.2815435685,0.5818806123885804,1.71856559354172,1168058.0357989224
2024-11-29 00:00:00+00:00,1.7103689470454548,505.30999755859375,1644156.1535856975,0.5846072582716296,1.7105500929914281,1168255.3078227462
2024-12-02 00:00:00+00:00,1.7000519809582968,510.6199951171875,1673512.781604527,0.5888575507236441,1.6982035787281746,1168452.613163623
2024-12-03 00:00:00+00:00,1.36875287265347,513.3699951171875,1644730.2003629839,0.7295388291177671,1.3707289592924097,609749.1154973654
2024-12-04 00:00:00+00:00,1.367296495731102,519.5999755859375,1671986.361558007,0.732736516249753,1.364747051393233,609852.0953479827
2024-12-05 00:00:00+00:00,1.3612740500478695,521.4199829101562,1679875.979595039,0.7336244144820208,1.3630953117966433,609955.0925907526
2024-12-06 00:00:00+00:00,1.3627254857092974,522.3499755859375,1683857.0549339838,0.7340537621916766,1.3622980379724277,610058.1072286124
2024-12-09 00:00:00+00:00,1.3584372649289138,521.219970703125,1678791.5734769139,0.7334321780139673,1.3634525863152902,610161.1392644999
2024-12-10 00:00:00+00:00,1.3623530194029947,519.1599731445312,1669641.984642072,0.7323292529155196,1.3655060152504361,610264.1887013534
2024-12-11 00:00:00+00:00,1.3641268751737898,524.5900268554688,1693385.1571447817,0.7350551855395635,1.360442072476443,610367.2555421119
2024-12-12 00:00:00+00:00,1.3555278224840401,526.02001953125,1699561.927466094,0.7357308170786203,1.3591927601601874,610470.3397897145
2024-12-13 00:00:00+00:00,1.3587478302232328,527.2999877929688,1705079.8437849216,0.7363277804406184,1.3580908211850982,610573.4414471013
2024-12-16 00:00:00+00:00,1.3551363869477484,533.0,1730008.4946724023,0.7391034905942343,1.352990498253508,610676.5605172124
2024-12-17 00:00:00+00:00,1.3484179617531504,534.1300048828125,1734867.8076078086,0.7396114736752262,1.352061231596191,610779.6970029887
2024-12-18 00:00:00+00:00,1.3505792336591294,515.010009765625,1650798.6371441404,0.7298988146055613,1.3700529169106843,610882.8509073714
2024-12-19 00:00:00+00:00,1.3686212457717788,513.8300170898438,1645513.4935453497,0.7292328148262559,1.3713041701754138,610986.0222333024
2024-12-20 00:00:00+00:00,1.3709675923094409,509.2900085449219,1625476.96773178,0.7267748510535209,1.3759419420614465,611084.9680252363
2024-12-23 00:00:00+00:00,1.366660050358413,516.1300048828125,1658166.244605552,0.7315654547572322,1.3669316853293012,608433.7346892733
2024-12-24 00:00:00+00:00,1.3604966897665254,524.1900024414062,1693463.4266457185,0.735650127933827,1.3593418420365608,608532.2671524188
2024-12-26 00:00:00+00:00,1.3540442948328306,526.3099975585938,1702674.8986533224,0.7366723009308825,1.3574556810896354,608630.8155723494
2024-12-27 00:00:00+00:00,1.354448015231313,517.8599853515625,1665467.8590598241,0.7323321963858132,1.3655005268581308,608729.379951649
2024-12-30 00:00:00+00:00,1.3610263066833437,511.8299865722656,1638888.3630984733,0.729134876159863,1.3714883661397508,608827.9602929023
2024-12-31 00:00:00+00:00,1.367763364016531,510.260009765625,1631895.1678277696,0.7282574736039975,1.3731407314657607,608926.5565986942
2025-01-02 00:00:00+00:00,1.3721692460610957,505.7099914550781,1611815.017355349,0.7257681247625936,1.3778505363915103,609025.1688716101
2025-01-03 00:00:00+00:00,1.3732538467814235,512.530029296875,1641666.7843324635,0.7293734023346052,1.371039849820631,609123.7971142357
2025-01-06 00:00:00+00:00,1.3651305847291308,522.030029296875,1683287.667367638,0.7342552868063569,1.36192413996704,609222.4413291573
2025-01-07 00:00:00+00:00,1.3595696044042764,513.280029296875,1644763.1268159032,0.7296813074420566,1.3704613093427902,609321.1015189614
2025-01-08 00:00:00+00:00,1.3685914758717115,510.57000732421875,1632763.3100658306,0.7282024911278686,1.3732444096025553,609419.7776862351
2025-01-10 00:00:00+00:00,1.368585018084011,503.9200134277344,1603460.975647199,0.7245711110971709,1.3801267876741112,609518.469833566
2025-01-13 00:00:00+00:00,1.3767526716471985,499.70001220703125,1584830.0089990585,0.7222001141857822,1.3846577705507745,609617.1779635418
2025-01-14 00:00:00+00:00,1.3785115414578488,501.5899963378906,1593031.2053522323,0.7232020416588586,1.3827394592335922,609715.902078751
2025-01-15 00:00:00+00:00,1.3790922505895837,511.4599914550781,1636276.8368544457,0.7284996413220682,1.3726842722739268,609814.642181782
2025-01-16 00:00:00+00:00,1.367515731680036,512.9500122070312,1642721.5503783002,0.7292444571901054,1.3712822773492974,609913.3982752241
2025-01-17 00:00:00+00:00,1.371153284750868,513.1099853515625,1643325.305024758,0.7292850374056572,1.371205973945905,610012.170361667
2025-01-21 00:00:00+00:00,1.3628380806661757,520.0599975585938,1673747.6983805913,0.7328595810337665,1.3645178774758013,610110.9584437007
2025-01-22 00:00:00+00:00,1.3600401856085944,529.260009765625,1714051.0164027414,0.7374607152276131,1.3560044343397404,610209.7625239153
2025-01-23 00:00:00+00:00,1.3539639485319406,528.4500122070312,1710395.0684040426,0.737015718340614,1.3568231655241947,610308.5826049017
2025-01-24 00:00:00+00:00,1.3530253012001079,528.1500244140625,1708978.8271719608,0.7368237309424068,1.3571767004857287,610407.4186892513
2025-01-27 00:00:00+00:00,1.3558234765414758,510.1499938964844,1629832.3157468499,0.72749374828823,1.3745822590956536,610506.2707795558
2025-01-28 00:00:00+00:00,1.3705288179053337,511.7799987792969,1636891.6616612915,0.7283176827073656,1.3730272156550056,610605.138878407
2025-01-29 00:00:00+00:00,1.3632524737822294,516.9000244140625,1659277.5195503323,0.7309652032212601,1.3680541776724002,610704.0229883976
2025-01-30 00:00:00+00:00,1.364265337099268,518.2100219726562,1664931.5119364318,0.7316018452306413,1.3668636930306604,610802.9231121204
2025-01-31 00:00:00+00:00,1.3622392734773994,521.1900024414062,1677919.2669933066,0.7330932340735546,1.3640829754263772,610901.8392521688
2025-02-03 00:00:00+00:00,1.3630378230012714,511.04998779296875,1633290.1645773002,0.7277533132565819,1.374091992141069,611000.7714111366
2025-02-04 00:00:00+00:00,1.3671230221079425,518.22998046875,1664722.3637750028,0.7314817691338952,1.36708806999256,611099.7195916179
2025-02-05 00:00:00+00:00,1.361143268010828,520.6199951171875,1675119.2186497417,0.7326711726561146,1.3648687669459578,611198.6837962074
2025-02-06 00:00:00+00:00,1.3590052586075554,525.739990234375,1697504.8463986455,0.7352317223898591,1.3601154160616409,611297.6640274998
2025-02-07 00:00:00+00:00,1.3565548686113398,522.1900024414062,1681815.9751416051,0.7333885873284799,1.3635336263449471,611396.660288091
2025-02-10 00:00:00+00:00,1.3628420086396003,526.75,1701742.325207659,0.7356538007912511,1.3593350553268735,611495.6725805765
2025-02-11 00:00:00+00:00,1.3570316587931337,525.8300170898438,1697603.1650817473,0.7351484210533276,1.3602695338271837,611594.7009075527
2025-02-12 00:00:00+00:00,1.3582676652528802,521.9500122070312,1680464.966039894,0.7331363913620004,1.3640026764218154,611693.7452716164
2025-02-13 00:00:00+00:00,1.3580609140121838,529.1900024414062,1712160.534043876,0.736744798090793,1.3573221047388577,611792.8056753646
2025-02-14 00:00:00+00:00,1.3512764373129225,535.6699829101562,1740518.4809395415,0.739887269785189,1.3515572450521136,611891.8821213949
2025-02-18 00:00:00+00:00,1.3493710795593692,536.0399780273438,1742044.2328037792,0.7400247147178146,1.3513062200649864,611990.9746123049
2025-02-19 00:00:00+00:00,1.3483816747165516,536.4600219726562,1743789.7595098857,0.7401862047177081,1.351011399059213,612090.0831506936
2025-02-20 00:00:00+00:00,1.3483271055496937,532.4600219726562,1726124.518184537,0.7381920137780792,1.3546610926904818,612189.2077391593
2025-02-21 00:00:00+00:00,1.3504087022303817,525.7100219726562,1696382.5555499056,0.7347875146093964,1.360937659006886,612288.3483803016
2025-02-24 00:00:00+00:00,1.3605922732813407,519.530029296875,1669143.7806595238,0.7315892580981618,1.3668872101807485,612387.5050767198
2025-02-25 00:00:00+00:00,1.3665593402637537,509.44000244140625,1624733.9604998683,0.7262287557440152,1.3769765959976459,612486.6778310142
2025-02-26 00:00:00+00:00,1.3730641415484115,511.3699951171875,1633110.390846123,0.7272178440863825,1.3751037713552243,612585.8666457852
2025-02-27 00:00:00+00:00,1.3719134594665912,500.04998779296875,1583299.043438376,0.7209974938574484,1.386967373006867,612685.0715236337
2025-02-28 00:00:00+00:00,1.3867313864116033,496.92999267578125,1569498.272883094,0.7192002987162162,1.390433237840718,612784.292467161
2025-03-03 00:00:00+00:00,1.3785284789553722,493.5799865722656,1554687.3863003794,0.7172486837605462,1.39421657040482,612883.5294789689
2025-03-04 00:00:00+00:00,1.3903900758933405,487.739990234375,1528941.618864101,0.7138167985043586,1.4009196786840452,612982.7825616595
2025-03-05 00:00:00+00:00,1.3921234089515557,491.260009765625,1544300.6182084358,0.7158213699107968,1.3969965720981712,613082.0517178355
2025-03-06 00:00:00+00:00,1.3852204650891757,486.20001220703125,1521980.206025521,0.7128173561539735,1.4028839103968072,613181.3369500998
2025-03-07 00:00:00+00:00,1.4005722839141044,480.5299987792969,1496980.875271747,0.7093816883224303,1.409678338842991,613280.6382610559
2025-03-10 00:00:00+00:00,1.3965784561650136,468.6600036621094,1444754.1279058093,0.7019727914944229,1.4245566382581722,613379.9556533077
2025-03-11 00:00:00+00:00,1.419368484834564,467.010009765625,1437408.7980794609,0.7008713966619451,1.4267952790807572,613479.2891294593
2025-03-12 00:00:00+00:00,1.4208930030048341,471.7900085449219,1458300.9526566258,0.7038541036582674,1.4207489802254762,613578.6386921155
2025-03-13 00:00:00+00:00,1.4143479251975244,466.42999267578125,1434662.9208876428,0.7004024101727512,1.427750655160302,613678.0043438815
2025-03-14 00:00:00+00:00,1.4252643235619697,473.1199951171875,1463942.8801081046,0.704590942258432,1.4192632065275925,613777.3860873628
2025-03-17 00:00:00+00:00,1.4111960790097586,477.79998779296875,1484395.8066879343,0.707437066722682,1.4135532997057443,613876.7839251653
2025-03-18 00:00:00+00:00,1.407560705702234,472.4100036621094,1460626.1201400491,0.7040511366767345,1.4203513749302425,613976.1978598954
2025-03-19 00:00:00+00:00,1.417676537514957,474.8699951171875,1471329.814373694,0.7055365755512943,1.4173609627801607,614075.62789416
2025-03-20 00:00:00+00:00,1.409994122250895,476.17999267578125,1476983.2607471098,0.7062991052297037,1.4158307614941383,614175.0740305663
2025-03-21 00:00:00+00:00,1.4120572051522453,472.9100036621094,1462523.5463203331,0.7042203854960012,1.4200100147564931,614274.5362717217
2025-03-24 00:00:00+00:00,1.410241571464286,484.3999938964844,1515240.9465844152,0.712298115896462,1.403906563393687,612015.7634483081
2025-03-25 00:00:00+00:00,1.3967090709587446,490.4200134277344,1541578.9254926748,0.7157837035252863,1.3970700856626492,612114.876001111
2025-03-26 00:00:00+00:00,1.393660961629835,482.82000732421875,1508104.1482853005,0.7112631405007741,1.4059494202046474,612214.0046046412
2025-03-27 00:00:00+00:00,1.404113677095721,480.25,1496718.7414604768,0.7096709860314687,1.4091036828095116,612313.1492614981
2025-03-28 00:00:00+00:00,1.40746578898009,468.04998779296875,1443042.8710926673,0.7020551381439564,1.4243895467295191,612412.3099742812
2025-03-31 00:00:00+00:00,1.4232431797638758,457.3299865722656,1395866.4961057582,0.6950218076599347,1.4388037741821293,612511.486745591
2025-04-01 00:00:00+00:00,1.423366424387645,464.4200134277344,1426903.3631260209,0.6996290946024522,1.4293287796560643,612610.6795780278
2025-04-02 00:00:00+00:00,0.9196504976392911,465.8599853515625,1410591.3285303812,1.088652418094733,0.9185668293927229,0.0
2025-04-03 00:00:00+00:00,0.9201862103107598,450.1400146484375,1366868.4957605673,1.0917483735082922,0.9159619782959124,0.0
2025-04-04 00:00:00+00:00,0.91605080438332,422.6700134277344,1290464.6466541174,1.097711247268442,0.9109863841592333,0.0
2025-04-07 00:00:00+00:00,0.9109863841592334,402.3900146484375,1234058.753033529,1.1026357829258657,0.9069177832651869,0.0
2025-04-08 00:00:00+00:00,0.9111816420896827,409.7900085449219,1254640.7694853353,1.1007823844745244,0.9084447699236807,0.0
2025-04-09 00:00:00+00:00,0.9096999098004217,415.42999267578125,1270327.5724466757,1.0994141369740362,0.9095753514252073,0.0
2025-04-10 00:00:00+00:00,0.918589304940574,432.6300048828125,1318166.927339194,1.095461742664335,0.9128570730072626,0.0
2025-04-11 00:00:00+00:00,0.915279298635479,441.3299865722656,1342364.6724681198,1.0935798958864318,0.914427929556461,0.0
2025-04-14 00:00:00+00:00,0.9166841903426086,452.6300048828125,1373794.0447117754,1.0912436509941175,0.9163856294504027,0.0
2025-04-15 00:00:00+00:00,0.9171986743043496,456.1499938964844,1383584.386812461,1.0905395478408473,0.9169772907180614,0.0
2025-04-16 00:00:00+00:00,0.9172832483820811,437.760009765625,1332435.2965261005,1.094343049327655,0.9137902421131859,0.0
2025-04-17 00:00:00+00:00,0.9149302800560555,441.3599853515625,1342448.109748969,1.093573535358209,0.9144332481239515,0.0
2025-04-21 00:00:00+00:00,0.9149162618429847,427.92999267578125,1305094.520804539,1.096510211721204,0.9119842107355197,0.0
2025-04-22 00:00:00+00:00,0.9129452392311042,437.6199951171875,1332045.8659619747,1.0943732339833643,0.9137650382403277,0.0
2025-04-23 00:00:00+00:00,0.9149828192576468,452.8800048828125,1374489.3836789324,1.0911932824362154,0.9164279290350689,0.0
2025-04-24 00:00:00+00:00,0.9167110746347366,455.8299865722656,1382694.332563241,1.0906031095179947,0.9169238481650417,0.0
2025-04-25 00:00:00+00:00,0.9188053769296914,465.3900146484375,1409284.1727571602,1.0887419430908747,0.9184912975438959,0.0
2025-04-28 00:00:00+00:00,0.9196286042912485,466.0299987792969,1411064.196375356,1.0886200766113163,0.918594118815836,0.0
2025-04-29 00:00:00+00:00,0.9196051373005806,469.5899963378906,1420965.8164772557,1.0879482410551098,0.9191613739181046,0.0
2025-04-30 00:00:00+00:00,0.9200904647136628,462.42999267578125,1401051.298272242,1.0893099817250584,0.9180123351264762,0.0
2025-05-01 00:00:00+00:00,0.9200811871228709,480.739990234375,1451977.9174364207,1.0859084225026883,0.920887967417459,0.0
2025-05-02 00:00:00+00:00,0.5014156575825898,484.8299865722656,1455241.8421637728,1.987892933663306,0.5030452008082706,0.0
2025-05-05 00:00:00+00:00,0.5050991784092637,484.1000061035156,1454139.6331689828,1.9893825898039754,0.502668518929049,0.0
2025-05-06 00:00:00+00:00,0.5036117454400048,478.19000244140625,1445216.0256555234,2.001610479762184,0.4995977040042338,0.0
2025-05-07 00:00:00+00:00,0.5012754904825953,476.7799987792969,1443087.0389420507,2.0045725890119166,0.49885946035654155,0.0
2025-05-08 00:00:00+00:00,0.5022550399861196,484.1700134277344,1454245.3383292693,1.9892395325599914,0.5027046686092551,0.0
2025-05-09 00:00:00+00:00,0.5048228945793577,486.20001220703125,1457310.4654247714,1.9851092261159144,0.5037506182753533,0.0
2025-05-12 00:00:00+00:00,0.5046590147938291,501.4800109863281,1480381.9759869024,1.955093138848708,0.5114845835881088,0.0
2025-05-13 00:00:00+00:00,0.5146380178121339,508.4200134277344,1490860.7948625337,1.9420559873984877,0.514918213732636,0.0
2025-05-14 00:00:00+00:00,0.5184153153518021,515.75,1501928.4569130985,1.9286672181537887,0.5184927656712324,0.0
2025-05-15 00:00:00+00:00,0.5199069155787563,515.1699829101562,1501052.6799835428,1.9297127815118555,0.5182118342070257,0.0
2025-05-16 00:00:00+00:00,0.5201810628445045,517.0999755859375,1503966.8062899178,1.926242777753173,0.5191453598421429,0.0
2025-05-19 00:00:00+00:00,0.5212649487635995,514.239990234375,1499648.4694104989,1.9313941483713102,0.5177607071261304,0.0
2025-05-20 00:00:00+00:00,0.5215040842972535,516.6599731445312,1503302.4396809347,1.9270315926502624,0.5189328518608726,0.0
2025-05-21 00:00:00+00:00,0.5206708646119808,511.239990234375,1495118.7222105074,1.9368596489160412,0.5162996712537471,0.0
2025-05-22 00:00:00+00:00,0.5171773472649623,512.2999877929688,1496719.2292015199,1.9349211969069473,0.5168169130600988,0.0
2025-05-23 00:00:00+00:00,0.5176441538841106,505.5799865722656,1486572.5936303802,1.9473478588622017,0.5135189357407777,0.0
2025-05-27 00:00:00+00:00,0.5153207190661653,514.5900268554688,1500176.99521193,1.9307605914743868,0.5179306043512987,0.0
2025-05-28 00:00:00+00:00,0.52112612189927,518.3900146484375,1505914.6565669973,1.9239377770184072,0.5197673292479004,0.0
2025-05-29 00:00:00+00:00,0.5200175632809021,517.3200073242188,1504299.0356733806,1.9258488188774785,0.5192515581689694,0.0
2025-05-30 00:00:00+00:00,0.5205076987372391,511.92999267578125,1496160.5677528232,1.9355969070289556,0.5166364940802421,0.0
2025-06-02 00:00:00+00:00,0.5201137512602884,515.969970703125,1502260.5941386188,1.928271304452323,0.5185992228847822,0.0
2025-06-03 00:00:00+00:00,1.24689785768073,522.6900024414062,1509071.3366470025,0.8017612139536281,1.2472541482380033,373124.1479730396
2025-06-04 00:00:00+00:00,1.244563836860467,525.969970703125,1520822.006603775,0.8029655349117959,1.2453834648206266,373184.5733558919
2025-06-05 00:00:00+00:00,1.2437673090636525,522.6599731445312,1508842.3412419667,0.8016856079657237,1.2473717752492761,373245.0085242993
2025-06-06 00:00:00+00:00,1.246120637002392,528.2100219726562,1528767.5030417135,0.8037375736824871,1.2441871983392498,373305.4534798464
2025-06-09 00:00:00+00:00,1.2432076126192138,529.010009765625,1531587.7871764023,0.804002633173917,1.2437770210432708,373365.90822411823
2025-06-10 00:00:00+00:00,1.2428122227737548,528.8900146484375,1531095.222799291,0.8039264172012222,1.2438949369040335,373426.3727587001
2025-06-11 00:00:00+00:00,1.2408810071843366,530.1099853515625,1535427.8368006279,0.8043459719609345,1.2432461090867104,373486.84708517743
2025-06-12 00:00:00+00:00,1.241941061832434,530.8400268554688,1537996.2164733943,0.8045834050399795,1.2428792263622568,373547.33120513597
2025-06-13 00:00:00+00:00,1.2412861430639548,525.72998046875,1519534.555154446,0.8026520197250202,1.245869910528088,373607.8251201617
2025-06-16 00:00:00+00:00,1.2451552973827218,530.4500122070312,1536470.7844653237,0.804376379589004,1.243199110982038,373668.3288318409
2025-06-17 00:00:00+00:00,1.2410299360771768,527.9099731445312,1527263.6447871872,0.8034033038677603,1.2447048639030733,373728.84234176006
2025-06-18 00:00:00+00:00,1.2440316472582837,527.4000244140625,1525366.8070398346,0.8031813438903237,1.2450488393522152,373789.365651506
2025-06-20 00:00:00+00:00,1.2441324930815278,524.8800048828125,1516231.7376629754,0.8022043643206554,1.246565145337806,373849.89876266563
2025-06-23 00:00:00+00:00,1.2454285200620767,523.6500244140625,1513338.195209934,0.8025541252614905,1.2460218800497438,372314.3079366343
2025-06-24 00:00:00+00:00,1.241426105080654,536.27001953125,1558722.2326346147,0.8071693788426759,1.238897344487728,372374.6021703918
2025-06-25 00:00:00+00:00,1.2369757399453587,539.3800048828125,1569860.9191636299,0.8082501638982896,1.2372407017857905,372434.90616846556
2025-06-26 00:00:00+00:00,1.2362760041108671,541.52001953125,1577506.7522352515,0.8089770034856126,1.236129081162175,372495.2199324367
2025-06-27 00:00:00+00:00,1.2336226396222494,544.5399780273438,1588321.234455849,0.8100056323482371,1.234559316706184,372555.54346388683
2025-06-30 00:00:00+00:00,1.232686532380739,549.010009765625,1604357.389541577,0.8115220457883885,1.232252414077681,372615.87676439784
2025-07-01 00:00:00+00:00,1.2308894635741232,544.6599731445312,1588632.657926714,0.8099859618946137,1.2345892978946575,372676.2198355516
2025-07-02 00:00:00+00:00,1.7518101214792399,546.1199951171875,1590733.426023797,0.5700848357129427,1.7541248904637317,1199611.670657193
2025-07-03 00:00:00+00:00,1.7429567431070419,553.1799926757812,1626611.5018507405,0.5755029236413853,1.737610633969833,1199805.9411027469
2025-07-07 00:00:00+00:00,1.7306338347314463,549.5800170898438,1608023.4873641396,0.5726530976112075,1.7462579075734468,1200000.2430093198
2025-07-08 00:00:00+00:00,1.7404933383787093,551.0999755859375,1615595.2288003846,0.5737627239884602,1.742880738310411,1200194.5763820072
2025-07-09 00:00:00+00:00,1.739978746609936,553.0999755859375,1625619.6624682762,0.575235213489178,1.7384193049211043,1200388.9412259047
2025-07-10 00:00:00+00:00,1.7311801279078272,552.75,1623637.1011497017,0.5748974403355982,1.739440689484105,1200583.337546109
2025-07-11 00:00:00+00:00,1.7332108695226431,552.0499877929688,1619866.031498371,0.574289470123675,1.7412821443246151,1200777.765347717
2025-07-14 00:00:00+00:00,1.7362889049137682,551.6300048828125,1617525.7118416196,0.5738963619264522,1.7424748897923057,1200972.2246358274
2025-07-15 00:00:00+00:00,1.7318865105295689,556.6599731445312,1643031.3371555079,0.577678244196205,1.7310674411694758,1201166.7154155392
2025-07-16 00:00:00+00:00,1.7309310664114164,551.5599975585938,1616779.0034152241,0.5737042393532666,1.7430584112944574,1201361.2376919524
2025-07-17 00:00:00+00:00,1.7298423697994454,557.2100219726562,1645452.6801740078,0.5779584769636259,1.73022810436767,1201555.7914701675
2025-07-18 00:00:00+00:00,1.7199667115931765,559.97998046875,1659410.918767689,0.579978109365685,1.7242030067198362,1201750.3767552862
2025-07-21 00:00:00+00:00,1.721359934942028,562.0599975585938,1669843.9397416608,0.5814647171253894,1.7197948053387322,1201944.9935524105
2025-07-22 00:00:00+00:00,1.7151775143279542,558.6099853515625,1652021.8016239938,0.5788116174688325,1.7276778313003496,1202139.6418666441
2025-07-23 00:00:00+00:00,1.7217844044595527,559.5800170898438,1656783.4012293157,0.5794736564852122,1.7257039881079035,1202334.321703091
2025-07-24 00:00:00+00:00,1.7163591181787028,563.2899780273438,1675544.361519012,0.5821756890116104,1.7176945359874978,1202529.0330668555
2025-07-25 00:00:00+00:00,1.7139498270851388,564.27001953125,1680357.0419536282,0.5828338323057701,1.715754893712782,1202723.775963044
2025-07-28 00:00:00+00:00,1.7112135690650856,566.8699951171875,1693446.5808440433,0.584679936441083,1.7103374644372937,1202918.5503967623
2025-07-29 00:00:00+00:00,1.7076259464637693,566.530029296875,1691514.7537583532,0.5843634102211237,1.71126388563856,1203113.3563731182
2025-07-30 00:00:00+00:00,1.7096990112210932,565.0499877929688,1683757.7932754997,0.5832072424934043,1.714656347072558,1203308.1938972198
2025-07-31 00:00:00+00:00,1.70827294843422,563.8699951171875,1677533.8704989452,0.5822673951203603,1.7174240020657352,1203503.0629741761
2025-08-01 00:00:00+00:00,1.714941557742666,551.6799926757812,1615055.3804605487,0.572967969637518,1.7452982592249255,1203697.9636090966
2025-08-04 00:00:00+00:00,1.7401468575878278,558.9500122070312,1652005.8806458623,0.5784539334050435,1.7287461321484052,1203892.895807092
2025-08-05 00:00:00+00:00,1.7173206191962558,559.72998046875,1655796.0861357278,0.5789731742856561,1.7271957396537614,1204087.859573274
2025-08-06 00:00:00+00:00,1.7259859318865929,560.6300048828125,1660199.6748677448,0.5795810089981464,1.725384345716542,1204282.8549127548
2025-08-07 00:00:00+00:00,1.7107506817816043,565.1099853515625,1682894.656823306,0.5828463886436505,1.715717930975112,1204477.8818306478
2025-08-08 00:00:00+00:00,1.7068546686199106,570.1500244140625,1708451.1701575052,0.5864670042741117,1.705125766176276,1204672.9403320663
2025-08-11 00:00:00+00:00,1.6959676658944325,571.5700073242188,1715511.3396919814,0.5874275641198464,1.7023375494786637,1204868.0304221257
2025-08-12 00:00:00+00:00,1.6996702678885331,572.489990234375,1720016.7780047539,0.5880238554505628,1.700611277468952,1205063.1521059414
2025-08-13 00:00:00+00:00,1.685222974502028,578.9400024414062,1752777.3122931835,0.5925477373618712,1.687627741947306,1205258.3053886294
2025-08-14 00:00:00+00:00,1.6848328610986187,577.9099731445312,1747319.296483502,0.5917554186082479,1.6898873564215167,1205453.4902753078
2025-08-15 00:00:00+00:00,1.6859159642815758,575.5700073242188,1735168.260366592,0.5900293285016787,1.6948310053322289,1205648.706771094
2025-08-18 00:00:00+00:00,1.6912283076562142,575.239990234375,1733286.8231832988,0.5897276964057966,1.695697872246264,1205843.9548811072
2025-08-19 00:00:00+00:00,1.6918839386569702,568.25,1697376.8925517118,0.5846137164674156,1.7105311966380057,1206039.2346104672
2025-08-20 00:00:00+00:00,1.708334956586826,558.8400268554688,1649102.271415227,0.5775508729399871,1.7314492053480273,1206234.5459642946
2025-08-21 00:00:00+00:00,1.7157920213748545,560.97998046875,1659840.8058311595,0.5790942247201863,1.7268346968633506,1206429.8889477104
2025-08-22 00:00:00+00:00,1.7217248005448498,563.27001953125,1671346.1550949402,0.5807375793442303,1.7219481493331315,1206625.263565837
2025-08-25 00:00:00+00:00,1.703244489858177,569.1599731445312,1701244.8734459328,0.5850091231207637,1.7093750515640582,1206820.669823798
2025-08-26 00:00:00+00:00,1.7069121941471992,568.7999877929688,1699210.126655608,0.5846792333483805,1.710339521164678,1207016.1077267164
2025-08-27 00:00:00+00:00,1.7022937760588184,570.3699951171875,1707036.4513567195,0.5857553765440595,1.707197304615405,1207211.577279718
2025-08-28 00:00:00+00:00,1.7006541876803352,572.4600219726562,1717519.731808642,0.5872009261094969,1.7029945893060927,1207407.078487927
2025-08-29 00:00:00+00:00,1.6934637015441734,568.5399780273438,1697295.1293228436,0.5842873935128362,1.7114865237598713,1207602.6113564712
2025-09-02 00:00:00+00:00,1.7075248568988914,559.5399780273438,1651114.971485785,0.577532400031487,1.7315045873538526,1207798.1758904771
2025-09-03 00:00:00+00:00,1.7179957125765322,566.72998046875,1687655.9684051923,0.5828246230200569,1.7157820045732468,1207993.7720950725
2025-09-04 00:00:00+00:00,1.7086164940771202,569.030029296875,1699212.2082958212,0.5844435813276593,1.7110291428444406,1208189.399975387
2025-09-05 00:00:00+00:00,1.6980161861816798,571.530029296875,1711790.046874395,0.5861943152368965,1.7059189657884584,1208385.0595365497
2025-09-08 00:00:00+00:00,1.6965014463478665,577.77001953125,1743476.9570875596,0.5905971798717963,1.6932014477567854,1208580.7507836912
2025-09-09 00:00:00+00:00,1.6909740467580687,577.0399780273438,1739551.160632477,0.5900128399445597,1.6948783692469551,1208776.473721943
2025-09-10 00:00:00+00:00,1.6878675159081202,578.5499877929688,1747070.6487708606,0.5910166805390439,1.691999621885355,1208972.2283564375
2025-09-11 00:00:00+00:00,1.6876756148808445,581.6199951171875,1762560.7555729449,0.5931095641058861,1.686029126014014,1209168.0146923074
2025-09-12 00:00:00+00:00,1.6811715319427525,584.0999755859375,1775036.1478922307,0.5947715317701342,1.6813178617070688,1209363.8327346868
2025-09-15 00:00:00+00:00,1.6763340293078228,588.2899780273438,1796248.6934945255,0.5975925504256242,1.6733809671619375,1209559.6824887104
2025-09-16 00:00:00+00:00,1.6669496782856066,590.489990234375,1807293.5527572874,0.5990268911246669,1.669374137983205,1209755.5639595133
2025-09-17 00:00:00+00:00,1.6680709281691375,584.3699951171875,1775828.1410667314,0.5947619610740139,1.6813449168709649,1209951.477152232
2025-09-18 00:00:00+00:00,1.6704840096711335,592.9600219726562,1819522.0729704069,0.6005678427788164,1.6650908170058163,1210147.4220720043
2025-09-19 00:00:00+00:00,1.6607122281852837,595.8499755859375,1834100.426961255,0.60244353149276,1.6599066098728918,1210334.9949224254
2025-09-22 00:00:00+00:00,1.6535344994765122,597.719970703125,1846126.8190100202,0.6044966863030349,1.6542687870065491,1207863.154533945
2025-09-23 00:00:00+00:00,1.6462557934082198,596.97998046875,1842158.3591506395,0.6039449487191763,1.65578005432575,1208050.7088404407
2025-09-24 00:00:00+00:00,1.6535684618942648,593.3599853515625,1823474.7753630274,0.6014668059555885,1.6626021421269235,1208238.2922699524
2025-09-25 00:00:00+00:00,1.6575537814523928,588.5,1798455.5572670451,0.5981132212689781,1.671924251863827,1208425.904827002
2025-09-26 00:00:00+00:00,1.6624575500244203,591.0599975585938,1811347.9651989057,0.5997917384616772,1.6672453718098244,1208613.5465161125
2025-09-29 00:00:00+00:00,1.6581303235768063,597.4099731445312,1843604.8549069492,0.603984139485326,1.6556726155957202,1208801.2173418077
2025-09-30 00:00:00+00:00,1.6532827168191129,596.0999755859375,1836723.8543890428,0.6030522219484501,1.6582311839744481,1208988.9173086116
2025-10-01 00:00:00+00:00,1.6505042715822225,596.3400268554688,1837762.6430545244,0.6031503973191512,1.6579612720885928,1209176.6464210493
2025-10-02 00:00:00+00:00,1.645559239113002,602.9299926757812,1871245.651250604,0.6074269762399757,1.6462884249726355,1209364.4046836463
2025-10-03 00:00:00+00:00,1.6413848382133984,601.3900146484375,1863189.5012463168,0.6063606014395173,1.6491836666596933,1209552.192100929
2025-10-06 00:00:00+00:00,1.646012628125885,605.969970703125,1886402.508727672,0.6092750892839008,1.6412947412232621,1209740.0086774249
2025-10-07 00:00:00+00:00,1.6382864964113952,603.030029296875,1871193.3285539676,0.6073092285027459,1.6466076144856057,1209927.8544176612
2025-10-08 00:00:00+00:00,1.6440050802132693,605.260009765625,1882399.3141931533,0.6086952812526855,1.6428581439665764,1210115.7293261667
2025-10-09 00:00:00+00:00,1.6322525106531502,607.47998046875,1893553.7906272467,0.6100646153703482,1.6391706301355244,1210303.9695507283
2025-10-10 00:00:00+00:00,1.6336649367392644,589.0499877929688,1799199.33025709,0.5978018972445959,1.6727949586798336,1210492.239057103
2025-10-13 00:00:00+00:00,1.6719362557804578,597.22998046875,1840805.8799552084,0.6032489180401817,1.657690499054308,1210680.5378498454
2025-10-14 00:00:00+00:00,1.6490787807042213,590.1300048828125,1804340.9418958833,0.598413064726266,1.6710865102141998,1210868.8659335107
2025-10-15 00:00:00+00:00,1.6564569276117673,595.9299926757812,1833787.0378303314,0.6022597152939297,1.6604132313780198,1211057.223312656
2025-10-16 00:00:00+00:00,1.6490385159552985,595.5,1831401.6468934722,0.6019106035867717,1.6613762808646706,1211245.609991838
2025-10-17 00:00:00+00:00,1.6531940104152056,596.3699951171875,1835658.0468569712,0.602429398353848,1.6599455516821102,1211434.3624327288
2025-10-20 00:00:00+00:00,1.646344767460369,607.0700073242188,1890139.899410829,0.6093759815892097,1.6410229976443613,1211623.144287541
2025-10-21 00:00:00+00:00,1.633369887234777,609.3200073242188,1901447.2364632739,0.6107577683652542,1.6373103246424294,1211811.9555608593
2025-10-22 00:00:00+00:00,1.6338019510033168,599.739990234375,1852310.2635765595,0.6044785360912438,1.6543184584622765,1212000.7962572675
2025-10-23 00:00:00+00:00,1.6441025042064235,604.52001953125,1876544.471585084,0.6075448347977809,1.6459690589466476,1212189.666381351
2025-10-24 00:00:00+00:00,1.6354835921267117,615.1300048828125,1930566.2232890672,0.6142539410512621,1.6279911827485463,1212378.5659376953
2025-10-27 00:00:00+00:00,1.6247340155140617,624.030029296875,1975851.0724145307,0.6196962634236461,1.6136937706793382,1212567.4949308874
2025-10-28 00:00:00+00:00,1.6073176386611572,629.25,2002332.691581939,0.6227922124514252,1.605671972139496,1212756.7901898182
2025-10-29 00:00:00+00:00,1.6000526106115525,630.25,2007252.7660278098,0.6233319245758019,1.6042817006052328,1212946.1149998421
2025-10-30 00:00:00+00:00,1.5959085670430913,625.9400024414062,1985041.9133432924,0.6206791168230814,1.6111384657477374,1213135.4693655728
2025-10-31 00:00:00+00:00,1.6109655033503925,626.6900024414062,1988693.0034110332,0.6210765600634819,1.610107455830868,1213316.428739753
2025-11-03 00:00:00+00:00,1.606399464146552,629.8499755859375,2004657.9185094023,0.6229214940353213,1.6053387298003519,1213497.0780746988
2025-11-04 00:00:00+00:00,1.2647138462018148,618.4600219726562,1927932.303011218,0.7860513298440449,1.2721815510424785,524747.604538491
2025-11-05 00:00:00+00:00,1.2717399744906348,617.2100219726562,1922896.7960425066,0.7855860532497323,1.272935022030116,524825.8793895013
2025-11-06 00:00:00+00:00,1.2695604503742863,610.2999877929688,1895414.7948195285,0.7831260365134344,1.2769336650484935,524904.1659165102
2025-11-07 00:00:00+00:00,1.2761421181588997,598.6699829101562,1849214.3896274979,0.7788799764887506,1.283894862091686,524982.4641212595
2025-11-10 00:00:00+00:00,1.2773113515800403,616.8900146484375,1921392.8209581035,0.7853788131986602,1.273270914868761,525060.7740054909
2025-11-11 00:00:00+00:00,1.2697411385833417,617.52001953125,1923812.9637441565,0.7855657918767868,1.272967853667496,525139.0955709467
2025-11-12 00:00:00+00:00,1.270707789025681,617.8099975585938,1924884.621208195,0.7856344682404306,1.2728565769774325,525217.4288193694
2025-11-13 00:00:00+00:00,1.2710306087087868,606.0800170898438,1878287.687539305,0.7814530752886021,1.279667367910332,525295.7737525017
2025-11-14 00:00:00+00:00,1.2783041159981874,597.1699829101562,1842873.898919937,0.7781591128043227,1.2850842244797587,525374.2762875792
2025-11-17 00:00:00+00:00,1.278088522669309,599.8699951171875,1853503.0544377968,0.779124613993774,1.2834917316679602,525452.7905544245
2025-11-18 00:00:00+00:00,1.2812113607705222,591.3400268554688,1819596.5023334578,0.7759050435025207,1.2888175020565533,525531.3165547906
2025-11-19 00:00:00+00:00,1.2857225600903788,594.5900268554688,1832406.7681038408,0.777096628879257,1.2868412535030789,525609.8542904314
2025-11-20 00:00:00+00:00,1.2836005025113544,584.75,1793304.780897593,0.7733117944285735,1.2931394648376393,525688.4037631003
2025-11-21 00:00:00+00:00,1.2925442873207549,580.739990234375,1777323.3803241798,0.7717124011015057,1.2958195288460408,525766.9649745515
2025-11-24 00:00:00+00:00,1.2897866636399955,595.1599731445312,1834431.3693073369,0.7772102348182514,1.2866531540643538,525845.5379265394
2025-11-25 00:00:00+00:00,1.2805872476941969,597.3200073242188,1842919.017261761,0.7779827149522075,1.285375601257968,525924.1226208184
2025-11-26 00:00:00+00:00,1.2784430512925824,610.3900146484375,1894673.2688924042,0.782704202595795,1.277621861085651,526002.7190591433
2025-11-28 00:00:00+00:00,1.2753853655100185,615.4199829101562,1914542.4368826859,0.7844480026065502,1.2747817531273167,526081.3272432694
2025-12-01 00:00:00+00:00,1.2726189301952562,612.52001953125,1902963.0375356444,0.7833950504082621,1.276495172491651,526160.0933086539
2025-12-02 00:00:00+00:00,1.2738414977963999,617.5900268554688,1922990.8221929078,0.7851410700295947,1.2736564652799356,526238.8711670687
2025-12-03 00:00:00+00:00,1.2711900751908614,618.030029296875,1924656.987927222,0.7852618911871493,1.2734604992586769,526317.6608202795
2025-12-04 00:00:00+00:00,1.2704016588105118,619.5399780273438,1930566.3195516586,0.7857531802416003,1.272664273140484,526396.4622700524
2025-12-05 00:00:00+00:00,1.2707730966355726,623.7100219726562,1947025.0069259014,0.7871537435209244,1.270399852927102,526475.2755181533
2025-12-08 00:00:00+00:00,1.2694285283583497,621.6900024414062,1938935.2173187486,0.7864301837583996,1.2715686918588713,526554.1005663491
2025-12-09 00:00:00+00:00,1.270137640198617,621.0,1936119.9786576263,0.7861608714462791,1.2720042885883227,526632.9374164061
2025-12-10 00:00:00+00:00,1.2697663995693762,620.989990234375,1936001.4334186227,0.7861254075781334,1.2720616715350337,526711.7860700915
2025-12-11 00:00:00+00:00,1.268421692793264,617.719970703125,1922954.3762828838,0.7849610299750825,1.2739485933865322,526790.6465291725
2025-12-12 00:00:00+00:00,1.269578698973385,611.3599853515625,1897656.8233627179,0.7826929547708884,1.2776402213722775,526865.8605270381
2025-12-15 00:00:00+00:00,1.276335078967069,609.3200073242188,1889491.4829487219,0.7819342893339744,1.278879841491242,526941.0852637911
2025-12-16 00:00:00+00:00,1.2781675787694173,606.9099731445312,1879858.5683993038,0.7810370937355976,1.2803489207114755,527016.320740965
2025-12-17 00:00:00+00:00,1.277515319050363,600.280029296875,1853490.3857160495,0.7785870944843715,1.2843778263011947,527091.566960093
2025-12-18 00:00:00+00:00,1.2842987821708491,606.9199829101562,1879747.7618028773,0.7809781755243342,1.280445512230375,527166.823922709
2025-12-19 00:00:00+00:00,1.2791557169282637,611.8699951171875,1899303.181691807,0.782719037873748,1.2775976456590281,527242.0916303468
2025-12-22 00:00:00+00:00,1.2746272945343666,617.77001953125,1924987.7610349758,0.785727408214094,1.2727060168015945,524955.7447036678
2025-12-23 00:00:00+00:00,1.2718993898468085,617.780029296875,1924952.5056056334,0.7857002871610288,1.2727499484737375,525030.6967183282
2025-12-24 00:00:00+00:00,1.2703383754810134,621.719970703125,1940502.5061542299,0.7870279362458658,1.2706029277308934,525105.6594344707
2025-12-26 00:00:00+00:00,1.2693862179522666,623.1400146484375,1946059.1226984775,0.7874829297021031,1.2698687962395452,525180.6328536234
2025-12-29 00:00:00+00:00,1.269456960642962,618.72998046875,1928494.888114221,0.7859376428502376,1.2723655739066726,525255.616977314
2025-12-30 00:00:00+00:00,1.2711722106073857,619.219970703125,1930363.0895462262,0.7860764917393528,1.2721408291797383,525330.6118070714
2025-12-31 00:00:00+00:00,1.272023458038478,614.0499877929688,1909785.0397447187,0.7842445658967593,1.2751124374786469,525405.6173444239
2026-01-02 00:00:00+00:00,1.274963977219038,610.1500244140625,1894243.6045224238,0.7828344960495907,1.277409216183356,525480.6335909002
2026-01-05 00:00:00+00:00,1.7516616438739825,616.719970703125,1923594.277925938,0.5733304597702543,1.744194788465837,1431528.8367551882
2026-01-06 00:00:00+00:00,1.7415313242038757,618.5399780273438,1933291.2185464925,0.574525163095028,1.7405678014395294,1431733.2272613249
2026-01-07 00:00:00+00:00,1.7305358605004073,622.5599975585938,1954956.7902502818,0.5772122002911848,1.732465113342255,1431937.646949884
2026-01-08 00:00:00+00:00,1.7295011783387018,617.7999877929688,1928856.6033588212,0.5738938857153391,1.7424824081433352,1432142.0958250316
2026-01-09 00:00:00+00:00,1.73693286903884,619.0599975585938,1935506.9185381443,0.5747004502687412,1.7400369175496218,1432346.5738909356
2026-01-12 00:00:00+00:00,1.7245788679194396,622.260009765625,1952711.3414775687,0.5768271695642722,1.733621529574252,1432551.0811517634
2026-01-13 00:00:00+00:00,1.723721578713981,623.7000122070312,1960340.807005376,0.5777439134305231,1.7308706794714774,1432755.6176116834
2026-01-14 00:00:00+00:00,1.7257549352068349,614.5599975585938,1910412.0944485334,0.571402744222486,1.75007909939374,1432960.1832748647
2026-01-15 00:00:00+00:00,1.739569836031768,620.75,1943882.7837549797,0.5756160516321086,1.7372691348071132,1433164.7781454767
2026-01-16 00:00:00+00:00,1.735149915681366,618.8800048828125,1933504.88145889,0.5742729661238752,1.7413321869382443,1433369.4022276897
2026-01-20 00:00:00+00:00,1.7364008203557761,607.0499877929688,1868941.7418612717,0.5659145501559861,1.7670512265930687,1433574.0555256745
2026-01-21 00:00:00+00:00,1.7648026915223889,607.8599853515625,1873143.6647084577,0.5664310910802156,1.76543981385793,1433778.7380436023
2026-01-22 00:00:00+00:00,1.7471679868341274,617.780029296875,1926906.6697919692,0.5733322427197163,1.7441893643662874,1433983.4497856454
2026-01-23 00:00:00+00:00,1.7379804163492512,618.6500244140625,1931434.9371009192,0.5738714240209021,1.7425506100188342,1434188.1907559757
2026-01-26 00:00:00+00:00,1.7341346288702253,622.1199951171875,1950107.7441882675,0.5761877198673971,1.7355454924137195,1434392.960958767
2026-01-27 00:00:00+00:00,1.72875512269146,627.3400268554688,1978301.3264722503,0.579654210721569,1.7251664552823196,1434597.7603981928
2026-01-28 00:00:00+00:00,1.7176864919126786,631.8099975585938,2002414.3450167512,0.5825685091778682,1.7165363116025942,1434802.5890784275
2026-01-29 00:00:00+00:00,1.7138019554867432,618.27001953125,1928548.3517142844,0.5733659457795763,1.7440868390611362,1435007.447003646
2026-01-30 00:00:00+00:00,1.7213769340134628,619.2999877929688,1933946.7699077232,0.5740146755202046,1.7421157378837806,1435212.334178024
2026-02-02 00:00:00+00:00,1.7367890961951973,618.6599731445312,1930260.0010304141,0.5735131020337912,1.7436393282974731,1435417.250605737
2026-02-03 00:00:00+00:00,1.7282857205821904,610.9600219726562,1888165.2424869803,0.5680764120046143,1.760326566757497,1435622.1962909624
2026-02-04 00:00:00+00:00,1.7483383916685151,600.469970703125,1830891.5570060643,0.5604680749451236,1.7842229463255541,1435827.171237877
2026-02-05 00:00:00+00:00,1.772109353464171,594.760009765625,1799622.8239772832,0.5561850148719356,1.7979628599491393,1436032.1754506594
2026-02-06 00:00:00+00:00,1.792524334607501,598.77001953125,1821233.3260598208,0.5590943360792554,1.7886069227827828,1436237.2089334878
2026-02-09 00:00:00+00:00,1.7637839119453782,605.0700073242188,1855301.8974811775,0.5636227489537912,1.7742364052129225,1436442.271690541
2026-02-10 00:00:00+00:00,1.7537908708188858,611.010009765625,1887412.0221391288,0.5678033401463753,1.7611731550261884,1436647.363725999
2026-02-11 00:00:00+00:00,1.7601653355570417,607.6900024414062,1869145.1647924997,0.5653800645880424,1.7687217194837574,1436852.4850440419
2026-02-12 00:00:00+00:00,1.7567832989264738,599.5700073242188,1824765.0488825894,0.5594310989178481,1.7875302283594514,1437057.635648851
2026-02-13 00:00:00+00:00,1.7850259404698565,596.4199829101562,1807422.8858737652,0.5570409747494722,1.795200075631326,1437262.8155446076
2026-02-17 00:00:00+00:00,1.7822500988981709,593.3400268554688,1790461.8843586857,0.5546780552187158,1.802847598875511,1437468.0247354938
2026-02-18 00:00:00+00:00,1.7838883760886228,600.719970703125,1830405.5325018985,0.5600861077446528,1.785439749660613,1437673.263225692
2026-02-19 00:00:00+00:00,1.7737797357677336,600.75,1830363.632189151,0.5600452906440155,1.7855698756971339,1437878.531019386
2026-02-20 00:00:00+00:00,1.7792699528888853,599.22998046875,1821889.0185319197,0.5588663170623107,1.7893366793985994,1438083.828120759
2026-02-23 00:00:00+00:00,1.7673844904496117,599.0499877929688,1820704.4833761822,0.558670769466032,1.7899629883191903,1438289.1545339962
2026-02-24 00:00:00+00:00,1.784431458008471,599.72998046875,1824198.471356694,0.5591082218379468,1.7885625017509441,1438494.5102632826
2026-02-25 00:00:00+00:00,1.7698732137126874,611.0,1885305.0347253426,0.5671787721156318,1.7631125302343438,1438699.8953128036
2026-02-26 00:00:00+00:00,1.7508065935765882,603.97998046875,1846908.8191552632,0.5620856039736348,1.7790884394308486,1438905.3096867455
2026-02-27 00:00:00+00:00,1.767201474722147,602.1900024414062,1836965.4118069685,0.5607212162287806,1.7834174471329236,1439110.7533892952
2026-03-02 00:00:00+00:00,1.7717608890288226,597.989990234375,1813910.738636776,0.5575727602523828,1.793487902004672,1439316.2264246403
2026-03-03 00:00:00+00:00,1.3586785198055793,591.8699951171875,1775306.0909532986,0.7287359638493047,1.3722391230945066,660838.3825207923
2026-03-04 00:00:00+00:00,1.3640435924742944,603.4299926757812,1822792.8357905366,0.7338946205727309,1.3625934459358764,660932.7355565189
2026-03-05 00:00:00+00:00,1.3566975334968296,602.260009765625,1817882.8046539824,0.7333396021080049,1.3636247069236032,661027.1020637623
2026-03-06 00:00:00+00:00,1.3582309277012588,598.3300170898438,1801612.5245315754,0.7315497815520834,1.36696097137554,661121.4820444458
2026-03-09 00:00:00+00:00,1.3657743513035898,591.3300170898438,1772706.041503489,0.7283331602049042,1.3729980380388926,661215.8755004933
2026-03-10 00:00:00+00:00,1.3592916055353932,605.4199829101562,1830606.1141818406,0.7346177892115603,1.3612520887538881,661310.2824338286
2026-03-11 00:00:00+00:00,1.359353293805554,605.030029296875,1828906.6397071788,0.7344088301151235,1.3616394016439637,661404.7028463761
2026-03-12 00:00:00+00:00,1.359487382731236,597.0499877929688,1795966.252870761,0.7308205684049047,1.3683249257510754,661499.1367400603
2026-03-13 00:00:00+00:00,1.3681477250650473,592.5700073242188,1777432.1485587854,0.7287467798090661,1.3722187565096384,661593.584116806
2026-03-16 00:00:00+00:00,1.3712301784453318,599.1099853515625,1804256.3209431954,0.7316695160998862,1.3667372741322215,661688.0449785382
2026-03-17 00:00:00+00:00,1.365677807009004,601.8699951171875,1815522.0821069642,0.732861869733715,1.36451361613799,661782.5193271823
2026-03-18 00:00:00+00:00,1.363327474234293,594.5599975585938,1785339.550779541,0.7295388489359206,1.370728922056124,661877.0071646641
2026-03-19 00:00:00+00:00,1.3704385296460762,587.0800170898438,1754457.3541280495,0.7260537983415297,1.3773084064627512,661971.5084929091
2026-03-20 00:00:00+00:00,1.3721227146375896,578.5399780273438,1719211.929247477,0.7219702880120649,1.38509855129009,662066.023313844
2026-03-23 00:00:00+00:00,1.381880302376894,585.9600219726562,1751921.17479236,0.7263900036791391,1.3766709273737747,659897.773594791
2026-03-24 00:00:00+00:00,1.374874237008443,581.9299926757812,1735239.3039004703,0.7244558413333786,1.3803463826856246,659991.9923324652
2026-03-25 00:00:00+00:00,1.3785058597976545,585.6900024414062,1750621.320018873,0.7261856893354248,1.3770582575307408,660086.2245224817
2026-03-26 00:00:00+00:00,1.3751793559338312,573.4299926757812,1700064.7173001287,0.7202915723873192,1.3883266698312478,660180.4701667606
2026-03-27 00:00:00+00:00,1.3879885154944687,561.5700073242188,1651154.6067321962,0.714343536709621,1.3998866772227796,660274.7292672234
2026-03-30 00:00:00+00:00,1.3988823865985671,555.5999755859375,1626487.6071463036,0.7112328778136132,1.4060092428152084,660369.0018257909
2026-03-31 00:00:00+00:00,1.4032741639413275,564.2100219726562,1661832.3822296453,0.7155989668519123,1.3974307486765034,660463.2878443849
2026-04-01 00:00:00+00:00,1.3850610785799629,580.4199829101562,1728458.4893906033,0.7235022427169783,1.3821657224512334,660557.5873249272
2026-04-02 00:00:00+00:00,1.3786580727181381,571.9199829101562,1693378.0676801433,0.7193528080507778,1.3901384533546044,660651.9002693397
2026-04-06 00:00:00+00:00,1.3781348245439935,584.6900024414062,1745845.3050658044,0.7254431348387789,1.3784677970965127,660746.2266795447
2026-04-07 00:00:00+00:00,1.3750984871284857,578.4000244140625,1719861.3351407433,0.722417760037041,1.3842406088531467,660840.566557465
2026-04-08 00:00:00+00:00,1.3750932273168803,602.1199951171875,1817398.6847281242,0.7333147891512943,1.3636708474915051,660934.9199050235
2026-04-09 00:00:00+00:00,1.360430127035574,603.030029296875,1821050.030237401,0.733679225233887,1.3629934794476615,661029.2867241433
2026-04-10 00:00:00+00:00,1.3572126119370052,609.5800170898438,1847915.4835143355,0.7365032479159167,1.3577672642037901,661123.6670167479
2026-04-13 00:00:00+00:00,1.3565838420532597,608.1099853515625,1841770.4203010225,0.7358285642217864,1.3590122055911238,661218.0607847607
2026-04-14 00:00:00+00:00,1.3517178821079798,620.0999755859375,1891026.9662843463,0.7408994825926309,1.349710754960576,661312.4680301062
2026-04-15 00:00:00+00:00,1.3433582443425538,628.2000122070312,1924272.3999402802,0.7442038184524713,1.3437179106114263,661406.8887547082
2026-04-16 00:00:00+00:00,1.337084492946161,635.260009765625,1953237.006025436,0.7470105074655631,1.3386692556611726,661501.3229604915
2026-04-17 00:00:00+00:00,1.3349914400719285,644.0700073242188,1989404.6210204968,0.7504354308176323,1.3325596832634303,661595.7706493809
2026-04-20 00:00:00+00:00,1.329303009119997,642.52001953125,1982930.3902570647,0.7497976737008165,1.333693121591384,661690.2318233014
2026-04-21 00:00:00+00:00,1.330761500385822,642.2100219726562,1981559.9616782852,0.7496411593784998,1.3339715775866197,661784.7064841784
2026-04-22 00:00:00+00:00,1.3325073599922599,648.52001953125,2007437.504222462,0.7520417135525722,1.329713474637061,661879.1946339376
2026-04-23 00:00:00+00:00,1.3253177986779165,645.52001953125,1994994.964193878,0.7508537808052997,1.331817226687582,661973.6962745048
2026-04-24 00:00:00+00:00,1.3278267151525585,656.530029296875,2040217.790140035,0.7549969873549356,1.3245085963897822,662068.2114078063
2026-04-27 00:00:00+00:00,1.319767052269544,660.6900024414062,2057245.7642060034,0.7565048653032755,1.3218685640562398,662162.7400357682
2026-04-28 00:00:00+00:00,1.3196049385066528,653.8099975585938,2028833.0339472163,0.7539074485176608,1.326422761794181,662257.2821603179
2026-04-29 00:00:00+00:00,1.3239646675808854,656.5900268554688,2040181.1144833607,0.7549144267684744,1.3246534501673939,662351.8377833818
2026-04-30 00:00:00+00:00,1.3214241078782698,657.5599975585938,2044078.957185668,0.7552410128146009,1.3240806352309198,662446.4069068875
2026-05-01 00:00:00+00:00,1.3175708428737614,668.7999877929688,2090248.3181914575,0.7593201238926284,1.3169675984267801,662540.9895327626
2026-05-04 00:00:00+00:00,1.6013052009495603,668.9000244140625,2084551.0985537316,0.621489272930429,1.6090382305149495,1269571.3124811589
2026-05-05 00:00:00+00:00,1.60326269100624,677.510009765625,2127543.6154667996,0.6262461362360608,1.5968162390754523,1269752.5790518853
2026-05-06 00:00:00+00:00,1.5911042863570182,686.47998046875,2172341.211733371,0.6310771682112888,1.5845922660050877,1269933.8715034497
2026-05-07 00:00:00+00:00,1.5723194091216577,691.77001953125,2198686.1872037714,0.6338460892441908,1.577670063709658,1270115.1898395477
2026-05-08 00:00:00+00:00,1.5735237441344143,699.5,2237266.295775436,0.6378407542066419,1.5677894418079612,1270296.1812540998
2026-05-11 00:00:00+00:00,1.5532444209414173,708.9099731445312,2284270.509036531,0.6425970833933806,1.5561850899155527,1270477.1984599284
2026-05-12 00:00:00+00:00,1.5508883536460254,696.6400146484375,2222563.1672285916,0.6362502994227683,1.57170849413704,1270658.2414607091
2026-05-13 00:00:00+00:00,1.5583554823161214,704.8300170898438,2263449.9258062476,0.6404257757708163,1.5614611994596879,1270839.3102601173
2026-05-14 00:00:00+00:00,1.5494352199387365,714.219970703125,2310353.6760294004,0.6451025846075441,1.5501410533153606,1271020.4048618292
2026-05-15 00:00:00+00:00,1.5435697685217111,705.5499877929688,2266697.9212655234,0.6406903179471328,1.5608164693422384,1271201.5252695219
2026-05-18 00:00:00+00:00,1.556654231506478,698.8499755859375,2232920.332713615,0.6371938528252522,1.569381116227193,1271382.671486873
2026-05-19 00:00:00+00:00,1.560531957579262,695.25,2214687.4962319536,0.6352632901077863,1.5741504594580433,1271563.8435175598
2026-05-20 00:00:00+00:00,1.566101107502209,703.7899780273438,2257329.391386807,0.6396378598210416,1.5633846318599416,1271744.6881530823
2026-05-21 00:00:00+00:00,1.5519092166596287,706.77001953125,2272091.597169961,0.6411062637011551,1.5598038213305296,1271925.5585087307
2026-05-22 00:00:00+00:00,1.550401993967508,715.9500122070312,2317942.720888921,0.6456576519124942,1.5488084080439732,1272106.4545881632
2026-05-26 00:00:00+00:00,1.5469272195098267,724.1599731445312,2358929.706047384,0.649625085058458,1.5393494232292657,1272287.376395038
2026-05-27 00:00:00+00:00,1.532422907311832,725.4400024414062,2365167.318525444,0.6501935737926106,1.538003512041732,1272468.3239330142
2026-05-28 00:00:00+00:00,1.5334681728623087,726.4099731445312,2369850.152031976,0.6506109843140591,1.5370167797801675,1272649.297205751
2026-05-29 00:00:00+00:00,1.5267735619698874,735.25,2413996.4532269305,0.6547626501817813,1.5272709885366411,1272830.2962169093
2026-06-01 00:00:00+00:00,1.5239406815411405,735.989990234375,2417526.0245844303,0.6550607129057916,1.5265760566895976,1273011.320970149
2026-06-02 00:00:00+00:00,1.519305408060043,739.22998046875,2433591.5333020817,0.656523713230131,1.5231742279040428,1273192.3714691314
2026-06-03 00:00:00+00:00,1.5158089078337496,741.010009765625,2442336.2096909108,0.6573000677868762,1.5213751663939297,1273373.4477175183
2026-06-04 00:00:00+00:00,1.5179721013338014,732.6199951171875,2400084.342053164,0.6533261468427513,1.5306290814053238,1273554.5497189714
2026-06-05 00:00:00+00:00,1.5219166653622274,704.3200073242188,2257996.173147003,0.6393453038480121,1.5641000160340965,1273735.6774771535
2026-06-08 00:00:00+00:00,1.563174543574972,713.0700073242188,2301690.890499062,0.6437201924199993,1.5534699886306247,1273916.830995728
2026-06-09 00:00:00+00:00,1.549876164280007,686.3699951171875,2167625.5640347116,0.629808152000512,1.5877851006272574,1274098.0102783586
2026-06-10 00:00:00+00:00,1.5599853890349245,692.9299926757812,2200338.7139320783,0.6332606228162163,1.5791286619920124,1274279.2153287095
2026-06-11 00:00:00+00:00,1.5781273467148806,695.0,2210537.297288479,0.6343009264353687,1.5765387662600139,1274460.446150445
2026-06-12 00:00:00+00:00,1.5489919837893849,711.280029296875,2291990.3793431018,0.6426203562885611,1.5561287317063481,1274641.702747231
2026-06-15 00:00:00+00:00,1.5441524130996078,737.3800048828125,2422684.4293716326,0.6552209793750838,1.526202657542725,1274822.9851227326
2026-06-16 00:00:00+00:00,1.5190901731725959,729.6400146484375,2383691.4742890075,0.6515139260020932,1.534886608082706,1275004.6473981126
2026-06-17 00:00:00+00:00,1.5346392117233763,720.8499755859375,2339433.143972001,0.6472142246836614,1.5450834698337625,1275186.3355603667
2026-06-18 00:00:00+00:00,1.5431508583382272,732.510009765625,2397719.3332351996,0.6527803679355513,1.531908815154088,1275368.049613184
2026-06-22 00:00:00+00:00,1.5230378165363876,734.3900146484375,2410022.183429595,0.6544501630917208,1.5280002304160945,1272492.2681587257
2026-06-23 00:00:00+00:00,1.5241180521406301,712.1099853515625,2298120.203175825,0.6435880453868651,1.5537889604504591,1272673.5983069388
2026-06-24 00:00:00+00:00,1.5519343014225022,704.4500122070312,2259528.7908952683,0.639661190257729,1.5633276103511689,1272854.9542946974
2026-06-25 00:00:00+00:00,1.5557184178911547,705.2999877929688,2263609.5140987705,0.6400441576458976,1.5623922006850766,1273036.3361256844
2026-06-26 00:00:00+00:00,1.5489191786193581,702.8099975585938,2250942.3361360077,0.638717392251544,1.5656376546674233,1273217.7438035824
2026-06-29 00:00:00+00:00,1.5610011197270703,705.1699829101562,2262594.778326572,0.6398751826783371,1.5628047892313655,1273399.1773320746
2026-06-30 00:00:00+00:00,1.5401671367541179,723.9099731445312,2356382.849416987,0.6491478105549761,1.5404812028019779,1273580.6367148443
2026-07-01 00:00:00+00:00,1.5264877673252564,724.5999755859375,2359661.302235634,0.6494319617485508,1.5398071836618097,1273762.1219555764
2026-07-02 00:00:00+00:00,0.7938087956142181,707.5599975585938,2187266.767199085,1.266213929467836,0.7897559620279012,0.0
2026-07-06 00:00:00+00:00,0.7909320659873937,718.4500122070312,2213853.1871088855,1.2621787515956597,0.7922808070852004,0.0
2026-07-07 00:00:00+00:00,0.7932770202736109,704.9000244140625,2180772.8215752887,1.2672185001566703,0.7891298934448691,0.0
2026-07-08 00:00:00+00:00,0.7901938754692224,700.9099731445312,2171031.679626631,1.2687396876937929,0.7881837462007002,0.0
2026-07-09 00:00:00+00:00,0.7906625476934022,715.1300048828125,2205747.862031297,1.2633959224172013,0.7915175142300149,0.0
2026-07-10 00:00:00+00:00,0.7933813343308075,717.0,2210313.188802639,1.2627089641343459,0.791948127718847,0.0
2026-07-13 00:00:00+00:00,0.7938855137114952,710.0800170898438,2193419.0360069443,1.265269156645614,0.7903456705220923,0.0
2026-07-14 00:00:00+00:00,0.7907323160731531,714.3400268554688,2203819.2431788426,1.2636872080562231,0.7913350658492292,0.0
2026-07-15 00:00:00+00:00,0.7925644578862334,710.22998046875,2193785.1502401577,1.265213145691213,0.7903806591052123,0.0
2026-07-16 00:00:00+00:00,0.7921180382805517,702.6099853515625,2175182.017330208,1.2680894539095906,0.788587900417391,0.0
2026-07-17 00:00:00+00:00,0.7893751128412092,686.760009765625,2136486.5591428974,1.274276784620307,0.7847588624931023,0.0
2026-07-20 00:00:00+00:00,0.7868462610505875,695.510009765625,2157848.438049473,1.270826191772281,0.7868896678981808,0.0
2026-07-21 00:00:00+00:00,0.7870221929124408,702.7999877929688,2175645.881232525,1.2680169757484598,0.7886329750512527,0.0
2026-07-22 00:00:00+00:00,0.7900863172909438,703.6199951171875,2177647.812336807,1.2677046254959743,0.7888272866471256,0.0
2026-07-23 00:00:00+00:00,0.7892360587636782,687.7899780273438,2139001.0799754057,1.273866054030868,0.785011891034949,0.0
2026-07-24 00:00:00+00:00,0.7860302792002164,682.47998046875,2126037.477136447,1.2759968536439013,0.7837009920081472,0.0
2026-07-27 00:00:00+00:00,0.7841347836662017,675.9500122070312,2110095.4895626623,1.2786631021268984,0.7820668308459229,0.0
2026-07-28 00:00:00+00:00,0.7836115422026421,667.8800048828125,2090393.7159357893,1.2820301939079257,0.7800128302374594,0.0
2026-07-29 00:00:00+00:00,0.7819507762329428,661.1400146484375,2073938.989625136,1.2849053500180112,0.778267442022856,0.0
2026-07-30 00:00:00+00:00,0.7784213248768284,673.2999877929688,2103625.832347499,1.2797598851913912,0.7813965819458762,0.0
2026-07-31 00:00:00+00:00,0.7839664332902239,680.0499877929688,2120104.9960754295,1.2769830610476687,0.7830957437912882,0.0
2026-08-03 00:00:00+00:00,0.7850609583396161,685.8200073242188,2134191.677048588,1.2746527153957445,0.7845274151316797,0.0
2026-08-04 00:00:00+00:00,1.0314606474140737,707.530029296875,2191745.7420034907,0.9698162309293384,1.0311231840714168,68214.10616611871
2026-08-05 00:00:00+00:00,1.0304001477830225,716.9199829101562,2221728.9790548664,0.970207321956373,1.0307075378317612,68223.82667624738
2026-08-06 00:00:00+00:00,1.0306907705857535,708.5,2194824.535365017,0.9698489627571303,1.031088384274965,68233.54857154874
2026-08-07 00:00:00+00:00,1.0308126052072781,716.510009765625,2220400.0165338987,0.9701817787863554,1.0307346745379464,68243.27185222019
2026-08-10 00:00:00+00:00,1.030449081433942,720.3300170898438,2232591.9834072087,0.9703356822758811,1.0305711912547033,68252.99651845913
2026-08-11 00:00:00+00:00,1.0305475919312033,715.5,2217154.439118475,0.9701311761744117,1.0307884382639596,68262.722570463
2026-08-12 00:00:00+00:00,1.030658142722401,722.9199829101562,2240845.279510432,0.9704335343600455,1.0304672752878972,68272.4500084293
2026-08-13 00:00:00+00:00,1.030433437193768,724.030029296875,2244381.2097533606,0.9704746574146673,1.0304236100961028,68282.1788325555
2026-08-14 00:00:00+00:00,1.0300794316182955,728.3200073242188,2258074.3298670696,0.9706443861242443,1.0302434282785808,68291.90904303914
2026-08-17 00:00:00+00:00,1.030126237026304,729.27001953125,2261099.0835275617,0.9706784496409548,1.0302072744788873,68301.64064007776
2026-08-18 00:00:00+00:00,1.0301816937191695,715.9199829101562,2218447.2781426194,0.9701274231230745,1.0307924259895247,68311.37362386897
2026-08-19 00:00:00+00:00,1.0307220925289093,712.6099853515625,2207864.901947198,0.969984391567209,1.0309444241512946,68321.10799461037
2026-08-20 00:00:00+00:00,1.030789854426685,708.52001953125,2194791.1856491785,0.9698068231121567,1.0311331867009885,68330.8437524996
